Team,Rubber 1 Win %,Rubber 2 Win %,Rubber 3 Win %,Rubber 4 Win %,Rubber 5 Win %,avg_win_perc,Total Rubbers
X-Alpha 1,75.0,75.0,75.0,100.0,100.0,85.0,17
Hong Kong Football Club 3A,25.0,25.0,100.0,66.66666666666666,66.66666666666666,56.666666666666664,17
Happy Squash 1,75.0,100.0,50.0,0.0,50.0,55.0,18
NEXUS 1,66.66666666666666,100.0,33.33333333333333,33.33333333333333,0.0,46.666666666666664,15
Hong Kong Football Club 3B,75.0,0.0,33.33333333333333,66.66666666666666,50.0,45.0,15
Kowloon Cricket Club 3B,20.0,60.0,66.66666666666666,0.0,66.66666666666666,42.666666666666664,19
Kowloon Cricket Club 3A,25.0,0.0,25.0,50.0,50.0,30.0,20
United Services Recreation Club 1,0.0,20.0,25.0,25.0,66.66666666666666,27.333333333333332,21
