Team,Rubber 1 Win %,Rubber 2 Win %,Rubber 3 Win %,Rubber 4 Win %,Rubber 5 Win %,avg_win_perc,Total Rubbers
X-Alpha 1,100.0,100.0,33.33333333333333,100.0,100.0,86.66666666666666,15
Kowloon Cricket Club 4,33.33333333333333,66.66666666666666,100.0,66.66666666666666,66.66666666666666,66.66666666666666,15
Hong Kong Football Club 4B,33.33333333333333,66.66666666666666,66.66666666666666,100.0,66.66666666666666,66.66666666666666,15
Hong Kong Football Club 4A,0.0,100.0,50.0,50.0,100.0,60.0,10
United Services Recreation Club 1,66.66666666666666,66.66666666666666,33.33333333333333,66.66666666666666,33.33333333333333,53.33333333333333,15
Hong Kong Cricket Club 3,40.0,80.0,40.0,40.0,33.33333333333333,46.666666666666664,23
NEXUS 2,66.66666666666666,33.33333333333333,0.0,33.33333333333333,0.0,26.666666666666664,15
Sha Tin 2,0.0,0.0,0.0,0.0,0.0,0.0,13
