Team,Rubber 1 Win %,Rubber 2 Win %,Rubber 3 Win %,Rubber 4 Win %,Rubber 5 Win %,avg_win_perc,Total Rubbers
Friend Club,27.77777777777778,77.77777777777779,77.77777777777779,77.77777777777779,81.25,68.47222222222223,88
Kowloon Cricket Club 9,77.77777777777779,72.22222222222221,50.0,72.22222222222221,29.411764705882355,60.32679738562092,89
i-Mask Advance Squash Club 3,72.22222222222221,55.55555555555556,50.0,55.55555555555556,66.66666666666666,60.0,90
Centre Squash,61.111111111111114,55.55555555555556,66.66666666666666,27.77777777777778,33.33333333333333,48.88888888888888,90
Hong Kong Football Club 9,22.22222222222222,44.44444444444444,44.44444444444444,55.55555555555556,76.47058823529412,48.627450980392155,89
Kwai Tsing District Squash Club,38.88888888888889,44.44444444444444,61.111111111111114,41.17647058823529,52.94117647058824,47.712418300653596,88
The Best Group 2,16.666666666666664,22.22222222222222,38.88888888888889,55.55555555555556,44.44444444444444,35.55555555555556,90
HKPF Squash Team,83.33333333333334,27.77777777777778,11.11111111111111,11.76470588235294,17.647058823529413,30.326797385620914,88
