Team,Rubber 1 Win %,Rubber 2 Win %,Rubber 3 Win %,Rubber 4 Win %,Rubber 5 Win %,avg_win_perc
Squashathon MeGa,15.0,30.0,30.0,33.33333333333333,100.0,41.666666666666664
TNG 3,0.0,46.66666666666666,6.666666666666657,25.0,66.66666666666667,29.0
Fusion Squash Club 3,-6.666666666666657,6.666666666666671,26.66666666666667,66.66666666666667,50.0,28.66666666666667
RELAY 2,17.14285714285714,-2.857142857142861,31.42857142857143,40.0,15.0,20.14285714285714
Serve - Ivors,0.0,-66.66666666666666,100.0,50.0,0.0,16.66666666666667
i-Mask Advance Squash Club 6,0.0,-50.0,6.666666666666671,25.0,66.66666666666666,9.666666666666668
Electrify Squash Div 15,0.0,0.0,41.66666666666667,0.0,-50.0,-1.6666666666666714
Squash-On,0.0,25.0,50.0,-75.0,-33.33333333333333,-6.666666666666657
