Team,Rubber 1 Win %,Rubber 2 Win %,Rubber 3 Win %,Rubber 4 Win %,Rubber 5 Win %,avg_win_perc
Kinetic 2,28.57142857142857,28.57142857142857,26.19047619047619,57.14285714285714,0.0,28.095238095238095
i-Mask Advance Squash Club 2,46.66666666666666,-6.666666666666671,26.666666666666657,33.33333333333333,0.0,19.999999999999986
Squashathon Zero,15.0,-10.0,-10.0,55.0,25.0,15.0
Striving Squash,14.285714285714292,-5.357142857142854,-5.357142857142854,28.57142857142857,2.3809523809523796,6.904761904761905
Sha Tin 3,33.33333333333333,0.0,0.0,0.0,0.0,6.666666666666657
Hong Kong Football Club 8,14.285714285714292,-28.57142857142857,21.42857142857143,-14.285714285714292,-15.0,-4.428571428571431
TOMCAT,-16.666666666666657,-25.0,50.0,16.66666666666667,-50.0,-5.0
Physical Chess 3,0.0,-25.0,8.333333333333329,-16.66666666666667,0.0,-6.666666666666668
Ladies Recreation Club Div 8,-43.33333333333334,-40.0,-50.0,-25.0,-25.0,-36.66666666666667
