Team,Rubber 1 Win %,Rubber 2 Win %,Rubber 3 Win %,Rubber 4 Win %,Rubber 5 Win %,avg_win_perc,Total Rubbers
Kowloon Cricket Club 3A,57.14285714285714,57.14285714285714,85.71428571428571,85.71428571428571,83.33333333333334,73.80952380952381,34
Hong Kong Football Club 3A,57.14285714285714,85.71428571428571,57.14285714285714,100.0,57.14285714285714,71.42857142857142,35
Young Player 3,71.42857142857143,71.42857142857143,57.14285714285714,85.71428571428571,66.66666666666666,70.47619047619048,34
Kowloon Cricket Club 3B,42.857142857142854,85.71428571428571,85.71428571428571,57.14285714285714,66.66666666666666,67.61904761904762,34
Happy Squash 1,85.71428571428571,71.42857142857143,0.0,0.0,100.0,51.42857142857142,34
NEXUS 1,71.42857142857143,28.57142857142857,42.857142857142854,42.857142857142854,14.285714285714285,40.0,35
TNGX,25.0,0.0,75.0,28.57142857142857,28.57142857142857,31.428571428571423,38
Sha Tin 1,42.857142857142854,14.285714285714285,28.57142857142857,28.57142857142857,14.285714285714285,25.71428571428571,35
Hong Kong Football Club 3B,0.0,42.857142857142854,14.285714285714285,16.666666666666664,33.33333333333333,21.428571428571423,33
