Team,Rubber 1 Win %,Rubber 2 Win %,Rubber 3 Win %,Rubber 4 Win %,Rubber 5 Win %,avg_win_perc,Total Rubbers
X-Alpha 3,100.0,83.33333333333334,71.42857142857143,20.0,75.0,69.95238095238095,29
Hong Kong Football Club 7A,42.857142857142854,16.666666666666664,71.42857142857143,66.66666666666666,66.66666666666666,52.857142857142854,32
Vitality Squash 1,14.285714285714285,71.42857142857143,57.14285714285714,40.0,75.0,51.57142857142858,30
UST,71.42857142857143,57.14285714285714,28.57142857142857,57.14285714285714,28.57142857142857,48.57142857142857,35
Kinetic 1,71.42857142857143,28.57142857142857,28.57142857142857,42.857142857142854,57.14285714285714,45.71428571428571,35
Hong Kong Cricket Club 5,0.0,50.0,66.66666666666666,80.0,25.0,44.33333333333333,27
The Best Group 1,42.857142857142854,42.857142857142854,28.57142857142857,42.857142857142854,33.33333333333333,38.095238095238095,34
