Team,Rubber 1 Win %,Rubber 2 Win %,Rubber 3 Win %,Rubber 4 Win %,avg_win_perc,Total Rubbers
JESSICA L2,87.5,62.5,87.5,50.0,71.875,32
Kowloon Cricket Club L2,50.0,87.5,75.0,71.42857142857143,70.98214285714286,31
Hong Kong Football Club L2B,62.5,87.5,62.5,57.14285714285714,67.41071428571428,31
Hong Kong Football Club L2A,62.5,25.0,25.0,62.5,43.75,32
Hong Kong Cricket Club L2,12.5,37.5,25.0,25.0,25.0,32
Hong Kong Football Club L2C,25.0,0.0,25.0,33.33333333333333,20.833333333333332,30
