Team,Rubber 1 Win %,Rubber 2 Win %,Rubber 3 Win %,Rubber 4 Win %,avg_win_perc,Total Rubbers
Hong Kong Football Club M2B,50.0,87.5,50.0,83.33333333333334,67.70833333333334,30
Hong Kong Football Club M2A,75.0,25.0,71.42857142857143,71.42857142857143,60.71428571428572,30
Hong Kong Cricket Club M2B,37.5,50.0,62.5,42.857142857142854,48.214285714285715,31
Hong Kong Cricket Club M2A,50.0,37.5,50.0,50.0,46.875,32
Ladies Recreation Club M2B,12.5,75.0,42.857142857142854,25.0,38.839285714285715,27
Ladies Recreation Club M2A,75.0,25.0,25.0,16.666666666666664,35.416666666666664,30
