Team,Rubber 1 Win %,Rubber 2 Win %,Rubber 3 Win %,Rubber 4 Win %,Rubber 5 Win %,avg_win_perc,Total Rubbers
Kowloon Cricket Club L2,55.55555555555556,88.88888888888889,100.0,87.5,0.0,66.38888888888889,35
JESSICA L2,100.0,66.66666666666666,77.77777777777779,37.5,0.0,56.38888888888889,36
Hong Kong Football Club L2B,50.0,66.66666666666666,66.66666666666666,83.33333333333334,0.0,53.33333333333333,24
Hong Kong Football Club L2C,20.0,20.0,50.0,33.33333333333333,100.0,44.666666666666664,18
Hong Kong Football Club L2A,50.0,0.0,50.0,40.0,0.0,28.0,23
Hong Kong Cricket Club L2,11.11111111111111,22.22222222222222,11.11111111111111,14.285714285714285,0.0,11.746031746031745,34
