Team,Rubber 1 Win %,Rubber 2 Win %,Rubber 3 Win %,Rubber 4 Win %,Rubber 5 Win %,avg_win_perc,Total Rubbers
Hong Kong Football Club 10A,60.0,100.0,100.0,60.0,100.0,84.0,24
FC 3,50.0,75.0,75.0,75.0,100.0,75.0,20
Kowloon Cricket Club 10,83.33333333333334,83.33333333333334,83.33333333333334,50.0,66.66666666666666,73.33333333333333,30
Social Squash Team,42.857142857142854,42.857142857142854,85.71428571428571,71.42857142857143,42.857142857142854,57.14285714285713,35
Hong Kong Football Club 10B,80.0,60.0,60.0,40.0,40.0,56.0,25
Twister 2,0.0,25.0,25.0,50.0,100.0,40.0,20
HKU,60.0,40.0,40.0,40.0,0.0,36.0,24
The Hong Kong Jockey Club Div 10,40.0,0.0,40.0,20.0,80.0,36.0,25
The Best Group,66.66666666666666,33.33333333333333,0.0,66.66666666666666,0.0,33.33333333333333,15
