Team,Rubber 1 Win %,Rubber 2 Win %,Rubber 3 Win %,Rubber 4 Win %,Rubber 5 Win %,avg_win_perc,Total Rubbers
Vitality Squash 1,50.0,50.0,66.66666666666666,100.0,100.0,73.33333333333333,30
Banbil,60.0,100.0,20.0,80.0,80.0,68.0,25
Xavier,100.0,80.0,100.0,40.0,0.0,64.0,23
Hong Kong Football Club 11,42.857142857142854,71.42857142857143,57.14285714285714,83.33333333333334,50.0,60.95238095238095,33
RELAY 1,0.0,50.0,75.0,75.0,25.0,45.0,20
TOMCAT,80.0,40.0,20.0,20.0,0.0,32.0,23
Hong Kong Cricket Club 5,28.57142857142857,0.0,0.0,57.14285714285714,25.0,22.142857142857142,32
