Team,Rubber 1 Win %,Rubber 2 Win %,Rubber 3 Win %,Rubber 4 Win %,Rubber 5 Win %,avg_win_perc,Total Rubbers
Xavier,100.0,80.0,100.0,60.0,33.33333333333333,74.66666666666666,23
Vitality Squash 1,40.0,60.0,60.0,100.0,100.0,72.0,25
Hong Kong Football Club 11,50.0,50.0,75.0,100.0,50.0,65.0,20
Banbil,60.0,80.0,20.0,60.0,100.0,64.0,25
TOMCAT,80.0,40.0,40.0,40.0,25.0,45.0,24
RELAY 1,0.0,40.0,60.0,60.0,40.0,40.0,25
Hong Kong Cricket Club 5,25.0,0.0,0.0,75.0,50.0,30.0,18
