Team,Rubber 1 Win %,Rubber 2 Win %,Rubber 3 Win %,Rubber 4 Win %,Rubber 5 Win %,avg_win_perc,Total Rubbers
Vitality Squash 1,62.5,62.5,75.0,100.0,87.5,77.5,40
Xavier,100.0,85.71428571428571,100.0,57.14285714285714,25.0,73.57142857142858,32
Hong Kong Football Club 11,44.44444444444444,77.77777777777779,66.66666666666666,87.5,62.5,67.77777777777779,43
Banbil,57.14285714285714,85.71428571428571,42.857142857142854,57.14285714285714,85.71428571428571,65.71428571428571,35
RELAY 1,0.0,50.0,75.0,75.0,25.0,45.0,20
TOMCAT,83.33333333333334,50.0,16.666666666666664,16.666666666666664,0.0,33.33333333333333,27
Hong Kong Cricket Club 5,22.22222222222222,0.0,11.11111111111111,66.66666666666666,40.0,28.0,41
