Team,Rubber 1 Win %,Rubber 2 Win %,Rubber 3 Win %,Rubber 4 Win %,Rubber 5 Win %,avg_win_perc,Total Rubbers
Squashathon Zero,88.88888888888889,66.66666666666666,77.77777777777779,55.55555555555556,87.5,75.27777777777777,44
Hong Kong Cricket Club 6,57.14285714285714,85.71428571428571,85.71428571428571,100.0,33.33333333333333,72.38095238095238,34
i-Mask Advance Squash Club 3,85.71428571428571,42.857142857142854,71.42857142857143,85.71428571428571,66.66666666666666,70.47619047619048,34
Sha Tin Squash Rackets Club 3,28.57142857142857,57.14285714285714,57.14285714285714,57.14285714285714,50.0,49.99999999999999,34
MERCURY,11.11111111111111,33.33333333333333,55.55555555555556,62.5,75.0,47.5,43
Ladies Recreation Club Div 12,50.0,12.5,75.0,50.0,33.33333333333333,44.166666666666664,36
Kinetic 1,28.57142857142857,28.57142857142857,57.14285714285714,42.857142857142854,42.857142857142854,40.0,35
Studio Pro,50.0,25.0,0.0,62.5,20.0,31.5,37
