Team,Rubber 1 Win %,Rubber 2 Win %,Rubber 3 Win %,Rubber 4 Win %,Rubber 5 Win %,avg_win_perc,Total Rubbers
Hong Kong Cricket Club 6,57.14285714285714,85.71428571428571,85.71428571428571,100.0,33.33333333333333,72.38095238095238,34
Squashathon Zero,87.5,62.5,75.0,50.0,85.71428571428571,72.14285714285714,39
i-Mask Advance Squash Club 3,83.33333333333334,33.33333333333333,66.66666666666666,83.33333333333334,60.0,65.33333333333333,29
Sha Tin Squash Rackets Club 3,33.33333333333333,66.66666666666666,66.66666666666666,66.66666666666666,60.0,58.66666666666665,29
MERCURY,0.0,25.0,62.5,62.5,75.0,45.0,40
Ladies Recreation Club Div 12,50.0,12.5,75.0,50.0,33.33333333333333,44.166666666666664,36
Kinetic 1,28.57142857142857,28.57142857142857,57.14285714285714,42.857142857142854,42.857142857142854,40.0,35
Studio Pro,50.0,25.0,0.0,62.5,20.0,31.5,37
