Team,Rubber 1 Win %,Rubber 2 Win %,Rubber 3 Win %,Rubber 4 Win %,Rubber 5 Win %,avg_win_perc
Physical Chess 3,75.0,75.0,25.0,75.0,100.0,70.0
YLJR 2,75.0,100.0,100.0,25.0,50.0,70.0
TNG 1,25.0,75.0,50.0,75.0,100.0,65.0
Smart Squash 1,66.66666666666666,100.0,33.33333333333333,100.0,0.0,60.0
JAVA,25.0,0.0,50.0,0.0,0.0,15.0
i-Mask Advance Squash Club 4,0.0,0.0,0.0,25.0,33.33333333333333,11.666666666666666
Friend Club 4,20.0,0.0,0.0,20.0,0.0,8.0
