Team,Rubber 1 Win %,Rubber 2 Win %,Rubber 3 Win %,Rubber 4 Win %,Rubber 5 Win %,avg_win_perc,Total Rubbers
YLJR 2,66.66666666666666,100.0,100.0,66.66666666666666,100.0,86.66666666666666,14
TNG 1,33.33333333333333,100.0,66.66666666666666,100.0,100.0,80.0,15
Smart Squash 1,100.0,100.0,66.66666666666666,100.0,0.0,73.33333333333333,15
Physical Chess 3,0.0,0.0,0.0,100.0,100.0,40.0,5
i-Mask Advance Squash Club 4,0.0,0.0,0.0,50.0,50.0,20.0,10
JAVA,14.285714285714285,14.285714285714285,42.857142857142854,0.0,20.0,18.285714285714285,33
Friend Club 4,0.0,0.0,0.0,33.33333333333333,0.0,6.666666666666666,15
