Team,Rubber 1 Win %,Rubber 2 Win %,Rubber 3 Win %,Rubber 4 Win %,Rubber 5 Win %,avg_win_perc,Total Rubbers
Kinetic 2,100.0,50.0,33.33333333333333,80.0,60.0,64.66666666666666,28
Kowloon Cricket Club 13,71.42857142857143,71.42857142857143,42.857142857142854,57.14285714285714,50.0,58.57142857142858,34
Greenfield,66.66666666666666,33.33333333333333,100.0,33.33333333333333,33.33333333333333,53.33333333333333,15
Hong Kong Football Club 13,71.42857142857143,42.857142857142854,50.0,33.33333333333333,66.66666666666666,52.85714285714285,32
ATM,66.66666666666666,66.66666666666666,100.0,0.0,0.0,46.666666666666664,10
Friend Club 5,0.0,66.66666666666666,33.33333333333333,50.0,50.0,40.0,13
i-Mask Advance Squash Club 5,33.33333333333333,33.33333333333333,66.66666666666666,33.33333333333333,33.33333333333333,39.999999999999986,15
Centre Squash,40.0,40.0,0.0,25.0,0.0,21.0,21
BOSS,0.0,0.0,33.33333333333333,0.0,33.33333333333333,13.333333333333332,15
