Team,Rubber 1 Win %,Rubber 2 Win %,Rubber 3 Win %,Rubber 4 Win %,Rubber 5 Win %,avg_win_perc,Total Rubbers
North District Sports Association 1,66.66666666666666,66.66666666666666,100.0,100.0,100.0,86.66666666666666,14
HKPF Squash Team,100.0,100.0,66.66666666666666,66.66666666666666,66.66666666666666,79.99999999999997,15
Alpha CUHK,66.66666666666666,33.33333333333333,100.0,100.0,66.66666666666666,73.33333333333333,15
Sea Bear,66.66666666666666,100.0,33.33333333333333,66.66666666666666,100.0,73.33333333333333,15
Sha Tin Squash Rackets Club 4,66.66666666666666,33.33333333333333,66.66666666666666,100.0,100.0,73.33333333333333,15
Star River 1,33.33333333333333,66.66666666666666,66.66666666666666,66.66666666666666,33.33333333333333,53.33333333333333,15
Craigengower Cricket Club,54.54545454545454,54.54545454545454,63.63636363636363,36.36363636363637,36.36363636363637,49.09090909090909,55
Hong Kong Racketlon Association 2,0.0,60.0,30.0,11.11111111111111,14.285714285714285,23.07936507936508,46
