Team,Rubber 1 Win %,Rubber 2 Win %,Rubber 3 Win %,Rubber 4 Win %,Rubber 5 Win %,avg_win_perc,Total Rubbers
North District Sports Association 1,60.0,60.0,80.0,100.0,100.0,80.0,25
HKPF Squash Team,100.0,100.0,60.0,60.0,60.0,76.0,25
Craigengower Cricket Club,80.0,80.0,80.0,60.0,40.0,68.0,25
Alpha CUHK,100.0,40.0,80.0,40.0,60.0,64.0,25
Sea Bear,16.666666666666664,66.66666666666666,50.0,66.66666666666666,50.0,49.99999999999999,30
Sha Tin Squash Rackets Club 4,33.33333333333333,33.33333333333333,33.33333333333333,66.66666666666666,80.0,49.33333333333333,29
Star River 1,20.0,60.0,40.0,20.0,40.0,36.0,25
Hong Kong Racketlon Association 2,0.0,50.0,33.33333333333333,16.666666666666664,0.0,20.0,29
