Team,Rubber 1 Win %,Rubber 2 Win %,Rubber 3 Win %,Rubber 4 Win %,Rubber 5 Win %,avg_win_perc
X-Alpha 4,100.0,100.0,100.0,100.0,100.0,100.0
Fusion Squash Club 2,66.66666666666666,66.66666666666666,100.0,60.0,66.66666666666666,72.0
Vitality Squash 2,75.0,50.0,50.0,50.0,25.0,50.0
i-Mask Advance Squash Club 7,0.0,40.0,50.0,50.0,100.0,48.0
Smart Squash 2,40.0,60.0,50.0,75.0,0.0,45.0
Friend Club 6,20.0,60.0,40.0,40.0,50.0,42.0
Happy Squash 3,50.0,25.0,50.0,50.0,33.33333333333333,41.666666666666664
i-Mask Advance Squash Club 8,75.0,25.0,25.0,25.0,33.33333333333333,36.666666666666664
