Team,Rubber 1 Win %,Rubber 2 Win %,Rubber 3 Win %,Rubber 4 Win %,Rubber 5 Win %,avg_win_perc
North District Sports Association 2,40.0,60.0,100.0,100.0,80.0,76.0
Squashathon 1,50.0,75.0,75.0,75.0,75.0,70.0
Bravo,50.0,75.0,75.0,25.0,25.0,50.0
X-Alpha 5,100.0,75.0,0.0,33.33333333333333,33.33333333333333,48.33333333333333
Humphrey Squash,50.0,50.0,50.0,33.33333333333333,50.0,46.666666666666664
Yuen Long District Sports Association Limited,75.0,33.33333333333333,0.0,33.33333333333333,0.0,28.333333333333332
HK Squash Gear,0.0,0.0,0.0,0.0,0.0,0.0
