Team,Rubber 1 Win %,Rubber 2 Win %,Rubber 3 Win %,Rubber 4 Win %,Rubber 5 Win %,avg_win_perc,Total Rubbers
North District Sports Association 2,33.33333333333333,66.66666666666666,100.0,100.0,83.33333333333334,76.66666666666667,30
Squashathon 1,66.66666666666666,66.66666666666666,66.66666666666666,66.66666666666666,33.33333333333333,59.999999999999986,15
X-Alpha 5,75.0,100.0,33.33333333333333,33.33333333333333,50.0,58.33333333333333,16
Bravo,50.0,100.0,50.0,50.0,0.0,50.0,10
Humphrey Squash,42.857142857142854,28.57142857142857,57.14285714285714,40.0,50.0,43.71428571428571,28
HK Squash Gear,0.0,33.33333333333333,50.0,0.0,0.0,16.666666666666664,10
Yuen Long District Sports Association Limited,42.857142857142854,16.666666666666664,0.0,16.666666666666664,0.0,15.238095238095235,31
