Team,Rubber 1 Win %,Rubber 2 Win %,Rubber 3 Win %,Rubber 4 Win %,Rubber 5 Win %,avg_win_perc,Total Rubbers
Squashathon 1,50.0,100.0,100.0,100.0,50.0,80.0,10
North District Sports Association 2,33.33333333333333,66.66666666666666,100.0,100.0,83.33333333333334,76.66666666666667,30
X-Alpha 5,100.0,100.0,0.0,50.0,50.0,60.0,12
Bravo,50.0,100.0,50.0,50.0,0.0,50.0,10
Humphrey Squash,40.0,40.0,40.0,25.0,50.0,39.0,21
Yuen Long District Sports Association Limited,75.0,33.33333333333333,0.0,33.33333333333333,0.0,28.333333333333332,16
HK Squash Gear,0.0,33.33333333333333,50.0,0.0,0.0,16.666666666666664,10
