Team,Rubber 1 Win %,Rubber 2 Win %,Rubber 3 Win %,avg_win_perc,Total Rubbers
Hong Kong Football Club 1,50.0,100.0,100.0,83.33333333333333,6
FWD,33.33333333333333,33.33333333333333,100.0,55.55555555555555,7
Kowloon Cricket Club 1A,33.33333333333333,66.66666666666666,33.33333333333333,44.444444444444436,9
Kowloon Cricket Club 1B,33.33333333333333,0.0,66.66666666666666,33.33333333333333,9
Hong Kong Cricket Club 1,33.33333333333333,0.0,33.33333333333333,22.222222222222218,9
