Team,Rubber 1 Win %,Rubber 2 Win %,Rubber 3 Win %,Rubber 4 Win %,Rubber 5 Win %,avg_win_perc,Total Rubbers
Kowloon Cricket Club 2A,100.0,50.0,25.0,100.0,50.0,65.0,18
Hong Kong Football Club 2,75.0,75.0,50.0,50.0,66.66666666666666,63.33333333333333,19
Kowloon Cricket Club 2B,75.0,100.0,75.0,50.0,0.0,60.0,19
Young Player 2,50.0,25.0,25.0,37.5,42.857142857142854,36.07142857142857,39
Hong Kong Cricket Club 2,0.0,75.0,50.0,25.0,0.0,30.0,19
