Team,Rubber 1 Win %,Rubber 2 Win %,Rubber 3 Win %,Rubber 4 Win %,Rubber 5 Win %,avg_win_perc,Total Rubbers
Kowloon Cricket Club 3,25.0,75.0,100.0,100.0,100.0,80.0,18.0
Hong Kong Football Club 3A,75.0,75.0,50.0,25.0,100.0,65.0,17.0
Young Player 3,16.666666666666664,33.33333333333333,83.33333333333334,33.33333333333333,33.33333333333333,40.0,30.0
Hong Kong Football Club 3B,0.0,50.0,50.0,100.0,0.0,40.0,7.0
Happy Squash 1,75.0,75.0,0.0,0.0,0.0,30.0,18.0
