Team,Rubber 1 Win %,Rubber 2 Win %,Rubber 3 Win %,Rubber 4 Win %,Rubber 5 Win %,avg_win_perc,Total Rubbers
Kowloon Cricket Club 3,20.0,80.0,100.0,100.0,100.0,80.0,23.0
Hong Kong Football Club 3A,80.0,60.0,60.0,40.0,100.0,68.0,21.0
Hong Kong Football Club 3B,0.0,50.0,50.0,100.0,0.0,40.0,7.0
Young Player 3,14.285714285714285,42.857142857142854,71.42857142857143,28.57142857142857,33.33333333333333,38.09523809523809,34.0
Happy Squash 1,80.0,60.0,0.0,0.0,0.0,28.0,22.0
