Team,Rubber 1 Win %,Rubber 2 Win %,Rubber 3 Win %,Rubber 4 Win %,Rubber 5 Win %,avg_win_perc,Total Rubbers
X-Alpha 1,83.33333333333334,66.66666666666666,66.66666666666666,100.0,100.0,83.33333333333333,29
Kowloon Cricket Club 4,50.0,90.0,60.0,88.88888888888889,77.77777777777779,73.33333333333334,48
TNGX,100.0,66.66666666666666,50.0,40.0,40.0,59.33333333333333,28
Friend Club 1,100.0,40.0,20.0,60.0,20.0,48.0,25
Hong Kong Football Club 4B,57.14285714285714,42.857142857142854,28.57142857142857,28.57142857142857,50.0,41.42857142857142,34
Hong Kong Football Club 4A,25.0,25.0,25.0,25.0,57.14285714285714,31.428571428571427,39
