Team,Rubber 1 Win %,Rubber 2 Win %,Rubber 3 Win %,Rubber 4 Win %,Rubber 5 Win %,avg_win_perc,Total Rubbers
X-Alpha 1,100.0,75.0,50.0,100.0,100.0,85.0,19
Kowloon Cricket Club 4,100.0,66.66666666666666,66.66666666666666,66.66666666666666,66.66666666666666,73.33333333333333,15
TNGX,100.0,66.66666666666666,33.33333333333333,33.33333333333333,33.33333333333333,53.33333333333333,15
Friend Club 1,100.0,50.0,25.0,50.0,0.0,45.0,20
Hong Kong Football Club 4B,50.0,33.33333333333333,33.33333333333333,33.33333333333333,40.0,38.0,29
Hong Kong Football Club 4A,20.0,20.0,0.0,20.0,60.0,24.0,25
