Team,Rubber 1 Win %,Rubber 2 Win %,Rubber 3 Win %,Rubber 4 Win %,Rubber 5 Win %,avg_win_perc
Hong Kong Football Club 5,50.0,100.0,83.33333333333334,83.33333333333334,66.66666666666666,76.66666666666667
X-Alpha 2,75.0,75.0,33.33333333333333,100.0,100.0,76.66666666666666
Kowloon Cricket Club 5,100.0,75.0,50.0,75.0,75.0,75.0
i-Mask Advance Squash Club 1,80.0,100.0,40.0,40.0,75.0,67.0
United Services Recreation Club 1,60.0,60.0,80.0,60.0,40.0,60.0
Sha Tin Squash Rackets Club 1,40.0,80.0,60.0,40.0,50.0,54.0
YLJR 1,75.0,50.0,66.66666666666666,33.33333333333333,33.33333333333333,51.666666666666664
Electrify Squash Div 5,40.0,40.0,40.0,60.0,25.0,41.0
Squashathon,0.0,0.0,0.0,20.0,0.0,4.0
