Team,Rubber 1 Win %,Rubber 2 Win %,Rubber 3 Win %,Rubber 4 Win %,Rubber 5 Win %,avg_win_perc,Total Rubbers
Hong Kong Football Club 5,57.14285714285714,100.0,85.71428571428571,85.71428571428571,66.66666666666666,79.04761904761904,34
X-Alpha 2,66.66666666666666,66.66666666666666,50.0,100.0,100.0,76.66666666666666,11
Kowloon Cricket Club 5,100.0,80.0,40.0,80.0,75.0,75.0,24
United Services Recreation Club 1,50.0,66.66666666666666,83.33333333333334,50.0,50.0,60.0,30
i-Mask Advance Squash Club 1,33.33333333333333,100.0,33.33333333333333,66.66666666666666,66.66666666666666,59.999999999999986,15
YLJR 1,100.0,0.0,50.0,0.0,100.0,50.0,10
Electrify Squash Div 5,33.33333333333333,33.33333333333333,33.33333333333333,50.0,20.0,34.0,29
Sha Tin Squash Rackets Club 1,0.0,50.0,50.0,0.0,0.0,20.0,9
Squashathon,0.0,0.0,0.0,33.33333333333333,0.0,6.666666666666666,15
