Team,Rubber 1 Win %,Rubber 2 Win %,Rubber 3 Win %,Rubber 4 Win %,Rubber 5 Win %,avg_win_perc,Total Rubbers
Hong Kong Football Club 5,57.14285714285714,100.0,85.71428571428571,85.71428571428571,66.66666666666666,79.04761904761904,34
X-Alpha 2,66.66666666666666,66.66666666666666,50.0,100.0,100.0,76.66666666666666,11
Kowloon Cricket Club 5,100.0,83.33333333333334,33.33333333333333,83.33333333333334,80.0,76.0,29
United Services Recreation Club 1,57.14285714285714,71.42857142857143,85.71428571428571,57.14285714285714,42.857142857142854,62.857142857142854,35
i-Mask Advance Squash Club 1,33.33333333333333,100.0,33.33333333333333,66.66666666666666,66.66666666666666,59.999999999999986,15
YLJR 1,100.0,0.0,50.0,0.0,100.0,50.0,10
Sha Tin Squash Rackets Club 1,0.0,66.66666666666666,66.66666666666666,33.33333333333333,0.0,33.33333333333333,13
Electrify Squash Div 5,28.57142857142857,28.57142857142857,33.33333333333333,50.0,20.0,32.095238095238095,31
Squashathon,0.0,0.0,0.0,25.0,0.0,5.0,20
