Team,Rubber 1 Win %,Rubber 2 Win %,Rubber 3 Win %,Rubber 4 Win %,Rubber 5 Win %,avg_win_perc,Total Rubbers
Hong Kong Cricket Club 3,100.0,50.0,50.0,83.33333333333334,66.66666666666666,70.0,30
Kowloon Cricket Club 8,62.5,75.0,75.0,62.5,71.42857142857143,69.28571428571429,39
Hong Kong Football Club 8A,60.0,20.0,40.0,80.0,80.0,56.0,25
Hong Kong Cricket Club 4,40.0,60.0,40.0,40.0,80.0,52.0,25
Physical Chess 2,33.33333333333333,66.66666666666666,50.0,33.33333333333333,66.66666666666666,49.99999999999999,30
United Services Recreation Club 2,57.14285714285714,42.857142857142854,71.42857142857143,28.57142857142857,42.857142857142854,48.57142857142857,35
Global Squash 1,85.71428571428571,28.57142857142857,28.57142857142857,14.285714285714285,71.42857142857143,45.71428571428571,35
Sha Tin Squash Rackets Club 2,28.57142857142857,71.42857142857143,28.57142857142857,42.857142857142854,16.666666666666664,37.61904761904761,34
Hong Kong Football Club 8B,16.666666666666664,0.0,50.0,16.666666666666664,25.0,21.666666666666664,28
