Team,Rubber 1 Win %,Rubber 2 Win %,Rubber 3 Win %,Rubber 4 Win %,Rubber 5 Win %,avg_win_perc,Total Rubbers
Global Squash 1,100.0,66.66666666666666,66.66666666666666,33.33333333333333,100.0,73.33333333333333,15
Kowloon Cricket Club 8,50.0,66.66666666666666,66.66666666666666,50.0,80.0,62.666666666666664,29
Hong Kong Cricket Club 4,50.0,50.0,50.0,50.0,100.0,60.0,20
Physical Chess 2,50.0,75.0,50.0,50.0,75.0,60.0,20
Hong Kong Football Club 8A,50.0,0.0,100.0,50.0,100.0,60.0,10
Hong Kong Cricket Club 3,100.0,33.33333333333333,66.66666666666666,66.66666666666666,33.33333333333333,59.999999999999986,15
United Services Recreation Club 2,60.0,40.0,80.0,40.0,40.0,52.0,25
Sha Tin Squash Rackets Club 2,20.0,60.0,40.0,60.0,20.0,40.0,25
Hong Kong Football Club 8B,0.0,0.0,66.66666666666666,33.33333333333333,50.0,30.0,14
