Team,Rubber 1 Win %,Rubber 2 Win %,Rubber 3 Win %,Rubber 4 Win %,Rubber 5 Win %,avg_win_perc,Total Rubbers
Hong Kong Cricket Club 3,100.0,50.0,75.0,75.0,50.0,70.0,20
Kowloon Cricket Club 8,50.0,66.66666666666666,66.66666666666666,50.0,80.0,62.666666666666664,29
Global Squash 1,100.0,50.0,50.0,25.0,75.0,60.0,20
Physical Chess 2,40.0,80.0,60.0,40.0,80.0,60.0,25
Hong Kong Football Club 8A,66.66666666666666,0.0,66.66666666666666,66.66666666666666,100.0,60.0,15
Hong Kong Cricket Club 4,40.0,60.0,40.0,40.0,80.0,52.0,25
United Services Recreation Club 2,50.0,33.33333333333333,83.33333333333334,33.33333333333333,50.0,50.0,30
Sha Tin Squash Rackets Club 2,20.0,60.0,40.0,60.0,20.0,40.0,25
Hong Kong Football Club 8B,0.0,0.0,50.0,25.0,50.0,25.0,18
