Team,Rubber 1 Win %,Rubber 2 Win %,Rubber 3 Win %,Rubber 4 Win %,Rubber 5 Win %,avg_win_perc,Total Rubbers
Hong Kong Cricket Club 3,100.0,50.0,50.0,83.33333333333334,66.66666666666666,70.0,30
Kowloon Cricket Club 8,57.14285714285714,71.42857142857143,71.42857142857143,57.14285714285714,66.66666666666666,64.76190476190474,34
Hong Kong Football Club 8A,50.0,25.0,50.0,75.0,100.0,60.0,20
Global Squash 1,80.0,40.0,40.0,20.0,80.0,52.0,25
Hong Kong Cricket Club 4,40.0,60.0,40.0,40.0,80.0,52.0,25
United Services Recreation Club 2,50.0,33.33333333333333,83.33333333333334,33.33333333333333,50.0,50.0,30
Physical Chess 2,33.33333333333333,66.66666666666666,50.0,33.33333333333333,66.66666666666666,49.99999999999999,30
Sha Tin Squash Rackets Club 2,16.666666666666664,66.66666666666666,33.33333333333333,50.0,16.666666666666664,36.66666666666666,30
Hong Kong Football Club 8B,16.666666666666664,0.0,50.0,16.666666666666664,25.0,21.666666666666664,28
