Team,Rubber 1 Win %,Rubber 2 Win %,Rubber 3 Win %,avg_win_perc
Kowloon Cricket Club L1B,100.0,100.0,100.0,100.0
Hong Kong Football Club L1A,100.0,100.0,66.66666666666666,88.88888888888887
Jessica,33.33333333333333,66.66666666666666,100.0,66.66666666666667
Kowloon Cricket Club L1A,75.0,75.0,50.0,66.66666666666667
Hong Kong Cricket Club L1,33.33333333333333,33.33333333333333,0.0,22.222222222222218
Hong Kong Football Club L1B,0.0,0.0,0.0,0.0
