Team,Rubber 1 Win %,Rubber 2 Win %,Rubber 3 Win %,avg_win_perc,Total Rubbers
Kowloon Cricket Club L1B,100.0,100.0,100.0,100.0,8.0
Hong Kong Football Club L1A,100.0,100.0,50.0,83.33333333333333,11.0
Jessica,33.33333333333333,66.66666666666666,100.0,66.66666666666667,9.0
Kowloon Cricket Club L1A,75.0,75.0,50.0,66.66666666666667,12.0
Hong Kong Cricket Club L1,50.0,25.0,0.0,25.0,12.0
Hong Kong Football Club L1B,0.0,0.0,0.0,0.0,3.0
