Team,Rubber 1 Win %,Rubber 2 Win %,Rubber 3 Win %,avg_win_perc,Total Rubbers
Hong Kong Football Club L1A,100.0,100.0,33.33333333333333,77.77777777777777,9
Kowloon Cricket Club L1B,100.0,66.66666666666666,50.0,72.22222222222221,8
Jessica,25.0,50.0,100.0,58.333333333333336,11
Kowloon Cricket Club L1A,66.66666666666666,66.66666666666666,33.33333333333333,55.55555555555554,9
Hong Kong Cricket Club L1,50.0,25.0,0.0,25.0,12
Hong Kong Football Club L1B,0.0,0.0,0.0,0.0,6
