Team,Rubber 1 Win %,Rubber 2 Win %,Rubber 3 Win %,Rubber 4 Win %,avg_win_perc,Total Rubbers
Kowloon Cricket Club L2,83.33333333333334,83.33333333333334,80.0,100.0,86.66666666666667,20
Hong Kong Football Club L2A,75.0,100.0,50.0,75.0,75.0,16
Hong Kong Cricket Club L2A,0.0,75.0,100.0,50.0,56.25,14
Hong Kong Football Club L2C,33.33333333333333,33.33333333333333,33.33333333333333,50.0,37.5,11
Hong Kong Football Club L2B,25.0,25.0,0.0,50.0,25.0,14
Hong Kong Cricket Club L2B,0.0,40.0,20.0,20.0,20.0,20
