Team,Rubber 1 Win %,Rubber 2 Win %,Rubber 3 Win %,Rubber 4 Win %,avg_win_perc,Total Rubbers
Hong Kong Football Club L3A,80.0,100.0,80.0,60.0,80.0,20
Hong Kong Cricket Club Rockettes,50.0,83.33333333333334,60.0,75.0,67.08333333333334,21
Hong Kong Football Club L3B,100.0,100.0,33.33333333333333,33.33333333333333,66.66666666666666,12
JESSICA Smashin' Mochi,16.666666666666664,33.33333333333333,100.0,100.0,62.5,24
Hong Kong Football Club L3C,75.0,100.0,0.0,50.0,56.25,16
Physical Chess Ladies,60.0,20.0,40.0,25.0,36.25,19
The Squash Club Ladies,20.0,0.0,20.0,20.0,15.0,20
