Team,Rubber 1 Win %,Rubber 2 Win %,Rubber 3 Win %,Rubber 4 Win %,avg_win_perc,Total Rubbers
Hong Kong Football Club L3A,75.0,100.0,75.0,75.0,81.25,16
Hong Kong Football Club L3B,100.0,100.0,33.33333333333333,33.33333333333333,66.66666666666666,12
JESSICA Smashin' Mochi,16.666666666666664,33.33333333333333,100.0,100.0,62.5,24
Hong Kong Cricket Club Rockettes,40.0,80.0,50.0,66.66666666666666,59.166666666666664,17
Hong Kong Football Club L3C,75.0,100.0,0.0,50.0,56.25,16
Physical Chess Ladies,50.0,25.0,25.0,33.33333333333333,33.33333333333333,15
The Squash Club Ladies,20.0,0.0,20.0,20.0,15.0,20
