Team,Rubber 1 Win %,Rubber 2 Win %,Rubber 3 Win %,Rubber 4 Win %,avg_win_perc,Total Rubbers
Hong Kong Football Club L3A,83.33333333333334,100.0,83.33333333333334,66.66666666666666,83.33333333333334,24
Hong Kong Football Club L3B,100.0,100.0,50.0,66.66666666666666,79.16666666666666,24
JESSICA Smashin' Mochi,25.0,50.0,100.0,100.0,68.75,32
Hong Kong Cricket Club Rockettes,44.44444444444444,77.77777777777779,75.0,57.14285714285714,63.59126984126984,33
Hong Kong Football Club L3C,75.0,100.0,20.0,50.0,61.25,18
Physical Chess Ladies,42.857142857142854,28.57142857142857,42.857142857142854,20.0,33.57142857142857,26
The Squash Club Ladies,33.33333333333333,0.0,33.33333333333333,16.666666666666664,20.83333333333333,24
