Team,Rubber 1 Win %,Rubber 2 Win %,Rubber 3 Win %,Rubber 4 Win %,avg_win_perc,Total Rubbers
Hong Kong Football Club L3A,80.0,100.0,80.0,60.0,80.0,20
Hong Kong Football Club L3B,100.0,100.0,25.0,50.0,68.75,16
Hong Kong Cricket Club Rockettes,57.14285714285714,85.71428571428571,66.66666666666666,60.0,67.38095238095238,25
JESSICA Smashin' Mochi,16.666666666666664,33.33333333333333,100.0,100.0,62.5,24
Hong Kong Football Club L3C,75.0,100.0,20.0,50.0,61.25,18
Physical Chess Ladies,60.0,20.0,40.0,25.0,36.25,19
The Squash Club Ladies,33.33333333333333,0.0,33.33333333333333,16.666666666666664,20.83333333333333,24
