Team,Rubber 1 Win %,Rubber 2 Win %,Rubber 3 Win %,Rubber 4 Win %,Rubber 5 Win %,avg_win_perc,Total Rubbers
Phoenix,80.0,100.0,100.0,80.0,60.0,84.0,25
Kowloon Cricket Club M3,75.0,75.0,75.0,50.0,75.0,70.0,20
Royal Hong Kong Yacht Club M3,66.66666666666666,66.66666666666666,50.0,50.0,66.66666666666666,60.0,30
Hong Kong Football Club M3A,60.0,80.0,80.0,20.0,20.0,52.0,25
Hong Kong Football Club M3B,50.0,75.0,50.0,25.0,50.0,50.0,20
Hong Kong Cricket Club M3,71.42857142857143,42.857142857142854,42.857142857142854,42.857142857142854,42.857142857142854,48.57142857142857,35
Hong Kong Club Blue,66.66666666666666,33.33333333333333,0.0,33.33333333333333,33.33333333333333,33.33333333333333,30
United Services Recreation Club M3,25.0,25.0,50.0,25.0,33.33333333333333,31.666666666666664,19
Bolton,0.0,0.0,50.0,0.0,50.0,20.0,10
