Team,Rubber 1 Win %,Rubber 2 Win %,Rubber 3 Win %,Rubber 4 Win %,Rubber 5 Win %,avg_win_perc
Kowloon Cricket Club M3,100.0,66.66666666666666,100.0,66.66666666666666,100.0,86.66666666666666
Phoenix,83.33333333333334,100.0,100.0,83.33333333333334,50.0,83.33333333333334
Royal Hong Kong Yacht Club M3,75.0,75.0,50.0,50.0,75.0,65.0
Hong Kong Football Club M3A,80.0,80.0,80.0,40.0,40.0,64.0
Hong Kong Football Club M3B,40.0,60.0,40.0,20.0,60.0,44.0
Hong Kong Cricket Club M3,66.66666666666666,33.33333333333333,33.33333333333333,50.0,33.33333333333333,43.33333333333333
United Services Recreation Club M3,33.33333333333333,33.33333333333333,66.66666666666666,33.33333333333333,33.33333333333333,39.999999999999986
Hong Kong Club Blue,66.66666666666666,33.33333333333333,0.0,33.33333333333333,33.33333333333333,33.33333333333333
Bolton,0.0,0.0,0.0,0.0,0.0,0.0
