Team,Rubber 1 Win %,Rubber 2 Win %,Rubber 3 Win %,Rubber 4 Win %,Rubber 5 Win %,avg_win_perc,Total Rubbers
Physical Chess 1,100.0,100.0,100.0,100.0,0.0,80.0,5
Kowloon Cricket Club 5,100.0,100.0,100.0,100.0,0.0,80.0,8
Happy Squash 2,100.0,66.66666666666666,0.0,33.33333333333333,100.0,60.0,14
United Services Recreation Club 2,66.66666666666666,50.0,50.0,0.0,0.0,33.33333333333333,11
Hong Kong Football Club 5,0.0,50.0,50.0,50.0,0.0,30.0,9
NEXUS 2,0.0,0.0,0.0,0.0,0.0,0.0,3
