Team,Rubber 1 Win %,Rubber 2 Win %,Rubber 3 Win %,Rubber 4 Win %,Rubber 5 Win %,avg_win_perc,Total Rubbers
The Squash Club 2,100.0,100.0,100.0,100.0,100.0,100.0,10
The Hong Kong Jockey Club Div 9,50.0,100.0,100.0,100.0,50.0,80.0,10
Centre Squash,100.0,100.0,100.0,0.0,0.0,60.0,4
i-Mask Advance Squash Club 3,66.66666666666666,66.66666666666666,33.33333333333333,66.66666666666666,0.0,46.66666666666666,15
Hong Kong Football Club 9,66.66666666666666,33.33333333333333,66.66666666666666,33.33333333333333,33.33333333333333,46.66666666666665,15
BOSS,0.0,0.0,100.0,100.0,0.0,40.0,5
Kinetic 3,0.0,0.0,50.0,0.0,100.0,30.0,10
Kowloon Cricket Club 9,50.0,0.0,0.0,50.0,50.0,30.0,10
