Team,Rubber 1 Win %,Rubber 2 Win %,Rubber 3 Win %,Rubber 4 Win %,Rubber 5 Win %,avg_win_perc,Total Rubbers
Hong Kong Football Club M3A,100.0,100.0,100.0,100.0,100.0,100.0,5
Hong Kong Cricket Club M3,50.0,100.0,100.0,100.0,100.0,90.0,9
Kowloon Cricket Club M3,100.0,100.0,100.0,100.0,0.0,80.0,5
Royal Hong Kong Yacht Club M3,66.66666666666666,33.33333333333333,33.33333333333333,33.33333333333333,66.66666666666666,46.66666666666666,15
OSF,0.0,0.0,0.0,0.0,100.0,20.0,5
Titlows Squash Master,0.0,0.0,33.33333333333333,0.0,0.0,6.666666666666666,15
Hong Kong Football Club M3B,0.0,0.0,0.0,0.0,0.0,0.0,5
