Player,HKS_No,Teams,Final Rating,Matches Played,Glicko Rating,Glicko RD,Glicko Volatility
Lai Matthew Cheuk Nam,29684,Kowloon Cricket Club 1A,15823.2641166244,16,4455.8160291561,227.66369424191728,0.5
Au Lap Man Rex,30742,Kowloon Cricket Club 1B,15083.437115067867,40,4270.859278766967,293.481436890299,0.4949404404967346
Wong Chi Him,28658,"Hong Kong Cricket Club 1, Hong Kong Cricket Club D1",14800.971167531901,48,4200.242791882975,253.29820827573332,0.49854755120109245
Leung Henry Chi Hin,28706,Hong Kong Football Club 1B,14699.244194458402,32,4174.811048614601,303.4719882642094,0.5
Chung Yat Long,29836,"FWD, Hong Kong Football Club 1B",14640.99811548744,56,4160.24952887186,272.2393641087978,0.4997730451522624
Lau Tsz Kwan,28722,Hong Kong Football Club 1A,14612.538702421822,36,4153.134675605455,304.9717277300305,0.5
Ho Samuel Ka Hei,29856,FWD,14322.492103931878,52,4080.6230259829695,252.85049762118535,0.49864256192128154
Tang Ming Hong,28463,Kowloon Cricket Club 1A,14198.470566418153,44,4049.617641604538,260.0705589922708,0.4983891166693226
Lee Max Ho Yin,27346,Hong Kong Football Club 1A,13581.214962740194,40,3895.3037406850485,350.0,0.5
Tam Tommy Tsz Shing,31712,Kowloon Cricket Club 1B,13490.903095289865,56,3872.725773822466,201.15973281726698,0.4946496704492454
Ling To Yu,29264,"Hong Kong Football Club 1A, Kowloon Cricket Club 1A",13127.555762526952,60,3781.888940631738,278.14048573485377,0.4996088358272561
Lam Harley Yat Ting,29568,"Hong Kong Cricket Club 1, Hong Kong Cricket Club D1",13101.848805091333,60,3775.462201272833,259.8981193885004,0.5
Yip Tsz Fung,28146,Hong Kong Football Club 1B,13011.982671140016,32,3752.995667785004,264.16208887393606,0.49917498484229816
Cheung Ka Yau,30944,FWD,12310.318135552421,20,3577.5795338881053,306.0493550237446,0.49962472174440986
To Wai Lok,30276,"Hong Kong Cricket Club 1, Hong Kong Cricket Club D1",11151.662388341992,36,3287.915597085498,338.0471716756705,0.5
Lam Matthew Shing Fung,30524,Kowloon Cricket Club 1A,10502.34327704804,48,3125.58581926201,338.0471716756705,0.5
Mak Tsun Hei,31616,"FWD, Young Player 2",10208.05639148509,56,3052.0140978712725,350.0,0.5
Wong Long Hin Larry,32542,"FWD, Young Player 2",8127.3245923554805,64,2531.83114808887,338.18413992680337,0.5
Wong Wing Kuen,31953,"Kowloon Cricket Club 1A, Kowloon Cricket Club 2",7971.671573592015,80,2492.917893398004,231.57143403101787,0.5
Cheng Justin Hong-Chen,31629,"Hong Kong Football Club 1A, Hong Kong Football Club 2A",7943.096368148392,84,2485.774092037098,166.9189698001876,0.49572920647804253
Lai Long Ching,31373,"Hong Kong Football Club 1A, Hong Kong Football Club 1B, Hong Kong Football Club 2B",7715.832875585251,84,2428.9582188963127,254.5520611532766,0.49936812401704184
Chan Russell Chi Ho,30075,FWD,7655.173963478737,24,2413.7934908696843,350.0,0.5
Chan Linclon Wui Ki,30211,"Kowloon Cricket Club 1A, Kowloon Cricket Club 2",7628.171392610464,88,2407.042848152616,190.42305154903664,0.472618322740832
Yuen Tsun Hei,28800,"Kowloon Cricket Club 1A, Kowloon Cricket Club 2",7440.404113915813,44,2360.101028478953,75.95104287951008,0.05992094803063523
* Chan Sin Yuk,30226,JESSICA L1,7426.718095529328,16,2356.679523882332,104.33577825172176,0.05996703212320874
Ho Tomato Tze Lok,28466,"Hong Kong Football Club 2A, Hong Kong Football Club L1",7328.860276261721,72,2332.2150690654303,74.86080820358256,0.05983253119058197
Ohri Ashray,35484,"Hong Kong Football Club 1A, Hong Kong Football Club 2A",7253.480440089223,56,2313.3701100223057,184.54327174192295,0.45885350415212306
Low Mark Chun Kit,33935,"Hong Kong Football Club 1A, Hong Kong Football Club 1B, Hong Kong Football Club 2A",7233.401112057287,116,2308.3502780143217,188.0161425352927,0.4568181079900902
Cheng Ting To Brogan,32047,"Hong Kong Football Club 1B, Hong Kong Football Club 2B, Young Player 2",7212.57382325887,56,2303.1434558147175,232.90484330140453,0.49642371932966234
Lo Chris Cheuk Hin,28838,Kowloon Cricket Club 2,7097.27758519724,44,2274.31939629931,206.90548375887093,0.4784778003732472
Wong Anson,30552,"Hong Kong Football Club 1B, Hong Kong Football Club 2B",7009.288645502158,92,2252.3221613755395,181.54195542406507,0.49353640535200527
Man Tsz Wing,31426,Kowloon Cricket Club 1B,6967.29938577047,48,2241.8248464426174,240.1921308656216,0.5
Fung Ching Hei,30881,"Hong Kong Football Club L1, Young Player 2",6945.37664291291,52,2236.3441607282275,91.21458521536962,0.05989350764035497
Wong Joe Wai Chung,19907,"FWD, Hong Kong Cricket Club M1B",6868.402374834879,44,2217.1005937087198,205.52409650808173,0.4988145470978381
Law Yat Long,29585,"Kowloon Cricket Club 1A, Kowloon Cricket Club 2",6803.62328194126,92,2200.905820485315,165.54892171312517,0.4507722028020102
Lau Pak To,31467,"Young Player 2, Young Player 3",6785.6538803563835,72,2196.413470089096,211.81061006548367,0.4929750567200206
Chan Shui Lun Wilson,29745,Hong Kong Football Club 2B,6727.079251421994,68,2181.7698128554985,205.25997464721124,0.3772960312780433
Wong Sze Yu,32354,"Young Player 2, Young Player 3",6709.178967049538,84,2177.2947417623845,187.6437498246304,0.4938964471729484
Chiu Ho Fai,25295,"Hong Kong Cricket Club 1, Hong Kong Cricket Club 2, Hong Kong Cricket Club D1, Hong Kong Cricket Club D2, Hong Kong Cricket Club M1A",6688.729736294328,204,2172.182434073582,146.78138353314446,0.48247157052497397
Lee Tin Hang,31713,"Hong Kong Football Club 1B, Hong Kong Football Club 2B",6683.496542282672,88,2170.874135570668,188.72141504721597,0.4909972902926008
Cheung Cheuk Hei,29738,Hong Kong Football Club 2B,6667.378812258819,32,2166.844703064705,80.78589967215127,0.05992875617969103
Law Pak Ho Cyrus,31941,"Young Player 2, Young Player 3",6543.746886320338,72,2135.9367215800844,199.1089648323413,0.48738059369513737
Lee Ka Yi,28366,"Hong Kong Cricket Club D2, JESSICA L1, JESSICA L2",6539.686456138683,48,2134.9216140346707,194.78137234103875,0.49109456439303645
Ho Eric Chu Him,29547,"Hong Kong Football Club 1A, Hong Kong Football Club 2A, Hong Kong Football Club M1A",6497.409033638758,144,2124.3522584096895,161.80739575461288,0.4932464707104602
Ward Andrew,30509,"Hong Kong Football Club 2A, Hong Kong Football Club M1B",6495.78875562935,164,2123.9471889073375,160.60018332987707,0.48727619086581087
Cheng Nga Ching,29632,"Kowloon Cricket Club L1A, Young Player 2",6479.56596489557,96,2119.8914912238924,176.63024890825784,0.49717473915544685
Tong Tsz Wing,27291,"Kowloon Cricket Club 2, Kowloon Cricket Club L1B",6442.467773721386,56,2110.6169434303465,207.70596322994274,0.4929527032928972
Chiu Raymond Shung Hei,25313,"Hong Kong Cricket Club 2, Hong Kong Cricket Club D2, Hong Kong Cricket Club M1A",6442.329631295319,124,2110.5824078238297,165.5754489183178,0.45033112950082244
Khan Faheem,21229,"Hong Kong Cricket Club D1, Hong Kong Cricket Club M1B",6422.920048294436,32,2105.730012073609,299.95177435217084,0.5
Hill Peter,22148,"Hong Kong Cricket Club 2, Hong Kong Cricket Club D2",6301.621975328215,64,2075.4054938320537,192.80652341446512,0.44756594692372503
Hung Hin Wang Clemnet,34964,"Hong Kong Cricket Club 1, Hong Kong Cricket Club 2, Hong Kong Football Club 2B",6299.004568555876,44,2074.751142138969,206.5291330096121,0.4952694225408845
Wong Kirstie Po Yui,30423,"Hong Kong Cricket Club 2, Hong Kong Cricket Club D2, Hong Kong Cricket Club L1",6249.739330175198,108,2062.4348325437995,190.8463909648066,0.43536419681504474
Kwong Anson Yu Shun,24673,"Hong Kong Cricket Club M1B, Kowloon Cricket Club 2",6237.265213684208,56,2059.316303421052,276.2917818407519,0.5
Tse Toby Yee Lam,31163,"JESSICA L1, Kowloon Cricket Club L1A, Young Player 2",6216.936697000012,92,2054.234174250003,165.55158122651486,0.43492850023208435
Genever Peter John,33627,"Hong Kong Cricket Club 2, Hong Kong Cricket Club D2, Hong Kong Cricket Club M1B",6203.208402468079,96,2050.8021006170197,189.28741232976208,0.4899950404805113
Ma Tsz Hei,28683,Hong Kong Football Club 2B,6197.699422576246,72,2049.4248556440616,169.2366248377462,0.44752413547431247
Broughton Samuel,33216,Hong Kong Football Club 2A,6127.192379526642,60,2031.7980948816605,194.54978312649698,0.4477748656079934
Ho Chun Hin,32733,"Young Player 2, Young Player 3",6122.420988907645,64,2030.6052472269112,204.70709056246213,0.4915108489578327
Ho Tze Ho Hugo,28462,Kowloon Cricket Club 2,6105.268946645543,64,2026.3172366613858,192.79815714970422,0.467305618709124
Yeung Tsung Chit Karson,32845,"Young Player 2, Young Player 3",6082.38594937979,48,2020.5964873449475,190.73309398530554,0.4917665986785967
Kwong Ena,32077,"Kowloon Cricket Club L1B, Young Player 2",6030.668410498238,56,2007.6671026245594,233.68054686927562,0.49655058678703584
Lam Po Ying,31022,"Kowloon Cricket Club L1A, Young Player 2, Young Player 3",6000.867557309578,72,2000.2168893273945,210.59878535208333,0.4884205298678536
Wong King Yeung,29099,"Kowloon Cricket Club 1B, Kowloon Cricket Club 2",6000.497164810921,52,2000.1242912027303,267.3999358707225,0.5
Liu Steve Tsun Man,28134,X-Alpha 1,5964.02976379407,16,1991.0074409485176,105.80722431234565,0.05996973967218727
Wai Sze Wing,31176,"Hong Kong Cricket Club 2, Hong Kong Cricket Club D2, Hong Kong Cricket Club L1",5869.833349544276,88,1967.458337386069,171.43371014188278,0.43917373629441747
Leung Ka Huen,31882,"JESSICA L1, Young Player 2, Young Player 3",5863.973787864097,52,1965.9934469660243,195.77594125633004,0.48376224674424184
Tang Helen,32404,"Hong Kong Football Club L1, JESSICA L1",5639.953749036473,40,1909.9884372591182,238.56809311500922,0.5
To Kai Kong,27190,Sha Tin 1,5558.286315641875,12,1889.5715789104688,104.48172756479278,0.059976291431635693
Cheung Tsz Ching,32309,"Kowloon Cricket Club L1B, Young Player 2, Young Player 3",5558.03203070841,64,1889.5080076771026,215.9424053280191,0.4956498907897195
Huang Sidney Victor,32365,"Hong Kong Football Club 2A, Hong Kong Football Club 3A",5518.577108285601,68,1879.6442770714002,215.57260107165598,0.48232830272168664
Yu Yin Tao,30322,NEXUS 1,5511.511778681901,20,1877.8779446704752,95.58137802975712,0.059962463091109613
Lau Tin Lok,30095,"Hong Kong Cricket Club 2, Hong Kong Cricket Club D2",5483.086110609134,28,1870.7715276522836,256.3306334987479,0.4852757384505851
Fung Tsz Cheong,27380,Kowloon Cricket Club 3A,5479.456298893843,56,1869.8640747234608,78.3474108706297,0.05985310529237114
Seung Wai Ching,28465,Happy Squash 1,5465.294489512087,72,1866.3236223780218,76.56098192359144,0.059829582994737784
Law Harry,30309,NEXUS 1,5457.514848474098,84,1864.3787121185244,74.10935181916315,0.05979573144181628
Luen Tsz Yu,29357,"Kowloon Cricket Club 1B, Kowloon Cricket Club 2, Kowloon Cricket Club 3B",5442.576455726989,72,1860.6441139317471,164.2504043347476,0.483772369636591
Ho Ka On,30209,"Kowloon Cricket Club 1A, Kowloon Cricket Club 3A",5432.648124077003,72,1858.1620310192507,202.116167563894,0.4548355611284586
Anthony Nigel,34996,"Hong Kong Football Club 2A, Hong Kong Football Club 3B, Hong Kong Football Club M1B",5410.205257593129,96,1852.5513143982823,72.66188066763578,0.05979358569213496
Lo Pui Yin Chloe,32618,"Hong Kong Cricket Club L1, Young Player 2, Young Player 3",5384.813256696665,48,1846.2033141741663,206.62918556546248,0.47415050287318444
Cheung Zexiang Kevin,35488,Hong Kong Football Club 3B,5359.811114619332,16,1839.952778654833,205.42092571314336,0.49089858272891773
Yeung Lok Hang,30290,Happy Squash 1,5348.780093183128,8,1837.195023295782,142.95455349339895,0.05998469021476076
Chu Alex Kwok Kee,29475,Kowloon Cricket Club 3A,5328.53712921863,68,1832.1342823046575,76.27725379462758,0.05982768715313589
Lau Ho Fung,31843,NEXUS 1,5324.778863644439,44,1831.1947159111098,89.89406732051788,0.0599059409858591
Leung Tsz Yu,28952,TNGX,5309.738905414319,4,1827.4347263535797,179.19016343591122,0.05999519212284073
Lau King Yat,28445,Hong Kong Football Club 3B,5272.792157436963,52,1818.1980393592407,79.69981939354615,0.05987055694652207
Leung Ping Chak,29740,Happy Squash 1,5252.043039945607,84,1813.0107599864018,176.90434581548513,0.43756562115437814
Cassidy Cameron Michael,33733,"Hong Kong Football Club 2B, Hong Kong Football Club 3B",5203.572021967169,84,1800.8930054917923,187.90161124310967,0.46485197711761117
Lau Dick Siu Wai,25832,"Hong Kong Football Club 1A, Hong Kong Football Club 2B, Hong Kong Football Club M1A",5197.856942154455,96,1799.4642355386138,253.14217235719994,0.4991872924535268
* Kwan Wan Hei,31960,X-Alpha 1,5151.787396900802,76,1787.9468492252006,161.06862763235148,0.4691888556260411
* Ho Kwan Yin,31464,X-Alpha 1,5081.834100612332,80,1770.458525153083,161.57953532313823,0.4460324281238998
Chan Chun Ching,30600,Kowloon Cricket Club 3B,5043.970700655464,88,1760.992675163866,173.87050756511704,0.43654832576285674
Man Ray Tsz Kit,28903,Hong Kong Football Club 3A,5020.119415113453,68,1755.0298537783633,178.42157984870096,0.4509469307724913
Yuen Tsz Long,32641,United Services Recreation Club 1,4967.063707121059,100,1741.7659267802649,177.59332322843147,0.47760664067813685
Yip Tony Tsun Yuen,27909,United Services Recreation Club 1,4945.818950183009,84,1736.4547375457523,164.79331696388377,0.44346731391001665
Leung Shiu Moon,30690,"Squashathon M+, United Services Recreation Club 1, X-Alpha 1",4926.49992744688,112,1731.62498186172,165.27310646426386,0.4938449124925374
Ng Ka Tsun Derek,31608,"Kowloon Cricket Club 1B, Kowloon Cricket Club 3A",4924.953614172008,20,1731.238403543002,259.26211326536213,0.496555769330912
Chan Hok Nam,30431,"Hong Kong Football Club 2B, Hong Kong Football Club 3A",4899.368202022951,72,1724.8420505057377,189.62457682570695,0.49798325039184
Chan Nelson Kai Chi,27853,Kowloon Cricket Club 3A,4893.638903095947,28,1723.4097257739868,95.7735210548244,0.05994459517872565
Lau Si Chun,31961,"NEXUS 1, Young Player 2",4889.164842920264,24,1722.291210730066,213.71463260762619,0.48582979418488
Yip Tsz Ho,31331,"Kowloon Cricket Club 1B, Kowloon Cricket Club 2, Kowloon Cricket Club 3B",4871.175267143808,124,1717.793816785952,179.1455350456404,0.49199650938516387
Wong Ho Kiu,33161,"Hong Kong Football Club 3B, Hong Kong Football Club 5A",4868.636681114228,96,1717.159170278557,182.18439647749247,0.48132018119598824
Yu Vincent Hok Yan,25930,"Hong Kong Football Club 2A, Hong Kong Football Club M1A",4857.801216767531,68,1714.4503041918827,246.14309630486687,0.5
Liang Chun Wai,32879,"NEXUS 2, United Services Recreation Club 1",4844.642221765415,72,1711.1605554413538,188.57248213667853,0.4516808723649949
Chan Kun Kei,30008,NEXUS 1,4838.886366575447,36,1709.7215916438618,194.45228891252592,0.49364333354185636
Liu Tsz Ling,28123,"Kowloon Cricket Club 2, Kowloon Cricket Club 3B, Kowloon Cricket Club L1A",4784.147558517688,136,1696.036889629422,169.1742543697314,0.4828470894671131
Bai Ethan Hao Wen,33572,"Hong Kong Football Club 2B, Hong Kong Football Club 3A, Hong Kong Football Club 4B, Hong Kong Football Club 5B",4727.857665088666,92,1681.9644162721665,198.20953623226592,0.4484326324916685
Chiu Ho Ming,25294,"Hong Kong Cricket Club D2, Hong Kong Football Club M1B",4703.782083182504,76,1675.945520795626,222.09730429307268,0.5
Tang Chun Long,28868,NEXUS 1,4698.056610582463,36,1674.5141526456157,93.91061243078477,0.059931836847362564
Ngan Roger Lun Cheung,21066,Kowloon Cricket Club 3A,4694.436331275796,8,1673.609082818949,132.13595817644912,0.05998599210941203
Soo Sean Tsung Jie,30498,"Hong Kong Football Club 2A, Hong Kong Football Club 3A, Hong Kong Football Club M1A",4694.201517948227,128,1673.5503794870567,149.68338162143516,0.42129862006762403
Tong Tsz Chun,28839,Hong Kong Football Club 3A,4670.726090163984,80,1667.681522540996,193.765710284221,0.4611463983992922
Fung Ivan Ngo Long,27214,Kowloon Cricket Club 3A,4636.357187314,44,1659.0892968285,196.48729166851498,0.46401618631555464
Cheung Vincent Cheuk Yin,20566,The Squash Club 1,4572.988315082038,40,1643.2470787705095,70.37540853365496,0.05990356341116993
Cheng Yu Ching,29524,Hong Kong Football Club 3A,4535.6562824674875,40,1633.9140706168719,180.4252038629871,0.4788791536361917
Lau Hok Yin Anthony,28486,Kowloon Cricket Club 3A,4438.239670544339,36,1609.5599176360847,207.59255774055973,0.471110684186081
Lam Chi Lok,29623,TNGX,4433.274700677869,40,1608.3186751694673,177.45606526127008,0.4788842460438187
Liu Sung Yan,32206,Hong Kong Football Club 3B,4432.472527207007,48,1608.1181318017518,190.04871877888948,0.4837429938617019
Lau Siu Nam,27926,YLJR,4410.752893887557,16,1602.6882234718892,88.86477249419463,0.059956491409448004
Ip Sheung Sau,30020,NEXUS 1,4399.04632790967,4,1599.7615819774176,204.05736951224998,0.4975231232325978
Chu Ho Ching,32732,"NEXUS 2, United Services Recreation Club 1",4395.948060823801,76,1598.9870152059502,181.5142129026301,0.4360601070436848
Tang Ethan Pui Lok,30537,Sha Tin 1,4388.754669358758,84,1597.1886673396896,180.405655840541,0.4486385012336101
Cheng Pik Ching,31149,"Happy Squash 1, Kowloon Cricket Club L1B",4372.642143411959,72,1593.1605358529898,171.51387044817568,0.4555403130920455
Lai Pong Yin,30572,X-Alpha 1,4359.34417612388,72,1589.83604403097,77.423953485613,0.05981656889123956
Li Ho Hin,31810,NEXUS 1,4350.645530523411,68,1587.6613826308528,178.84661792940355,0.45447962672187453
Cheung Chi Yan,33749,"Hong Kong Football Club 3A, Hong Kong Football Club 4B, Hong Kong Football Club 5A",4349.171771753051,96,1587.2929429382627,192.934428201349,0.4807797012822119
Tso Vincent Shu Wah,28473,NEXUS 1,4308.3021627168855,20,1577.0755406792214,225.21591761704403,0.49744862357847935
Chu Kenny King Chun,29354,Kowloon Cricket Club 3B,4307.143007111919,100,1576.7857517779798,170.29725352658562,0.4353578837483938
Shieh Ho Chuen,29478,NEXUS 1,4284.668335895976,44,1571.167083973994,224.3260440984325,0.46846045295051797
Kwan Wan Lok,32501,X-Alpha 1,4271.141283201501,80,1567.7853208003753,194.98854159723712,0.4555965106801901
Ma Tsz Lok,28087,X-Alpha 1,4271.03982015094,12,1567.759955037735,223.6727520647131,0.4927807619297482
Salahuddin,33374,"Hong Kong Cricket Club 3, Hong Kong Cricket Club D4B, Hong Kong Cricket Club M1A, Hong Kong Cricket Club M1B, Squashathon",4256.942683137268,152,1564.235670784317,163.99253552681645,0.4851174569063732
Ekanayake Yeshan,33658,"Hong Kong Cricket Club 3, Hong Kong Cricket Club D2, Hong Kong Cricket Club D4A, Hong Kong Cricket Club M1A",4256.808175652538,128,1564.2020439131345,156.6027247434563,0.47660605742915196
Khosa Ashwin,28695,"Hong Kong Football Club 3B, Hong Kong Football Club 4B",4250.032423876439,100,1562.5081059691097,184.969395712552,0.47150575158550806
Yang Ho Man,31020,YLJR,4242.133451890892,20,1560.533362972723,87.26471925347049,0.05995116774509217
Cheung Jason Kiu Yin,28132,"Sha Tin 1, TNGX",4214.00688785386,48,1553.501721963465,187.08000305754598,0.4667520296786234
Cheung Pak Hin Milo,33359,"NEXUS 2, United Services Recreation Club 1",4206.707357010749,64,1551.6768392526872,178.86372591065916,0.46085505818678774
Choy Kit Lun Ivan,28148,United Services Recreation Club 1,4206.264701211531,64,1551.5661753028828,175.33967013476115,0.47402425425807654
Wong King Yat,27411,Kowloon Cricket Club 3B,4201.7899358846325,68,1550.4474839711581,230.46467558810693,0.486052475974051
Wai Pak Lam,32175,"Kowloon Cricket Club 4, Young Player 2, Young Player 3",4188.689170200289,72,1547.1722925500721,178.93438405377822,0.456228719305837
Kwok Ka Ho,30837,"Kowloon Cricket Club 3A, Kowloon Cricket Club 3B",4187.330886417578,68,1546.8327216043945,178.53351701480614,0.4541384006064038
Lee Tsz Long Max,29210,Hong Kong Football Club 4B,4181.580252405012,120,1545.395063101253,65.59717733869037,0.059668852319704875
Chan Ho Hei,32710,YLJR,4179.064431903207,32,1544.7661079758018,184.65723557084598,0.47014784518785674
Chan Jason,25873,Sha Tin 2,4165.718025550002,12,1541.4295063875004,110.19567200715176,0.059973461823271255
Maruca Andrew,34545,Hong Kong Cricket Club D4A,4164.9335591109675,24,1541.2333897777419,81.0273491346351,0.05993768586289082
Mak Tsun Hin,29748,TNGX,4138.991329289826,104,1534.7478323224566,165.01222642156856,0.4478626713490569
Schlosser Gergo,31833,Hong Kong Football Club 4B,4135.762368327911,16,1533.9405920819777,94.07415664900395,0.05996889208884135
Hau Timothy,31965,"Hong Kong Cricket Club 2, X-Alpha 1",4133.242037955117,24,1533.3105094887792,196.98435657062905,0.497572124269049
Tsang Cheuk Fung,30037,Hong Kong Football Club 4A,4132.039916113464,84,1533.009979028366,70.15363527289875,0.05977361720687981
Fung Ji Yang,27548,United Services Recreation Club 1,4128.715547504026,64,1532.1788868760066,80.99606718931437,0.059851212356314284
Leung Shun Wa Ethan,32295,"Happy Squash 1, Kowloon Cricket Club 4",4124.866018398322,64,1531.2165045995805,172.0586747123926,0.4591339620321225
Cheuk Kian Chun Yin,32087,NEXUS 2,4102.852630749801,32,1525.7131576874503,73.37713340558207,0.05991231919626895
Chan Joey Ho Ling,26290,"Kowloon Cricket Club 3B, Kowloon Cricket Club 4, Kowloon Cricket Club L1A",4083.26828622618,52,1520.817071556545,80.76934140409064,0.05987428158880739
Hon Michael Tsz San,29749,TNGX,4078.475053970332,84,1519.618763492583,170.30966493922233,0.45015463969194497
Wong Yat Him,33170,YLJR,4067.4380919695595,44,1516.8595229923899,170.14014529886128,0.4639070618008012
Lu Tsz Ho,31809,NEXUS 1,4063.9385270422144,44,1515.9846317605536,206.20186229829707,0.4663783073487521
Ko Ho Tai,28489,United Services Recreation Club 1,4063.74247183833,28,1515.9356179595825,215.02672766524952,0.47816464369158235
Chu Anthony Tian Ming,32767,Hong Kong Football Club 3B,4063.7383281740385,28,1515.9345820435096,186.92405707777158,0.48409945792961756
Wong Arthur Man Pok,30334,Sha Tin 1,4058.04385124332,28,1514.51096281083,77.26965591487547,0.059927869619406375
Li Hau Ching,33240,YLJR,4024.483585619191,12,1506.1208964047978,105.37110534623946,0.059971808873639516
Ng Yat Long,30044,"X-Alpha 1, X-Alpha 2",4017.534452532451,96,1504.3836131331127,156.33322669576526,0.4359620693012221
Hartley Alexander,34570,Hong Kong Football Club M1A,3992.2699625683663,32,1498.0674906420916,96.62295087647001,0.05994231762118879
Lam Timmy Tin Yi,28651,"Hong Kong Football Club 4A, Hong Kong Football Club 4B",3964.768480395508,88,1491.192120098877,70.04721791376157,0.05975898002696312
Wong Tsz Lok Prince,29098,X-Alpha 1,3954.4248105316383,80,1488.6062026329096,185.9021101012018,0.4416142250199554
Zhang James,30858,Hong Kong Football Club M1A,3952.0447766699817,16,1488.0111941674954,110.70999906740427,0.05997483106792731
Chan Matthew Yaw Jye,31845,Hong Kong Football Club 4B,3948.881732683394,36,1487.2204331708485,83.95223371765998,0.05990954808133999
Yeung Kai San,32232,The Squash Club 1,3924.0533078575754,100,1481.0133269643939,146.15057089251977,0.43030357137822933
Chung Yee Ling Elaine,32184,"JESSICA L1, JESSICA L2, Kowloon Cricket Club 4",3905.4324834431945,116,1476.3581208607986,179.6852909377641,0.4551597273711677
Wai Wing Yin,30403,TNGX,3902.813507376063,96,1475.7033768440158,166.47100801089746,0.45703577231264864
Yim Gi Ping,30306,Sha Tin 1,3876.9223069488153,68,1469.2305767372038,172.82868027511083,0.46556580150649346
Chan Kai Lam,32414,NEXUS 2,3848.4900734788607,36,1462.1225183697152,76.20879121001427,0.059919640313081696
Chu Ho Yin,29583,"Kowloon Cricket Club 3A, Kowloon Cricket Club 4, Kowloon Cricket Club 5",3836.5157823958725,104,1459.1289455989681,70.54996660148068,0.05976762080021508
Soo Neal,28230,Hong Kong Cricket Club 3,3836.041734948486,4,1459.0104337371215,156.35347244023868,0.05999094792060525
Li Tsz Yau,31480,"Happy Squash 1, JESSICA L2",3828.4623371159514,88,1457.1155842789879,226.40295523467387,0.46097316213460854
Chan Nathaniel Rong Jye,34467,Hong Kong Football Club 3B,3817.501055367775,20,1454.3752638419437,280.1221662855757,0.49086078247490533
West Steven,28550,"Hong Kong Cricket Club 3, Hong Kong Cricket Club D4B, Hong Kong Cricket Club M1A, Hong Kong Cricket Club M1B",3803.330167585912,148,1450.832541896478,62.10705510545175,0.059642406480081005
Brantly Charles,32208,Ladies Recreation Club M1,3782.982534732214,28,1445.7456336830535,220.4879555289067,0.4784243021564663
Chan Cheuk Fung,30554,Hong Kong Football Club 4A,3782.0413959749512,108,1445.5103489937378,163.77262014024606,0.42722940756753885
Nihalani Rajesh,25743,Ladies Recreation Club M1,3776.067901201868,8,1444.016975300467,126.30814004258792,0.05998163479206052
Kwok Lai Yin,28693,X-Alpha 2,3774.0894734734575,44,1443.5223683683644,82.11740808617115,0.05989589907249342
Sheethal Kumar Palash,33207,"Hong Kong Cricket Club 3, Hong Kong Cricket Club 4, Hong Kong Cricket Club D1, Hong Kong Cricket Club D2, Hong Kong Cricket Club D4B",3773.7508901768906,84,1443.4377225442227,176.6135311342226,0.49291462473615094
Lau Ka Leung,32178,"Hong Kong Cricket Club 3, Hong Kong Cricket Club D4A",3751.6467866232133,32,1437.9116966558033,89.33126463963804,0.059910544910092706
Hibberd Christian,32018,"Hong Kong Football Club 3B, Hong Kong Football Club M1B",3744.574780666473,68,1436.1436951666183,153.15782730668113,0.4725377609338905
Fung On Ying Adele,30584,Happy Squash 1,3739.5261768617374,24,1434.8815442154344,228.15824893775394,0.4888059104522557
Chan Man Fung,33599,YLJR,3738.0217457935787,44,1434.5054364483947,168.08224008197666,0.4573720553372749
Pak Jethro Sek Huen,28675,United Services Recreation Club 1,3728.8399236037476,16,1432.209980900937,91.33636421475518,0.05995904558531243
Chan Tsz Yeung,28413,Sha Tin 1,3725.752653266406,72,1431.4381633166015,200.5983198800779,0.48797429386152513
Wat Kien Long Peter,31361,Hong Kong Football Club 4B,3723.1669228334067,88,1430.7917307083517,72.19263020936307,0.059755730688916445
Leung Chun Ho,32181,"Happy Squash 1, Happy Squash 2, X-Alpha 1",3723.1381333653917,84,1430.784533341348,201.74139880573512,0.4444056619116574
Lam Maurice Cheuk Him,31345,"Sha Tin 1, Sha Tin 2",3704.5302524381814,64,1426.1325631095453,76.47491855305934,0.05983411409221797
Chapman William,32994,Hong Kong Football Club 4A,3700.2515619147707,28,1425.0628904786927,78.59239978296321,0.05993145350517771
Or  Ka Ming,32468,"Hong Kong Football Club 4A, Hong Kong Football Club 4B",3697.2441764108444,76,1424.311044102711,74.62600777674939,0.05981779085080189
Reyes Diego,35547,"Hong Kong Football Club 4A, Hong Kong Football Club M1B",3688.1870208942037,48,1422.046755223551,66.68914730626398,0.05987937681458213
Mak Wai Fung,33451,YLJR,3684.3180276171342,28,1421.0795069042836,188.00408322006172,0.47555796822874347
Chou Pak Lam Wilson,32369,"Hong Kong Football Club 4A, Hong Kong Football Club M1B",3683.0348963775905,80,1420.7587240943976,233.36221881680498,0.5
Schaefer Rishad,31281,"Hong Kong Cricket Club 3, Hong Kong Cricket Club D2, Hong Kong Cricket Club D4A, Hong Kong Football Club M1B",3678.2534095795745,140,1419.5633523948936,64.51411942781021,0.059674478615467326
Ng Elise Jia Yunn,23276,"JESSICA L1, JESSICA L2, Kowloon Cricket Club 6B",3676.832392606355,16,1419.2080981515887,349.7933533768786,0.5
Appan Janak,31193,Hong Kong Football Club 4A,3667.9278873839394,108,1416.9819718459848,158.8482248139727,0.42853946022685974
Hui Ka Hei,30287,"Happy Squash 1, X-Alpha 1, X-Alpha 2",3657.1534741758924,76,1414.288368543973,159.1195653391668,0.43338211034716506
Wong Pak Long Alan,29565,"X-Alpha 1, X-Alpha 2",3651.6925652621694,60,1412.9231413155424,75.05957421140413,0.05985224236625319
Tsang Chi Hin,28080,"United Services Recreation Club 1, United Services Recreation Club 2",3650.36174151665,32,1412.5904353791625,87.38811813822566,0.059922154465466754
Wong Wai Chak,33065,Hong Kong Cricket Club 3,3643.1838059299153,20,1410.7959514824788,87.88725452071319,0.05994786442601778
Wong Yat Hay,31824,"X-Alpha 1, YLJR",3642.1029541319367,32,1410.5257385329842,205.12513519368903,0.4780173723832747
Lau Hugo Hin Yue,29159,United Services Recreation Club 1,3640.880962477536,64,1410.220240619384,202.26210747195205,0.45747353831125603
Chan Shing Fung,25723,"Kowloon Cricket Club 3A, Kowloon Cricket Club 4",3620.5237478868303,88,1405.1309369717076,220.67653579139483,0.44202784073115675
Head Phil,26831,"Hong Kong Cricket Club D4A, Hong Kong Cricket Club M1B, Hong Kong Cricket Club M2",3612.826350087317,124,1403.2065875218293,135.57796862184105,0.47763605980809115
Cranston Robert,35003,"Hong Kong Cricket Club 3, Hong Kong Cricket Club D4B, Hong Kong Cricket Club M1B",3601.506094983315,92,1400.3765237458288,185.0229057745493,0.44269784738244017
Fung King To,31654,The Squash Club 1,3596.2127954631114,84,1399.0531988657779,165.94759966922902,0.45768359666816005
Tulloch Gillem,29779,"Hong Kong Football Club M1B, Hong Kong Football Club M2B, Ladies Recreation Club M1",3592.969628434419,56,1398.2424071086048,172.742754077558,0.4942854429863203
Disler Simon William,30967,"Kowloon Cricket Club 4, Kowloon Cricket Club 5, Squashathon M+",3591.621630475861,44,1397.9054076189652,86.44052229338604,0.05990226618228081
Chan Lok Hin,31035,X-Alpha 1,3574.4385882249553,24,1393.6096470562388,84.36595708567589,0.05994334030558756
Au Ling Fung,29395,TNGX,3551.6514423739327,68,1387.9128605934832,195.74849176643053,0.46031881333809765
Ng Tsz Chun,31310,"Hong Kong Cricket Club D4B, Squashathon, Squashathon M+",3547.6029604500372,132,1386.9007401125093,146.07589224145838,0.41669028554103327
Chan Wing Hei Athena,27549,United Services Recreation Club 1,3533.4387748902136,8,1383.3596937225534,122.96034836751744,0.05998068973865899
Lam Ka Lok Gary,27193,"Hong Kong Football Club 3A, TNGX",3510.8505467939212,80,1377.7126366984803,167.67042793208384,0.4564132488592957
So Obadiah Sing Yan,27099,Hong Kong Football Club 4A,3504.5790595729814,56,1376.1447648932453,80.17040255753983,0.059867314102278
Wu Shun Kei,33310,NEXUS 2,3499.8375726214445,52,1374.959393155361,81.80171795295962,0.059862300499094086
Cheng August Huan-Chen,32844,"Hong Kong Football Club 4B, Hong Kong Football Club 6C",3491.6081277104568,96,1372.9020319276142,164.58002865091078,0.45852330076082476
Sin Kwun Kit Leo,29726,TNGX,3402.751681627664,8,1350.687920406916,120.39690723881982,0.05998120749039183
Li Tsz Ho,33268,NEXUS 2,3389.795941070868,60,1347.448985267717,78.63784956192573,0.05984215786442777
Caves Christopher,29552,"Ladies Recreation Club M1, Ladies Recreation Club M2",3380.2631533785107,60,1345.0657883446277,204.63125471176704,0.4935374899472799
Chui King Yin,30019,X-Alpha 2,3373.9399064226773,80,1343.4849766056693,174.7315969825927,0.44316595534450204
Lai Michael Cheuk Fung,29351,"Kowloon Cricket Club 3A, Kowloon Cricket Club 4, Kowloon Cricket Club 5",3312.3044146980483,124,1328.076103674512,178.82872032864017,0.41401663122664434
Amjad Zain,33722,"Hong Kong Football Club 4A, Hong Kong Football Club 5A",3304.7607903994385,52,1326.1901975998596,63.67749730034361,0.05986281690574868
Hung Tak Ching,33244,X-Alpha 2,3295.498624710054,68,1323.8746561775135,73.0833772609205,0.05983651282540309
Lee Kit Long,32724,NEXUS 2,3292.1610849104563,32,1323.040271227614,182.71411847289264,0.47026377770011396
Lee Sum Yuet,30293,"Happy Squash 1, Kowloon Cricket Club L2, Kowloon Cricket Club L2A",3277.94433156769,132,1319.4860828919225,172.79038158218682,0.44884723103769353
Cheng Steven Wai Kit,29784,"Hong Kong Cricket Club D4B, Hong Kong Racketlon Association 1, Squashathon, Squashathon M+",3277.8673038476345,108,1319.4668259619086,219.19043512358533,0.5
da Silva Juan,33553,"Hong Kong Cricket Club M1B, United Services Recreation Club 1, United Services Recreation Club 2",3271.3682146174224,88,1317.8420536543556,71.20063650930548,0.059774573057401546
Luk Anson Chi Tao,29934,"ERROR, Sha Tin 1",3260.4588257060823,84,1315.1147064265206,169.6590634313455,0.4835336687074441
Soo Euan Tsung Liang,27573,"Hong Kong Football Club 3A, Ladies Recreation Club M2, Ladies Recreation Club M2A",3241.621430491785,136,1310.4053576229462,198.5770146068265,0.4268199299604153
Leung Ka Hei,33708,"Hong Kong Cricket Club 5, Hong Kong Cricket Club D4B",3232.559264862525,72,1308.1398162156313,170.99169264557852,0.4568690336322682
Tang Wai Hong,33604,"Kowloon Cricket Club 3A, Kowloon Cricket Club 4",3227.858054584365,68,1306.9645136460913,178.66183525104051,0.45891889410195924
Tam Kal Wai,28281,Sha Tin 2,3223.6321407659807,24,1305.9080351914952,80.84481967066336,0.05994591478851059
Mak Ryan Lai Lok,28824,TNGX,3217.946811847054,40,1304.4867029617635,209.0607209441545,0.49324707588920785
Wan Tsz Ho,28147,"Kowloon Cricket Club 3B, Kowloon Cricket Club 6A",3201.792583352001,60,1300.4481458380003,168.93688215654922,0.475844146231363
Lam Yan Kiu,33643,"Hong Kong Racketlon Association 1, Squashathon M+, X-Alpha 2",3196.948184003203,88,1299.2370460008008,69.69405067941587,0.05979856604246487
Chan Anson Chi Him,32158,"Happy Squash 1, Happy Squash 2",3188.5157344601266,96,1297.1289336150317,207.38220859562955,0.44616160773906666
Li James King Hei,27539,Physical Chess 1,3182.6619424021537,28,1295.6654856005384,76.24489903194316,0.05992728437187692
Tang Ching Yan,33895,"Hong Kong Cricket Club D4B, NEXUS 2",3177.6302874922585,52,1294.4075718730646,83.39837054046595,0.059873148867383444
Wong Chun Fai,30582,The Squash Club 1,3166.5499381359987,88,1291.6374845339997,170.22915748216303,0.44064298331579005
Liou King Long,29771,Hong Kong Football Club 4B,3157.119854269108,96,1289.279963567277,176.2481088035461,0.4359819396551091
Lam Yuen Sarm,33499,"Striving Squash, YLJR",3155.5192251218723,64,1288.879806280468,204.3481428649584,0.45983648918295306
Khan Bilal,32454,United Services Recreation Club 2,3145.980375942776,12,1286.495093985694,113.05081483031289,0.0599778430018617
Shum Peter,28254,"Hong Kong Football Club 4B, Hong Kong Football Club 5A",3143.0374743082884,88,1285.759368577072,70.02075602267703,0.05976999564799804
Lee Ka Fai Peterson,29316,i-Mask Advance Squash Club 1,3135.1068325256256,32,1283.7767081314064,72.47341662576645,0.0599226028331263
Cheung Andrew Tin Kee,29968,X-Alpha 1,3125.611912158847,28,1281.4029780397118,180.6284965421856,0.47286992974659664
Yip Ho Cheong,30630,Physical Chess 1,3125.2439686732814,96,1281.3109921683204,64.19074339773495,0.0597483201508872
Au Ling Yu,31896,"Kowloon Cricket Club 3A, Kowloon Cricket Club 4, Kowloon Cricket Club 5, Kowloon Cricket Club L1A",3124.0741161330834,116,1281.0185290332709,176.55065023039342,0.4742532345377794
Cheung Chun,29329,"ERROR, Hong Kong Racketlon Association 1",3105.0679380060274,20,1276.2669845015068,100.20234511945664,0.05994769093500323
Lee Hei Nam,29293,"ERROR, Hong Kong Racketlon Association 1",3099.957595535562,92,1274.9893988838905,70.09643454298678,0.059788212871539875
Leung Chi Kai,20187,i-Mask Advance Squash Club 1,3084.7483456086184,8,1271.1870864021546,118.08164671367398,0.05997963530232675
Chan Marco Sin Hang,29696,Sha Tin 1,3083.9653785763494,36,1270.9913446440873,200.84858145974002,0.47666992484083176
Ng Ho Ching,33304,Hong Kong Football Club 5A,3077.89991655432,32,1269.47497913858,71.30389667539546,0.0599163454114334
Leung Kelvin Siu Fung,28438,Sha Tin 2,3070.804598350808,116,1267.701149587702,177.22079236751551,0.4512164973720596
Gray Jonathan,32271,"Hong Kong Cricket Club M1A, Uncle, Uncles",3054.9671503190602,132,1263.741787579765,173.59024725990048,0.49615973752152
Chiu Rebecca Wing Yin,19611,"JESSICA L2, Kowloon Cricket Club 4, The Squash Club 1",3049.732361790787,32,1262.4330904476967,95.00263178506694,0.05991387779163998
Lui Jason Chun Shing,24887,The Squash Club 1,3037.8042711606977,36,1259.4510677901744,202.1862409221306,0.4733395968612808
Tsang Stephen Chi Pon,29448,"Hong Kong Cricket Club 3, Hong Kong Cricket Club D4A, Hong Kong Cricket Club M2B",3034.770405911061,36,1258.6926014777653,256.0732504885412,0.47521720658065686
Chung King Lam,31455,Physical Chess 1,3016.300806799015,68,1254.0752016997537,75.2598155410707,0.05982230490092512
Lo Alex Chun Wai,30601,"ERROR, Sha Tin 1",2994.9917556249493,56,1248.7479389062373,166.5115744752853,0.4758104184430738
Cassidy Makaela Lin,33732,"Hong Kong Football Club 3B, Hong Kong Football Club 5, Hong Kong Football Club 5B, Hong Kong Football Club L1, Hong Kong Football Club L2A, Hong Kong Football Club L2C",2989.4636278290945,120,1247.3659069572736,181.41998044895675,0.49199053305024365
Xin Shangxuan,34904,The Squash Club 1,2984.4185793498073,20,1246.1046448374518,103.8163368242864,0.059944421224476394
Tse Long Hin,31630,Physical Chess 1,2983.7868030091877,20,1245.946700752297,89.25054429797487,0.05994853491066669
Wong Jessica Po Sze,29770,"Hong Kong Cricket Club 3, Hong Kong Cricket Club D4A, Hong Kong Cricket Club L1, Hong Kong Cricket Club L2",2971.0707894113275,168,1242.7676973528319,154.6207540876638,0.40261273124442043
Bajaj Prateek,34110,"Hong Kong Cricket Club 3, Hong Kong Cricket Club D4A, Hong Kong Cricket Club M2, Hong Kong Cricket Club M2A",2952.909619903945,96,1238.2274049759862,72.21282584741544,0.059802305707635624
Law Ka To,32466,Happy Squash 2,2949.862328108089,24,1237.4655820270223,94.0105625117929,0.059939983281783765
Tam Thomas Siu Ying,29928,Physical Chess 1,2943.798380599311,44,1235.9495951498277,83.30606527818364,0.059879543761498684
Ma Michael Chung Wai,30637,Sha Tin 2,2943.5749803034505,80,1235.8937450758626,174.86982572648373,0.4447761554376609
Leung Kwan Ching,26242,"ERROR, Hong Kong Racketlon Association 1",2941.7941032114422,52,1235.4485258028606,76.4157622224336,0.05986138991288757
Tam Cho Nga Mariko,31335,"Hong Kong Football Club L1, Hong Kong Football Club L2B, Young Player 2",2935.176452371875,72,1233.7941130929687,208.01374819547786,0.49268679747220406
Fan Tim Tsz Him,26628,Hong Kong Football Club 6A,2920.2035666326374,60,1230.0508916581593,175.8828406055924,0.448790211807943
Cheuk Chun Hei,31201,Physical Chess 1,2908.6410664323776,56,1227.1602666080944,78.76047062817388,0.05985874853703456
Chan Ka Long Leo,31679,The Squash Club 1,2903.1311141213955,68,1225.7827785303489,76.90758683175943,0.05983674841605729
Castano Vargas Santiago,34949,Physical Chess 1,2901.338093945633,12,1225.3345234864082,104.93203134335663,0.0599684387037755
Chan Chun Kit,29089,The Squash Club 1,2884.201705573176,12,1221.050426393294,107.64696661040185,0.059970036882469095
Tang Ching Sum,33280,"Hong Kong Football Club 5, Hong Kong Football Club 5B, Hong Kong Football Club L1, Hong Kong Football Club L2A, Hong Kong Football Club L2B",2871.24320971427,144,1217.8108024285675,66.05966724390474,0.05965953709519624
Tang Hoo Lang,31737,Squashathon,2867.5617054791383,72,1216.8904263697846,75.35005641737307,0.0598131142913949
Tang Ka Ki,33063,"Hong Kong Football Club L1, Hong Kong Football Club L2A, NEXUS 2",2866.418761885663,108,1216.6046904714158,176.98311691908145,0.49813666767475206
Lee Chung Hin,31477,Fusion Squash Club 1,2865.444400857543,20,1216.3611002143857,162.77504140285825,0.48008643872654116
Lee Ka Man Carmen,23756,"Hong Kong Football Club 3B, Hong Kong Football Club 6B, Hong Kong Football Club L1, Hong Kong Football Club L2B",2859.3096196507904,108,1214.8274049126976,138.9141894552279,0.4865247168843005
Chow Hester Yuk Ting,29479,"United Services Recreation Club 2, i-Mask Advance Squash Club 1",2853.9636811949194,104,1213.4909202987299,184.1389826067207,0.4273213097976516
Ng Kai Yuen Gary,30841,"Squashathon, Squashathon M+, X-Alpha 1",2846.5369766404447,60,1211.6342441601112,206.05983935691535,0.5
Pun Teddy,33217,"Hong Kong Football Club 4A, Hong Kong Football Club 6A, Hong Kong Football Club M1A, Hong Kong Football Club M2A",2842.999655796919,212,1210.7499139492297,140.33443094437558,0.3669185216882372
Tai Jacky Tsz Ki,29380,"Kinetic 1, X-Alpha 3",2840.420682492454,52,1210.1051706231135,198.44240858616135,0.47317450513358605
Ching Ho Nam Bruce,30300,Physical Chess 1,2828.0502925386663,72,1207.0125731346666,73.81346990736772,0.0598153367285386
Chiang Ieng Long,34922,"Dynamos Squash, Physical Chess 1",2817.3025891494835,76,1204.3256472873709,154.15070260858684,0.4464916853689512
Li Oliver,33205,"Hong Kong Football Club 4B, Hong Kong Football Club 5, Hong Kong Football Club 5B",2814.811675430934,48,1203.7029188577335,90.5809204520974,0.05989297860821812
Li Kin Lok,33498,"Happy Squash 1, Happy Squash 2, Happy Squash 3",2802.935377716476,96,1200.733844429119,184.31976401858256,0.4427739058970628
Cheung Ringo Hon Lam,30560,"Sha Tin 1, Sha Tin 2, Sha Tin 3",2788.6431838107474,88,1197.1607959526868,172.700490670452,0.4394464000211178
* Park Yongho Joshua,33711,"Hong Kong Football Club 3A, Hong Kong Football Club 6C, Ladies Recreation Club Div 8",2782.0367884696707,96,1195.5091971174177,147.14303927495416,0.4255325665353575
Fok Chin Ting Wicko,30838,i-Mask Advance Squash Club 1,2777.6509760567496,16,1194.4127440141874,93.52921835681003,0.05995579364658445
Lo Sing Chi,28563,i-Mask Advance Squash Club 1,2776.439768117665,36,1194.1099420294163,69.64638563762281,0.05990130683501557
Chung Shun Yeung,35022,"Sha Tin 1, i-Mask Advance Squash Club 4, i-Mask Advance Squash Club 5",2775.961216560254,72,1193.9903041400635,244.30122515120289,0.4991436272482333
Lui Ka Ho Vincent,30408,"Hong Kong Football Club 4B, Hong Kong Football Club 5, Hong Kong Football Club 5A, Hong Kong Football Club 8",2773.077667727599,64,1193.2694169318997,75.54019109890305,0.05986669823617202
Leung Sum Yi,31709,Squashathon,2767.0705211251734,28,1191.7676302812933,92.13724835767296,0.05992848797798204
Li Sum Yin,29877,"Kowloon Cricket Club 4, Kowloon Cricket Club 5, Kowloon Cricket Club L1B",2759.250551699399,60,1189.8126379248497,204.50230424593047,0.48655177562751906
Rehman Khan Niaz,31344,"Kowloon Cricket Club 3A, Kowloon Cricket Club 4, Kowloon Cricket Club 5, Kowloon Cricket Club 6B",2754.4513299468254,88,1188.6128324867063,146.9822631900871,0.43491929940926966
Leung Sum Nam,30343,"Hong Kong Cricket Club D4B, Squashathon",2752.822538379456,92,1188.205634594864,164.0203699457618,0.44994117539890083
Lui Ka Him Michael,30691,"NEXUS 2, i-Mask Advance Squash Club 1",2751.8837992247245,56,1187.9709498061811,78.54169426997154,0.05984909804316137
Yau Chase Xuanfu,33871,"NEXUS 2, NEXUS 3",2750.207194195824,48,1187.551798548956,212.62639666573065,0.4681261976631829
Chiu Hau Ching,33483,"Hong Kong Football Club 5, Hong Kong Football Club 5B, Hong Kong Football Club L1, Hong Kong Football Club L2A",2749.566066211716,132,1187.391516552929,63.48805852099,0.059650997565530654
Lam See Chun Clarence,32761,"Hong Kong Football Club 4A, Hong Kong Football Club 5, Hong Kong Football Club 5A",2726.73830886404,24,1181.68457721601,101.73912411544092,0.05994650851859992
Lam Yin Tung,32973,"ERROR, Happy Squash 2, Hong Kong Football Club L2B, JESSICA L2",2725.8131186902483,124,1181.453279672562,64.21247744525463,0.05967567399235353
Chan Terence Yiu Ki,26462,"Uncle, Uncles",2715.3286307410654,92,1178.8321576852663,72.75435273384046,0.05976674548750178
Achouch Jules Simon,33513,"Hong Kong Cricket Club 3, Hong Kong Cricket Club 4, Hong Kong Cricket Club D4B",2708.436306018197,68,1177.1090765045492,81.68847559256906,0.059882285091446906
Chan Chi Ming Keith,33725,"Hong Kong Cricket Club 5, Hong Kong Football Club 5",2705.328173249977,56,1176.3320433124943,195.5842123861847,0.4569863352284643
Choi Ho Laam,30063,"ERROR, Hong Kong Racketlon Association 1",2703.5399739210134,60,1175.8849934802533,80.32600063788414,0.05984830285398089
Yiu Cheuk Hei,33743,"Sha Tin 2, Sha Tin 3",2688.2007333395595,52,1172.0501833348899,201.74691417754812,0.4633826915018579
Au Pak Lun,33259,"Hong Kong Football Club 5, Hong Kong Football Club 5B",2683.93450965231,44,1170.9836274130776,82.98418778019821,0.05989284243109225
Au Pak Ki,33260,"Hong Kong Football Club 5, Hong Kong Football Club 5B",2682.9410620975677,56,1170.735265524392,78.66015800676422,0.0598452912999454
Wu Renee,31142,"Hong Kong Football Club L2A, Hong Kong Football Club L2B",2682.777532087798,76,1170.6943830219495,72.89864765297031,0.05978563683311658
Mohammad Gull Ilyas,27045,"United Services Recreation Club 2, United Services Recreation Club M2, United Services Recreation Club M3",2680.7276871317335,148,1170.1819217829334,173.2319864738697,0.40286907413043893
Lai Alvin Ka Kit,28209,"ERROR, Hong Kong Racketlon Association 1",2674.0328617201376,64,1168.5082154300344,72.85498358292648,0.05983336547082239
Chan Ming Yan Calvin,28809,Global Squash 1,2656.405869591318,128,1164.1014673978295,153.78705199676673,0.4255297370922198
Yu Wang Chi,30229,"X-Alpha 2, X-Alpha 3",2629.9179672620985,96,1157.4794918155246,149.29328626298192,0.43106206916254775
Fung Stephen Tsz Pan,27094,"Uncle, Uncles",2628.7734715936604,84,1157.193367898415,74.34377466733194,0.05977407483664777
Choi Celia Uen Shan,28862,Hong Kong Football Club L2B,2626.052487475192,84,1156.513121868798,72.42935726108394,0.05977163084632694
Li Ho Sum,32815,"Kowloon Cricket Club 5, Kowloon Cricket Club 6A",2625.7809865680965,104,1156.4452466420241,66.8680309151654,0.05972801819078197
Kwong Sarah Wing Yan,29759,"ERROR, Hong Kong Cricket Club D4A, Hong Kong Cricket Club L2, Hong Kong Racketlon Association 1",2619.2834805099646,136,1154.8208701274912,64.03824303343305,0.05963147029499971
Yu Hiu Ching Nicole,33381,"Fusion Squash Club 1, Hong Kong Cricket Club L2",2616.5912190948357,36,1154.147804773709,169.22780617758335,0.46837160987741777
Tang Lok Yin,32958,"Kowloon Cricket Club 3A, Kowloon Cricket Club 4, Kowloon Cricket Club 7, Kowloon Cricket Club L2, Kowloon Cricket Club L2B",2615.268226122582,148,1153.8170565306455,68.42954523046933,0.0596719466707933
Chung Ka Yau,32992,"Hong Kong Football Club 6C, Hong Kong Football Club L1, Hong Kong Football Club L2B, Kowloon Cricket Club 5, Kowloon Cricket Club L2A",2612.343683183726,128,1153.0859207959315,166.87027824322885,0.4842745149692304
Egginton Matthew,33235,"Electrify Squash Div 6, Sha Tin 1",2571.4885355198567,80,1142.8721338799642,179.06924176067938,0.48495253924201287
Wong Ryan Chun Hung,30048,"Electrify Squash Div 6, Sha Tin 2",2568.70399793488,92,1142.17599948372,182.59771328192915,0.4448834905015536
Lau Wai Tung,31957,"Kowloon Cricket Club 6B, Kowloon Cricket Club L2, Kowloon Cricket Club L2B",2568.1699025867083,164,1142.042475646677,60.518525091689774,0.059558042964367876
Wong Suet Ling,32543,"Kowloon Cricket Club 3A, Kowloon Cricket Club 4, Kowloon Cricket Club 7, Kowloon Cricket Club L2, Kowloon Cricket Club L2A",2568.1314589249814,120,1142.0328647312454,69.55053100588526,0.05970736271417612
Ho Ka Wing Janice,28776,"Kowloon Cricket Club L2, Kowloon Cricket Club L2B",2560.2254695729544,100,1140.0563673932386,69.15770616799206,0.059726824264592825
Cheng Tsz Hei,33163,"Striving Squash, YLJR",2554.5788116624253,36,1138.6447029156063,221.80885746905795,0.47777109041981025
Li Ka Man,33285,"JESSICA L1, JESSICA L2, Kowloon Cricket Club 5, Kowloon Cricket Club L2A",2547.0937004662883,132,1136.773425116572,153.05621654107998,0.41194660647346604
Chan Hoi Hei,33185,"Sha Tin 2, Sha Tin 3",2537.7632349487612,84,1134.4408087371903,162.32270124931495,0.4423267700465283
Gates Stuart,32455,"Hong Kong Football Club 1B, Hong Kong Football Club M1B, Hong Kong Football Club M2B",2531.2124825179408,124,1132.8031206294852,184.91335804742175,0.49867141357138783
Tam Raymond Kin Wai,28747,Squashathon,2528.522398441427,28,1132.1305996103567,75.71699680471595,0.059920937569419803
Tjia Jonathan,33660,"Hong Kong Football Club 5B, Hong Kong Football Club 6B, Hong Kong Football Club M2B",2526.433450255344,144,1131.608362563836,63.97400269522384,0.05960551040505898
Nihalani Manoj,25742,"Hong Kong Football Club M2B, Ladies Recreation Club Div 6",2517.375731673449,76,1129.3439329183623,72.63328442658586,0.05979164115861416
Achouch Frank,29549,"Hong Kong Cricket Club 4, Hong Kong Cricket Club D4A, Hong Kong Cricket Club D6, Hong Kong Cricket Club M1B, Hong Kong Cricket Club M2",2516.3919100436906,176,1129.0979775109226,158.6998593782892,0.38815654544262373
Barmont Alexandre,31125,"Hong Kong Football Club 4B, Hong Kong Football Club M2A, Hong Kong Football Club M2B",2515.4800129848054,100,1128.8700032462013,152.175336225284,0.41910324371320373
Wei Stephen J.,33719,"Hong Kong Football Club 5A, Hong Kong Football Club M2A",2514.4614697235684,72,1128.615367430892,58.20758342853024,0.05981773291699589
Fung Eric Kit Wing,13834,Uncle,2501.4783425951273,40,1125.3695856487818,69.5644044054623,0.05989533866769298
* Leung Adco,30998,"Ladies Recreation Club Div 6, Ladies Recreation Club Div 8, Ladies Recreation Club M1",2500.2748047509886,84,1125.0687011877471,157.92124804259853,0.45246699497124104
Lam Jannis Wing Hei,29160,"Kowloon Cricket Club 4, Kowloon Cricket Club 6B, Kowloon Cricket Club L1B",2498.5168068818066,56,1124.6292017204516,198.30269268493072,0.48954967553710405
Cheung Tin Yui,33657,"Happy Squash 1, Happy Squash 2, Hong Kong Cricket Club L2",2498.4028507986304,120,1124.6007126996576,63.12057631059655,0.059692022603077065
Tung Wing Yan,30551,"Kowloon Cricket Club 6B, Kowloon Cricket Club L2, Kowloon Cricket Club L2B",2495.483438036188,152,1123.870859509047,56.834689910239526,0.05958726406011621
Kan Ho Yin Alex,29844,Global Squash 1,2456.187978107523,120,1114.0469945268808,146.72831049677555,0.41161208386995407
Yu Wai To,17506,The Squash Club 1,2440.047615026024,8,1110.011903756506,123.64924904828497,0.059980959989383374
Law Tom Kwok Keung,26368,"Uncle, Uncles",2439.028367829489,80,1109.7570919573723,74.42742520204465,0.05979124668679666
Moreu Horacio,33587,Ladies Recreation Club M2,2424.411323855971,52,1106.1028309639928,62.517390161007256,0.05985471409212493
Wong Tsz Him,28210,"Physical Chess 1, Sha Tin 6",2414.912829489649,44,1103.7282073724123,83.06258985511882,0.05989157284798796
Lai Ming Chak Marco,29769,"X-Alpha 2, X-Alpha 3",2414.0742512641737,60,1103.5185628160434,76.43798033827474,0.0598529039551726
Leung Ngo San,33952,Fusion Squash Club 1,2411.6917549687687,60,1102.9229387421922,189.8838001422407,0.45442312455118516
Yeung Yurisa,29542,"Hong Kong Football Club 5, Hong Kong Football Club 5A, Hong Kong Football Club 6B, Hong Kong Football Club 7A, Hong Kong Football Club L2B",2408.7359361870967,232,1102.1839840467742,58.75725462843849,0.05938801151425855
Tam Ji Jun,30009,"Hong Kong Cricket Club D4B, Squashathon",2407.7517106669884,68,1101.937927666747,73.27359184182524,0.059833516911055096
Lam Allen Kar Fai,29546,"Hong Kong Football Club 6A, Hong Kong Football Club M2A",2407.390047380776,88,1101.847511845194,215.33809500775385,0.45425855935879195
Choi John Wing Yiu,18277,Kowloon Cricket Club 6A,2395.491491769464,36,1098.872872942366,90.61777480439046,0.05990486620095939
Tang Kam Keung,29980,Squashathon,2394.864478862686,28,1098.7161197156715,94.81174081907855,0.059932787540855285
Chan Weldon,34705,"Hong Kong Cricket Club 3, Hong Kong Cricket Club 4, Hong Kong Cricket Club D4A, Hong Kong Cricket Club D6",2387.4469980306367,52,1096.8617495076592,207.741394044167,0.458322948089839
Skinn Christopher Andrew,31975,"Hong Kong Cricket Club 3, Hong Kong Cricket Club D4A, Hong Kong Cricket Club M2, Hong Kong Cricket Club M2B",2383.9962754052785,84,1095.9990688513196,180.46749449215127,0.43872447061035225
Lai Thomas Chun Sang,28207,Physical Chess 1,2380.62308008566,36,1095.155770021415,85.38775348995476,0.05990642733742289
Leung Ethan Ka Hin,30041,"Electrify Squash Div 6, Sha Tin 2",2375.1096654469366,76,1093.7774163617341,199.6360134701305,0.4480547100180219
Cheung Parco,31071,Hong Kong Football Club 5,2372.9912399915347,4,1093.2478099978837,163.3191367728701,0.05999212416860224
Leung Tsz Shan,32764,"Hong Kong Football Club L2A, Hong Kong Football Club L2C, Sha Tin 2, X-Alpha 2",2365.824436150724,100,1091.456109037681,70.92486918606896,0.059743117784162206
Bruwer Frank,30507,"Hong Kong Cricket Club 3, Hong Kong Cricket Club D6, Hong Kong Cricket Club M1A, Hong Kong Cricket Club M2, Hong Kong Cricket Club M2B",2362.8208314356352,124,1090.7052078589088,141.2049578296083,0.45244285001806744
Cheung Ka Man,32480,"Hong Kong Football Club L2A, Hong Kong Football Club L2C, X-Alpha 2, X-Alpha 3",2362.7628438885204,124,1090.69071097213,68.46648740863657,0.059652370999573365
Hau Venus,32176,"Kowloon Cricket Club 6B, Kowloon Cricket Club L2, Kowloon Cricket Club L2B",2342.7190040846617,152,1085.6797510211654,63.23288833446372,0.059583982291892865
Wong Chung Ching Karen,29078,"Hong Kong Football Club 4B, Hong Kong Football Club 6B, Hong Kong Football Club L2A, Hong Kong Football Club L2B, Physical Chess 1",2327.7696370200365,108,1081.9424092550091,70.64409144565829,0.05971659333748509
MacDougall Brian,24902,"Hong Kong Football Club 4A, Hong Kong Football Club 6A, Hong Kong Football Club M2A",2327.5299284548273,68,1081.8824821137068,64.27553440035354,0.059848988261969584
Su Heng Man,34921,"Dynamos Squash, Physical Chess 1",2323.426451203055,44,1080.8566128007637,86.32175379519917,0.05990231956155072
Li Pinky Wing Shan,27906,Kowloon Cricket Club 6A,2323.039629603676,68,1080.759907400919,79.41342325465034,0.0598114043701189
Sha Steven,30809,"Ladies Recreation Club M2, Ladies Recreation Club M2B",2318.871946337372,44,1079.717986584343,88.3724408282034,0.05988911333060453
Wong Yuen Kiu,31681,"ERROR, Hong Kong Cricket Club L2, Hong Kong Racketlon Association 1",2295.579485951248,64,1073.894871487812,75.92898757075112,0.05983846933430738
Cho Nicholas Min-Suh,33702,"Ladies Recreation Club Div 6, Ladies Recreation Club Div 8",2291.7652271289426,60,1072.9413067822356,78.794852650537,0.059866690360980135
Barr Shane,33717,"Hong Kong Football Club 4A, Hong Kong Football Club 6A, Hong Kong Football Club 6B",2284.5207645246974,72,1071.1301911311743,72.34544867701666,0.059814665155046236
Ng Carven Chi Ho,22573,"Electrify Squash Div 6, United Services Recreation Club M2",2284.158262125319,16,1071.0395655313298,99.67262578939763,0.0599646956310263
Lau Yan Kiu,28444,Global Squash 1,2280.090965245294,76,1070.0227413113234,74.2775033832645,0.059796074705378156
Katsande Danai,32382,Hong Kong Football Club 6C,2265.660433922052,84,1066.415108480513,69.4056093298955,0.05975784240228981
Lam Jillian,32422,Hong Kong Football Club L2C,2261.633344373513,32,1065.4083360933782,75.08789632658309,0.05992084256397913
Lau Justin Kai Tung,29005,"Squashathon, Squashathon Zero",2255.3053744101644,52,1063.826343602541,79.23480698352972,0.05987808212224154
Caveney Barry John,32896,"Hong Kong Cricket Club 4, Hong Kong Cricket Club D6, Hong Kong Cricket Club M2, Hong Kong Cricket Club M2A",2246.9623883602135,84,1061.7405970900534,70.36067164145868,0.0597705824231334
Leong Se Chun,35096,"United Services Recreation Club 2, United Services Recreation Club M2",2235.0593969095917,32,1058.764849227398,89.60024139603514,0.059910793773148084
Lamb Russell,32993,"Hong Kong Cricket Club 4, Hong Kong Cricket Club D4A, Hong Kong Cricket Club D6, Hong Kong Cricket Club M1A, Hong Kong Cricket Club M2, Hong Kong Cricket Club M2A",2234.2168769521686,88,1058.5542192380422,73.41867350310041,0.05977393305483191
Leung Nok Yi,33372,Hong Kong Football Club 6A,2233.7473275945695,20,1058.4368318986424,84.38332902569266,0.05994572793032748
Lambert Jack Masaki,33679,Hong Kong Football Club 6B,2229.500568047517,16,1057.3751420118792,88.85853476658953,0.05995974725501279
Chan Siu Kwan,29657,"Friend Club 3, Uncles",2215.558621598885,100,1053.8896553997213,190.92493642144353,0.4236983964262128
Ho Yiu Wah Hendry,29182,"Kowloon Cricket Club 4, Kowloon Cricket Club 6B, Kowloon Cricket Club M3, Royal Hong Kong Yacht Club M3",2203.6712524102204,212,1050.917813102555,57.06649007526504,0.05939893932536865
Raducki Stephen,32152,"Hong Kong Football Club 6A, Hong Kong Football Club M2A, Social Squash Team",2202.0838004392444,160,1050.520950109811,59.67619417577736,0.05953548473582445
Chow Ming Hei Quincy,30876,"United Services Recreation Club 2, United Services Recreation Club M2, United Services Recreation Club M3",2195.941499202395,180,1048.9853748005987,60.51938430484058,0.059517792792200874
Ip Hayley Hoi Ning,29265,Hong Kong Football Club L2B,2190.1114975485134,44,1047.5278743871283,84.14230767052622,0.05987188399795142
Leung Phoebe Hei Ting,28221,"Kowloon Cricket Club 3B, Kowloon Cricket Club 5, Kowloon Cricket Club 6B, Kowloon Cricket Club L2, Kowloon Cricket Club L2B",2186.6072679649305,96,1046.6518169912326,72.53061628585125,0.05976298245597199
Yeung Ka Chun,32117,Electrify Squash Div 6,2183.787116256497,16,1045.9467790641243,91.14175953366238,0.059955385246839896
Hung Wai Kwan,30647,UST,2182.6691075811586,32,1045.6672768952897,75.12480100857792,0.05990684319053959
Rach Duncan Ai,34073,"Hong Kong Football Club 6B, Ladies Recreation Club Div 8",2180.6490481360033,80,1045.1622620340008,70.36279438717095,0.05977671409818749
Pudwill Alexander Stephan,33947,"Hong Kong Football Club 6B, Hong Kong Football Club 6C",2179.7744483975293,88,1044.9436120993823,68.42273639647213,0.059759353264544325
Lo Ho Yin Terry,28403,Hong Kong Football Club 6A,2178.1752458746014,16,1044.5438114686503,104.82476555843981,0.0599597701564879
Joel Neoh Eu Jin,34942,Ladies Recreation Club M2B,2177.010754086182,48,1044.2526885215455,63.54748203060479,0.05987231946035
Lai Chun Yip Leo,28316,"UST, United Services Recreation Club 1",2176.879930054919,60,1044.2199825137297,176.29372257036803,0.453748112198347
Szeto Chi Yan Stanley,27202,Hong Kong Football Club M2A,2173.7818665335008,4,1043.4454666333752,156.0484428368954,0.05999092730214505
Bidal Jay,32927,"United Services Recreation Club 2, United Services Recreation Club M2, United Services Recreation Club M3",2171.8584470620135,192,1042.9646117655034,60.77059090942111,0.05948694061649224
Janes Gareth,28987,"Hong Kong Cricket Club 4, Hong Kong Cricket Club D6, Hong Kong Cricket Club M1A, Hong Kong Cricket Club M2, Hong Kong Cricket Club M2B",2170.4282809836905,188,1042.6070702459226,57.79371049153544,0.05947026500256182
Chan Olivia,29170,"Hong Kong Football Club 7B, Hong Kong Football Club L2A, Hong Kong Football Club L2B",2168.588800290443,128,1042.1472000726108,66.39950210273047,0.05963749087604945
Leung Shin Nga,26625,ERROR,2165.0722841606794,4,1041.2680710401698,167.03726852962103,0.059992784210408164
Li Cheryl Wing Sze,30072,"Kowloon Cricket Club 6A, Kowloon Cricket Club L2",2160.1171912818772,40,1040.0292978204693,80.42956109642815,0.05988668089412423
Derouet Yann,33109,"Hong Kong Football Club 6A, Hong Kong Football Club M2B",2155.775448487587,168,1038.9438621218967,61.15671575995798,0.05951125702248647
Chow Tat Keung,20356,"i-Mask Advance Squash Club 1, i-Mask Advance Squash Club 2",2152.6913123348386,92,1038.1728280837096,66.79792106436565,0.05979237529870332
Au Jovi Chun Tat,19464,"Kowloon Cricket Club 6A, Kowloon Cricket Club M3",2151.7189329281455,80,1037.9297332320364,72.19003714715777,0.059778448154225707
Leung Chi On,31982,"Ladies Recreation Club Div 6, Ladies Recreation Club Div 8, Ladies Recreation Club M2, Ladies Recreation Club M2A",2147.091238952583,112,1036.7728097381457,64.37332483932948,0.05968446154730141
Chan Martin Lok Yin,28488,"i-Mask Advance Squash Club 1, i-Mask Advance Squash Club 2",2146.2718201625485,56,1036.5679550406371,76.20212892474865,0.05987912187572859
Ramachandran Arjun,33857,"Hong Kong Football Club 4B, Hong Kong Football Club 6B, Hong Kong Football Club 7B, Hong Kong Football Club 8",2144.0912282948675,100,1036.0228070737169,68.11641487377223,0.05973151262746104
Dong Bo Ang,33663,"NEXUS 2, NEXUS 3, Vitality Squash 1",2141.108802597132,80,1035.277200649283,76.58795116998533,0.059806189173448494
Wong Ching Nam,29907,i-Mask Advance Squash Club 1,2140.0497276782326,48,1035.0124319195581,76.43598969321553,0.059872141660765994
Hui Kwai Wah Monique,29587,"Hong Kong Cricket Club 6, Hong Kong Cricket Club D4A, Hong Kong Cricket Club D6, Hong Kong Cricket Club L1, Hong Kong Cricket Club L2",2138.5784140858477,164,1034.644603521462,61.21548690223995,0.0595679042377699
Kumar Ruchika,29510,"Hong Kong Football Club L2A, Hong Kong Football Club L2C",2136.248897665989,8,1034.0622244164972,136.00214232103255,0.05998210130308338
Sze James Wang Cho,23073,"Friend Club 3, Uncles",2132.464104174508,104,1033.116026043627,70.27022680982897,0.05969665668033329
Fung Thomas Ho On,25980,"Squashathon, The Squash Club 2",2128.887232028934,64,1032.2218080072334,78.46940114231458,0.05985608161006166
Law Hei Yau,32467,"Happy Squash 2, Hong Kong Football Club L2B, Hong Kong Football Club L3B",2128.139644823167,136,1032.0349112057918,64.19316091459577,0.059662768099119995
Leung Ka Chun,31760,"Uncle, X-Alpha 3",2127.7730638166195,56,1031.9432659541549,78.32503347639646,0.059852325441356505
Li Chi Hei,29729,"ERROR, i-Mask Advance Squash Club 1",2123.081183516095,76,1030.7702958790237,58.316994023434745,0.059785281869400526
Liu Chun Hin Heron,27474,Xavier,2122.945703027606,128,1030.7364257569016,63.578835460024166,0.0596203158257779
Ng Paul Lap Yan,27257,"Hong Kong Football Club 6C, Hong Kong Football Club M2A",2114.3441975189153,84,1028.5860493797288,74.80669044336373,0.05976634967385245
Cheng Tak Kwong,17999,"Kowloon Cricket Club 6A, Kowloon Cricket Club M3",2100.5083243573245,172,1025.127081089331,56.66428084417884,0.059502903463826806
Catherine Loic,34084,Social Squash Team,2098.4396171323206,88,1024.6099042830801,68.89739923916882,0.05973900446850738
Van Gregory,34505,"Hong Kong Football Club 6A, Hong Kong Football Club 6C",2095.5954078968766,72,1023.8988519742192,188.48132808324021,0.44281012563353606
Tanner Julian,28057,"Hong Kong Football Club 5A, Hong Kong Football Club 6C, Hong Kong Football Club M2A, Hong Kong Football Club M3B",2095.4825769325853,216,1023.8706442331463,59.30507932715332,0.05938665755566245
Chan Gabriel Emmanuel,32416,"Sha Tin 2, Sha Tin 3",2093.029432680984,80,1023.257358170246,68.4426374559299,0.05978213611409642
Watt Ben,31604,Hong Kong Football Club 6B,2086.8629359044808,52,1021.7157339761202,84.72640153544879,0.05985995512616124
Wong Chi Hang Frankie,30932,UST,2086.1795641909885,88,1021.5448910477471,68.04688070893923,0.05974810615062562
Leung Ka Long,29728,"i-Mask Advance Squash Club 1, i-Mask Advance Squash Club 3",2082.7783276877726,60,1020.6945819219432,73.41069462415807,0.05983277864302241
Ting Long Hin Alex,31659,Physical Chess 2,2070.530249518908,52,1017.632562379727,63.82047987927391,0.059849528639509715
Cross David,28751,"Hong Kong Football Club 6B, Hong Kong Football Club M2B",2065.979514788748,36,1016.494878697187,88.88349088374967,0.05990217467547247
Ng Adrian,27119,"Hong Kong Football Club 6A, Hong Kong Football Club M2A, Hong Kong Football Club M3A",2061.7398508745714,208,1015.4349627186429,56.27871846589514,0.05942258599290811
Wong Hui Sing,33142,"The Best Group 1, Thunder 1",2057.949667809401,92,1014.4874169523503,68.29668468485289,0.05973270530213357
Lau Kwai Hong,20790,"Hong Kong Cricket Club 6, Hong Kong Cricket Club D7A",2055.283068646147,64,1013.8207671615368,74.11127176137973,0.05981202067188222
Cheng Victor Kwok Wai,20440,"Kowloon Cricket Club 5, Kowloon Cricket Club 6B, Royal Hong Kong Yacht Club M3",2054.3068805419966,200,1013.5767201354992,60.91049219004987,0.05943516884619709
Lim Marcus,34239,"Hong Kong Football Club 6C, Hong Kong Football Club 7A",2053.005560929091,108,1013.2513902322728,65.77416128533193,0.059694897806879775
Swan Owen,32975,"Banbil, Ladies Recreation Club Div 6, Ladies Recreation Club M1, Ladies Recreation Club M2, Ladies Recreation Club M2B",2051.9850122248135,208,1012.9962530562034,58.05752833496017,0.0594629743521585
Li Clarissa,31901,"Happy Squash 2, Hong Kong Football Club L3A",2045.2769177225036,72,1011.3192294306259,75.34594642249095,0.059820578754986364
Leung Gabriel Ho Long,28477,Electrify Squash Div 6,2043.362292697981,20,1010.8405731744953,83.31903280496059,0.059943913005375736
Lo Kenneth Kin Cheung,28913,"Hong Kong Football Club 6B, Hong Kong Football Club 6C, Hong Kong Football Club M2B",2031.0311016829419,132,1007.7577754207355,61.96794915105278,0.05962068569020001
Lau Karen Siu Ying,25833,"JESSICA L2, JESSICA L3",2029.1194636271885,32,1007.2798659067971,89.46255369799539,0.05991504192083173
Buckland Paul Edwin Kim,32216,"Hong Kong Cricket Club 4, Hong Kong Cricket Club D7B, Hong Kong Cricket Club M2, Hong Kong Cricket Club M2A",2027.273369594835,72,1006.8183423987088,76.0276740267044,0.05979599792694488
Ho Miu Sze,29207,"Hong Kong Cricket Club L3, i-Mask Advance Squash Club 1, i-Mask Advance Squash Club 2",2022.7070569458983,84,1005.6767642364746,68.8219910275471,0.05980004444009348
Kwok Yau Yau,34169,"Sha Tin 2, TNG 1",2022.3876569070708,64,1005.5969142267677,167.6093598820477,0.45890903322816123
Mountford Graham,32160,"Hong Kong Football Club 5B, Hong Kong Football Club 6A, Hong Kong Football Club 6C, Hong Kong Football Club M2A",2021.1204771033517,128,1005.2801192758379,67.21488532783928,0.05964409270271364
Li Andrew Man Kwun,28691,Ladies Recreation Club Div 6,2014.5946097267556,24,1003.6486524316889,77.46895849673963,0.059931938894188866
Chan Yin Wang,33565,"NEXUS 2, NEXUS 3",2009.1993669537023,52,1002.2998417384256,82.24993621722399,0.05987534159891888
Leung Dick Kan Fai,16988,Old Squash Fellows,2007.9950347825124,60,1001.9987586956281,60.05814515397192,0.059831007297519286
Cheung Dickson Yuk Kuen,20318,"Kowloon Cricket Club 6B, Kowloon Cricket Club M3",2004.7863911336185,96,1001.1965977834046,67.11215984148252,0.05972183352280464
Chan Chi Ming Mike,28700,Social Squash Team,1998.2476619448325,20,999.5619154862081,85.31633053845623,0.05994475503082445
Lui Parkson Bryan,34011,Fusion Squash Club 1,1996.4160225831083,28,999.1040056457771,91.54914548137883,0.059925319987596044
Ching Andus Kin Nok,29051,Global Squash 1,1994.7609523532665,60,998.6902380883166,221.26866839577033,0.45505697001126333
Chan Tat Wing,27911,Xavier,1991.4328155780986,64,997.8582038945246,58.87706323011485,0.0598135182927363
Mei Tian Xiao,34209,Fusion Squash Club 1,1990.4506674869417,48,997.6126668717354,85.97596270816815,0.05987002810455662
Leung Kam Yan,32041,"Happy Squash 2, Hong Kong Cricket Club L2, Physical Chess 2",1988.5869811530397,96,997.1467452882599,192.854320442811,0.4333479374615473
Law Hong Ting Kelvin,30201,"Global Squash 1, Global Squash 2",1988.4289002848454,140,997.1072250712114,65.2830728323216,0.0596432327955175
Hoogendijk Mark,28905,"Hong Kong Cricket Club 4, Hong Kong Cricket Club D6, Hong Kong Cricket Club M2",1987.4576919201727,52,996.8644229800432,80.20531179024807,0.059845730070239175
Cheong Wan Seng,34924,"Dynamos Squash, Physical Chess 3",1981.6112764627724,44,995.4028191156931,82.62750398470027,0.05987856133510048
Hathiramani Dinesh,21930,"Hong Kong Football Club 6A, Hong Kong Football Club M2A, Hong Kong Football Club M3A",1981.1773877172814,176,995.2943469293203,59.649230094312635,0.05949640485941286
Chau Po Yin,26879,TOMCAT,1980.0512142911589,88,995.0128035727897,67.67386831857414,0.05976156353745846
Chu Daniel Ching Kwok,29330,"Physical Chess 1, Physical Chess 2",1979.1486594727908,28,994.7871648681977,77.76270373901296,0.05992674215486074
Lee Darren Ching Him,27616,"Physical Chess 2, Physical Chess 3",1979.0661728361092,64,994.7665432090273,74.78484510351345,0.05981935868847084
Chan Kai Ki,1792,Kowloon Cricket Club 6B,1977.4532233810005,12,994.3633058452501,106.0041298515848,0.059967478938458954
Li Leanne Gi Ming,27369,Hong Kong Cricket Club L2,1972.6471191366663,68,993.1617797841666,79.33569045696207,0.05981904927932383
Yeung Himmy Cheuk Him,30409,"Hong Kong Football Club 5, Hong Kong Football Club 5B, Hong Kong Football Club 7B",1968.485858696975,120,992.1214646742437,65.03421678179501,0.05964260998488684
Kan Ken Chun Kit,23916,"SKCSC M4, The Squash Club 1, The Squash Club 2",1967.0725838656963,100,991.7681459664241,62.565299509939344,0.05977923585582454
Kenny Gareth,33811,"United Services Recreation Club 1, United Services Recreation Club 2, United Services Recreation Club M2, United Services Recreation Club M3",1962.036096946224,128,990.509024236556,65.29091633687057,0.05965848599072401
Heritage Jonathan Paul,32639,"Hong Kong Cricket Club 4, Hong Kong Cricket Club D6, Hong Kong Cricket Club M2, Hong Kong Cricket Club M2B, Hong Kong Cricket Club M3",1961.0217371734625,120,990.2554342933656,63.25479511322623,0.0596527018111136
Li Andre,34185,"Hong Kong Football Club 6C, Hong Kong Football Club 7B",1960.4966052194468,84,990.1241513048617,72.63249462620843,0.05975607253842536
Ternes Daniel,27058,"Hong Kong Cricket Club 4, Hong Kong Cricket Club D6, Hong Kong Cricket Club M2, Hong Kong Cricket Club M2B",1960.3806501307,132,990.095162532675,64.46315718877308,0.05961290619668036
Lee Roger Chi Lam,24690,Friend Club 3,1959.8131012103058,44,989.9532753025765,65.28434513492022,0.059874531529881675
Kwok Charmaine,32182,"Hong Kong Cricket Club L2, Ladies Recreation Club Div 6, Ladies Recreation Club M2, Ladies Recreation Club M2A",1958.5353640017347,96,989.6338410004337,70.69751697713646,0.05973322196731999
Dai Kwun San Harry,29167,"Physical Chess 1, Physical Chess 2",1957.3892666917782,92,989.3473166729445,68.27016051124743,0.059732640034569316
Mak Chun Wai,29350,"ERROR, Global Squash 1",1956.227260184592,124,989.056815046148,64.96648526329652,0.059631156585941474
Wong King Tat,31720,"Electrify Squash Div 6, Squashathon",1954.9325120627082,28,988.733128015677,76.97564602802203,0.05992466045600021
Fung Gary Fuk Ming,20199,"Kowloon Cricket Club 6A, Kowloon Cricket Club M3",1953.7483934450775,64,988.4370983612694,70.35526729691749,0.05982152890423204
Lai Tak Wai,20886,"Kowloon Cricket Club 5, Kowloon Cricket Club 6A, Kowloon Cricket Club 6B, Kowloon Cricket Club M3",1951.8029841675202,68,987.95074604188,70.23592749539462,0.05980909464547298
Li Samuel Kwok Sing,27166,"Hong Kong Football Club 7B, Hong Kong Football Club M3A",1950.6340878628448,136,987.6585219657112,63.66123213996251,0.059609950183999755
Lin Charles Lan Kay,29670,Kinetic 1,1944.55094815467,68,986.1377370386675,72.92557468397206,0.05979700399028784
Ho James Wai Kin,22347,"Friend Club 3, Uncles",1944.3789077161468,44,986.0947269290367,83.98486707422109,0.05987465124443106
Denham Paul,27525,"Hong Kong Cricket Club 4, Hong Kong Cricket Club M2A",1939.7886955916579,56,984.9471738979145,58.69250636295951,0.05983930689318768
Mishra Ipsa,34129,"Hong Kong Football Club L2A, Hong Kong Football Club L3B",1935.364114483959,64,983.8410286209897,78.19275862533982,0.05983584763709535
Scheepers Bradley,32491,"Hong Kong Football Club 6B, Hong Kong Football Club M2B",1933.8454553873808,60,983.4613638468452,75.80723926471526,0.05983021323728103
Cheung Tsz Loi Linus,31484,Physical Chess 2,1931.5228651897883,16,982.8807162974471,94.08575202209012,0.05995936438205853
Cheng Chi Yan,25321,"Kowloon Cricket Club 6A, Kowloon Cricket Club M3",1931.4604501278404,36,982.8651125319601,83.18628804927283,0.05990075039098373
Li Shun Yiu,27277,"Star River 1, The Squash Club 1",1930.3434662784034,28,982.5858665696009,102.20758975812744,0.05994862711702778
Toernell Henrik,33043,"Social Squash Team, Vitality Squash 1",1925.7590697869337,52,981.4397674467334,78.06471871260233,0.05984894561757258
Amjad Nauman,33226,"Ladies Recreation Club Div 6, Ladies Recreation Club M2, Ladies Recreation Club M2A",1923.7374442436035,128,980.9343610609009,62.6146204855264,0.05962125555725532
Choy Chun Hei Bosco,33479,"Happy Squash 2, Happy Squash 3",1919.1857505724788,80,979.7964376431197,71.7240556930798,0.05979506425647993
Au Alex Ka Man,24839,"The Best Group 1, Thunder 1",1915.322332352317,100,978.8305830880793,69.83098627952245,0.059710325061779826
Porter Darrell Lee,34504,"Hong Kong Football Club 5B, Hong Kong Football Club 6B, Hong Kong Football Club 7A",1915.0241377655088,104,978.7560344413772,66.03322079691577,0.059695545965291974
Man Wing Ping Wilson,21900,"Kowloon Cricket Club 6A, Kowloon Cricket Club M3",1912.2342665652268,60,978.0585666413067,175.7796491315013,0.49556807518595425
Bhammer Vishal,27832,"Hong Kong Cricket Club 5, Hong Kong Cricket Club D7A, Hong Kong Cricket Club M1A, Hong Kong Cricket Club M3",1910.5341893508303,56,977.6335473377076,80.20975189266616,0.059862593177004146
Wong Wai Lap,33402,"Physical Chess 1, Physical Chess 2",1909.37941743492,88,977.34485435873,68.90986761451956,0.059745877110136195
Sheppard Drew,26916,Kowloon Cricket Club 7,1907.687901490876,16,976.921975372719,93.84425529265869,0.059959258714056704
Ladharam Sunesh,30483,"Hong Kong Football Club 6B, Hong Kong Football Club 7A, Hong Kong Football Club M2A, Hong Kong Football Club M3A",1904.6961170361437,148,976.1740292590359,57.366855260201284,0.059576825127376574
Poon Ho Kar James,26416,"The Squash Club 2, United Services Recreation Club M3",1904.040964908871,132,976.0102412272178,65.06472735590663,0.0596152251638381
Ho Simon Man Kai,29660,"Hong Kong Football Club 6B, Hong Kong Football Club 7A, Hong Kong Football Club M2A, Hong Kong Football Club M2B, Hong Kong Football Club M3B",1897.8160141506974,168,974.4540035376743,58.31581406466882,0.05951309725333793
Kwok Chi Hang,29343,UST,1896.6002392538471,56,974.1500598134618,78.91671331762004,0.05983803640624501
Kareena Sashikumar,35489,JESSICA L3,1894.8130681080688,4,973.7032670270172,156.84296580989474,0.05999106061351382
Yung Lok,32072,i-Mask Advance Squash Club 2,1894.326517927249,36,973.5816294818122,69.68619591557095,0.05990295091735901
Hui Fu Wing Edwin,33134,The Squash Club 2,1888.8516614217392,4,972.2129153554348,157.7222242463046,0.05999109495149358
Ng Alan Chi Fung,32801,"Hong Kong Football Club 6C, Hong Kong Football Club 7A, Hong Kong Football Club 8, Hong Kong Football Club M2B",1887.4836756904483,92,971.8709189226121,70.30011292429626,0.05973319384576269
Yang Sihan,33781,"Fusion Squash Club 1, Hong Kong Football Club JSA, Hong Kong Football Club L3A, Hong Kong Football Club L3B",1887.2681291037484,100,971.8170322759371,67.4094131904179,0.059738196779478524
Lau Lily Wun Cheung,27290,Kinetic 1,1886.4573429070988,68,971.6143357267747,72.55969719436845,0.059799471475576516
Yeung Tsz May,29282,X-Alpha 3,1885.4917773599955,40,971.3729443399989,69.5954584048005,0.059884699566144985
Chiang Chi Shing Michael,29348,Hong Kong Football Club 6C,1878.6269499315304,40,969.6567374828826,90.72561094025512,0.05988411279635924
Chan Andy Kin Wing,21950,"Kowloon Cricket Club 6A, Kowloon Cricket Club M3",1877.2913477030852,76,969.3228369257713,72.44447063798643,0.05978000875668269
Mulchand Rajesh,30396,"Hong Kong Football Club 6B, Hong Kong Football Club 6C, Hong Kong Football Club M3B",1876.3377486023987,124,969.0844371505997,63.69714371965183,0.05964539252522712
Yum Chun Ting,29088,"The Squash Club 1, The Squash Club 2",1872.912833795514,36,968.2282084488785,72.81324253562173,0.059907318074218265
Chan Hei Wai Henry,32166,"The Best Group 1, Thunder 1",1872.2979563996228,84,968.0744890999057,71.91186950586682,0.05974883793814279
Stearn Nicholas,29504,"Hong Kong Cricket Club D6, Hong Kong Cricket Club M2A, Hong Kong Cricket Club M3",1870.8038492573378,64,967.7009623143344,67.90687550332123,0.059829265830683556
Poon Sunny Yat Sing,17325,"OSF, Old Squash Fellows",1868.2803968834578,92,967.0700992208644,68.63092956936816,0.05972829277342541
Cheng Chun Yin,31531,Squashathon Zero,1867.84733016893,88,966.9618325422325,67.55682063551023,0.05975805348211914
Chan Wan Fei,30098,UST,1865.8466436842887,64,966.4616609210722,72.44794481382326,0.05980593864628581
Chan Chi Hang,23926,Electrify Squash Div 6,1863.343387368182,12,965.8358468420455,105.67053676109006,0.05996842976459156
Wong Chak Sum Ocean,33018,X-Alpha 3,1861.7936496577345,40,965.4484124144336,69.91941930307684,0.05988187600122913
Grewal Harpreet,35024,"Hong Kong Cricket Club D7A, Hong Kong Cricket Club M2A, Hong Kong Cricket Club M3",1859.263301462414,148,964.8158253656035,57.59982699691871,0.05956640160163206
Wong Ching Yui Dominic,31771,Social Squash Team,1851.519654829293,100,962.8799137073232,70.68652272071942,0.059707174898381614
Weatherall Roland,27780,Ladies Recreation Club M2B,1850.3707636281738,16,962.5926909070434,90.10762843086873,0.059956711882661405
Bhandari Raghav,34661,"Hong Kong Cricket Club 6, Hong Kong Cricket Club D7A",1849.2994231153361,92,962.324855778834,68.3449722093176,0.05972293586374903
To Shing Yuk,24269,"Physical Chess 1, Physical Chess 2",1848.2530589933413,68,962.0632647483353,76.45571371350883,0.05981312711791836
Li Yuen Yau,31323,X-Alpha 3,1847.4574316491567,24,961.8643579122892,83.72554121897534,0.05993200189049565
Lee Ho Ting,28391,Global Squash 1,1846.7285196388575,96,961.6821299097144,68.42511869321116,0.05972473515102748
Olsen Sven,32493,"Hong Kong Cricket Club 5, Hong Kong Cricket Club D7B, Hong Kong Cricket Club M2B, Hong Kong Cricket Club M3",1846.3114053225581,96,961.5778513306395,62.774242325030855,0.059724001726221415
Long Adrian,29812,Hong Kong Football Club M3A,1846.2563327820394,16,961.5640831955099,93.97977562128317,0.05995763445159
Shi Le,34962,"Hong Kong Cricket Club 5, Hong Kong Cricket Club D7B",1845.4568856250007,68,961.3642214062502,73.13306939220509,0.059799839028856126
Luo Wan Hei,33869,"Fusion Squash Club 1, JESSICA L3",1845.3737355666067,92,961.3434338916517,70.02093400953432,0.05975278135156691
Wong Chun To,30042,"Squashathon, Squashathon Zero",1844.9855470002826,20,961.2463867500707,80.59582109266631,0.0599506769934111
Soo Gene,30113,"Hong Kong Football Club 6A, Hong Kong Football Club 6B, Hong Kong Football Club M3A",1844.7155163316115,36,961.1788790829029,86.66360945003983,0.059904552596250854
Po Long Huen Mavis,33373,"NEXUS 2, NEXUS 3",1842.772763729915,68,960.6931909324787,77.70256603826668,0.059831810276505054
Chu Wai Ho,32995,"Hong Kong Football Club 6B, Hong Kong Football Club 8, Hong Kong Football Club 9",1839.3241098979915,64,959.8310274744979,75.93020025348324,0.05981478009209125
Tse Ka Chun,33423,"Fusion Squash Club 1, X-Alpha 4",1835.7916423937972,24,958.9479105984493,95.88981772195486,0.059937454330262596
Freeman Neil,33713,"Hong Kong Cricket Club D6, Hong Kong Cricket Club D7B, Hong Kong Cricket Club M3, United Services Recreation Club 2, United Services Recreation Club M3",1834.8195628946232,240,958.7048907236558,54.72087830626523,0.059311861247983946
Yap Yau Kwan,33086,"Sha Tin 2, Sha Tin 3",1832.2528109156947,44,958.0632027289237,81.91209889860791,0.05989079125955601
Ho Hoi Kiu Bernice,32377,"Hong Kong Football Club 7B, Hong Kong Football Club L2A, Hong Kong Football Club L2B, Hong Kong Football Club L3B",1831.2284169569502,92,957.8071042392376,71.4774208247797,0.059738986630777986
Tam Kai Chung Hades,27416,Xavier,1829.9646762322204,136,957.4911690580551,62.49249402491276,0.05959389342294393
Adjemian Nicolas,32347,"Ladies Recreation Club M2B, Social Squash Team",1829.7139001659084,140,957.4284750414771,64.48124832057265,0.059606628698321396
Yeung Tak Keung,19143,"Hong Kong Football Club 6A, Hong Kong Football Club M3A",1828.111334120787,80,957.0278335301967,75.37037024480549,0.059777570090055215
Ho Wai Kit Simon,23060,"i-Mask Advance Squash Club 1, i-Mask Advance Squash Club 2",1827.360870274203,72,956.8402175685508,69.92649301487597,0.05983648927254766
Kunz Nicholas,34442,Vitality Squash 1,1824.9102168996574,4,956.2275542249143,156.70213257986165,0.05999096168684912
Lo Ching Yin,32071,"Kinetic 1, Kinetic 2",1823.3543080058657,64,955.8385770014664,76.05835982398051,0.059825532648175486
Thomas Tristan Roland France,33195,Hong Kong Cricket Club 6,1821.8148987227241,36,955.453724680681,69.06067852529699,0.05989539554034313
Tam Ka Yi,33184,"Hong Kong Cricket Club 6, Hong Kong Cricket Club L2, Hong Kong Cricket Club L3",1817.6150510893103,40,954.4037627723276,90.36032289629767,0.05990782538440618
Lulla Vikram,28609,"Hong Kong Football Club 6C, Hong Kong Football Club 7A, Hong Kong Football Club M2B, Hong Kong Football Club M3B",1816.6671662713625,84,954.1667915678406,69.05058883502838,0.05975994256711698
Shiu Ricky Kwok Leung,25975,Friend Club 3,1815.9752357503767,40,953.9938089375942,66.16117247719696,0.05988355241270542
Aw Adrian,32555,"Hong Kong Cricket Club D7A, Hong Kong Cricket Club M2A, Hong Kong Cricket Club M3, Vitality Squash 1",1815.8222344320252,96,953.9555586080063,66.38187000753535,0.05971842971458029
Ng Kien Hoon,24614,Hong Kong Football Club M3A,1814.874133442101,4,953.7185333605253,157.41450611973534,0.059991045046455554
Tse Jason Kwan Lap,28958,"Electrify Squash Div 6, Kinetic 1",1814.4201229556265,72,953.6050307389066,70.72009019173785,0.05978750204941203
Waldie Jason,26685,Hong Kong Football Club M3B,1813.3306574357393,28,953.3326643589348,86.68984740315176,0.05992139658170873
Ho Chun Yu,34385,Friend Club 3,1810.3524008750078,52,952.588100218752,61.523898920578,0.05985099527726346
Lip Tsz Ho,32848,"Sha Tin 3, Striving Squash",1808.4171983998503,88,952.1042995999626,66.2312438396829,0.059748598519706216
Wong Hin Chor,26793,"The Squash Club 2, United Services Recreation Club M4",1807.4896802632443,112,951.8724200658111,62.635042082168546,0.05967861228407977
Choi Kenny Wing Kin,23476,"Friend Club 3, SKCSC M4, Uncles",1805.5383600436248,100,951.3845900109062,63.43333207725359,0.059715527252891726
Feng Weitao,32720,"Smart Squash 1, X-Alpha 3",1805.312080961915,44,951.3280202404787,83.69387267186268,0.05987928527352097
Litherland Benjamin,33472,"Hong Kong Cricket Club 6, Hong Kong Cricket Club D7A",1804.8546559131878,60,951.213663978297,81.93061276510497,0.059824475244747995
Cheung Wai Kwong,30280,Sha Tin 3,1800.974837313529,68,950.2437093283822,71.50374841842337,0.05981044110441216
Poon Hing Keung,23449,TOMCAT,1799.7970540602632,112,949.9492635150658,63.40044521066752,0.05967427384208546
Yao Tang Fat Elbert,25019,"United Services Recreation Club 2, United Services Recreation Club M2, United Services Recreation Club M3",1797.2302458587978,68,949.3075614646995,72.61211026527174,0.05980761649309883
Chan Keiko Tsun Ling,26291,Xavier,1796.4230399253447,124,949.1057599813362,62.053909821229176,0.05962721228379412
Fourcine Eric Michel,35407,"Hong Kong Cricket Club D6, Hong Kong Cricket Club D7B, Hong Kong Cricket Club M2, Hong Kong Cricket Club M3",1792.7737220941003,72,948.1934305235251,59.46162516952775,0.05979145700437624
Leung Sek Ho Kelvin,30926,Physical Chess 3,1789.800809801538,56,947.4502024503845,73.91551489712873,0.05984265446163508
Wong Sui Lun,32635,Vitality Squash 1,1789.0317317935287,24,947.2579329483822,86.04341488747063,0.05993994659978716
Cheung Wan Lee,31642,"Physical Chess 1, Physical Chess 2, Physical Chess 3",1788.2954017480365,64,947.0738504370091,74.50472378550178,0.059815834413679915
Au Siu Fai,20788,"Hong Kong Football Club 5B, Hong Kong Football Club 6B, Hong Kong Football Club 7B, Hong Kong Football Club M2B, Hong Kong Football Club M3B, Hong Kong Football Club M4A",1784.9074960279486,216,946.2268740069871,56.77986283455301,0.05938472407058378
Siu Chen Dong,31614,"MERCURY, The Best Group 1, Thunder 1",1781.7094963097684,120,945.4273740774421,64.2778437903044,0.05964962869830262
Wang Yam Chak Ocean,34279,TNG 1,1777.5556199968432,8,944.3889049992108,117.44796080515121,0.059979438392044046
Wong Siu Sun,32736,"Physical Chess 1, Physical Chess 2",1775.9485430225013,84,943.9871357556253,70.36515051659094,0.05975002215860721
Kostienko Krzysztof,30787,"Hong Kong Football Club 7B, Hong Kong Football Club M3A",1775.3422491696588,84,943.8355622924147,69.60217991723506,0.05975989171523131
Chung Iris Suet Mei,19560,"Hong Kong Football Club 7A, Hong Kong Football Club L3C",1772.8835469788542,16,943.2208867447135,105.7403782649698,0.05995630344227241
Montefiore Alexander,33776,"Hong Kong Cricket Club 5, Hong Kong Cricket Club D7B, Hong Kong Cricket Club M2A, Hong Kong Cricket Club M3",1772.260970653383,48,943.0652426633458,81.8213498240744,0.05985911515894357
Lo Yan Yiu,34002,"X-Alpha 3, X-Alpha 4",1771.7217433867977,36,942.9304358466994,89.97935582626086,0.059905629307317076
Lee Wai Hang,28505,"Kowloon Cricket Club 9, Kowloon Cricket Club M3, LONGVIEW, UST",1769.3888576662453,84,942.3472144165613,67.93731395440844,0.05974605816046069
Chan Ho Yu,27237,"i-Mask Advance Squash Club 1, i-Mask Advance Squash Club 2, i-Mask Advance Squash Club 3",1769.2163571222654,100,942.3040892805664,67.22447864574762,0.05971499489617892
Thompson John,29507,"Hong Kong Football Club 6A, Hong Kong Football Club M3A",1767.327978464054,120,941.8319946160135,65.81147352721574,0.05964352577016815
Hon Chun Chau Lan,29143,UST,1766.5432198966241,60,941.635804974156,76.14634239654575,0.0598203751474483
Tse Ka Wing,31959,"Hong Kong Football Club L3B, Hong Kong Football Club L3C",1762.8507169571412,52,940.7126792392853,77.49600145207499,0.05985243261902524
Lipsham David John,34542,Royal Hong Kong Yacht Club M3,1761.6348235257115,68,940.4087058814279,77.27710573397604,0.05980338814018865
Tse Sio Kit,34945,Dynamos Squash,1760.1861198094703,24,940.0465299523676,84.29342225059003,0.05993253485919768
Chan Yin Fung,24029,Sha Tin 3,1759.2577810517346,72,939.8144452629336,69.82792547993017,0.05979136354001928
Chan Tsz Chung,33656,Physical Chess 3,1758.849030651023,28,939.7122576627557,93.30223923836049,0.059920795723878144
Cho Albert,30076,"Ladies Recreation Club M2, Ladies Recreation Club M2B",1758.1238959073285,12,939.5309739768321,117.43530173799705,0.0599685858709758
Mok Shing Hei,33030,"X-Alpha 3, X-Alpha 4",1751.779691238511,48,937.9449228096278,80.88627144197427,0.05986903000174242
Thornton Rory,35112,Squashathon Zero,1748.4697652041386,12,937.1174413010347,102.59735887048583,0.05996931151709195
Richard Lee Jacob William,32554,Vitality Squash 1,1744.9490209007395,12,936.2372552251849,108.01156244881933,0.059972284670417146
Hathiramani Sahil Ajit,33139,"Hong Kong Cricket Club 5, Hong Kong Cricket Club D7B, Hong Kong Cricket Club M2B, Hong Kong Football Club M4B",1742.464804697203,96,935.6162011743007,66.34133165168983,0.05972885349775441
Chan Sze Long,33765,"Twister, Twister 2, Uncle",1742.4012883980472,84,935.6003220995118,69.7616444678557,0.05976001781510896
Yung Anthea On Sang,27409,"Hong Kong Football Club L3B, Ladies Recreation Club Div 6",1740.6132249584475,16,935.1533062396119,89.96635074863723,0.05995928369672098
Wong Wan Man,21028,"Kowloon Cricket Club 7, Kowloon Cricket Club 9",1738.1857491636788,80,934.5464372909197,70.63725273884809,0.05976366635455347
Shahani Dilip,22008,"Ladies Recreation Club M2, Ladies Recreation Club M2A",1736.8768816373336,20,934.2192204093334,103.77644369293394,0.05994366988251443
Chan Ping Him Kevin,27381,Xavier,1736.0131098641968,132,934.0032774660492,62.52045606696224,0.059600113256669585
Ng Terry Ka Ming,28773,Squashathon Zero,1734.20120279528,92,933.55030069882,64.98757676377875,0.05973173318943192
Cheuk Chi Tak,29689,Sha Tin 3,1734.026731407389,84,933.5066828518472,67.29042244442194,0.05976141827234059
Ng Matthew Ka Wai,27908,Physical Chess 3,1733.686847567723,32,933.4217118919307,72.94391944968444,0.05992026556544817
Barton Jonathan,29502,Hong Kong Football Club M3B,1732.926387697596,60,933.231596924399,75.45463831900321,0.059820491794381696
Howe Cheuk Wing Neil,32392,"Squashathon, Squashathon Zero",1732.5006923166834,68,933.1251730791708,69.16587916807322,0.05980736708398076
Barsaman Cedric,33044,Vitality Squash 1,1732.2849977415026,12,933.0712494353756,103.7156663281199,0.05996739326571852
Li Wen Ying,33380,"NEXUS 2, NEXUS 3",1730.9595144723066,20,932.7398786180767,109.34558675191066,0.05995264331635941
Ng Shing Hin,34460,"Dynamos Squash, Physical Chess 3",1729.9947627242432,44,932.4986906810608,82.25661838190646,0.059873184348266335
Le Hong Quang,33531,"Hong Kong Football Club 4A, Hong Kong Football Club 6B, Hong Kong Football Club 7A, Royal Hong Kong Yacht Club M3",1724.0210245450353,160,931.0052561362588,123.50308828575454,0.3978958860037484
Tung Liam Chase Zhao Wen,33724,Hong Kong Football Club 8,1723.1630268504437,20,930.7907567126109,86.5195419152562,0.05994433500059337
Chan Niki Sin Hok,30432,"Hong Kong Football Club 7A, Hong Kong Football Club 7B, Hong Kong Football Club L2C, Hong Kong Football Club L3A",1723.0492561988262,136,930.7623140497066,63.15798558187918,0.05961923001830704
Yim Man Ching,32765,"Kowloon Cricket Club 9, Kowloon Cricket Club L2A",1722.1768534585972,84,930.5442133646493,72.36593531375244,0.059761717011746325
Yau Yeung,33032,"Smart Squash 1, X-Alpha 2, X-Alpha 3",1721.9150126620384,92,930.4787531655096,68.73075178894986,0.05974785587901084
Ting Philip Wai Man,29290,"Hong Kong Football Club 6C, Hong Kong Football Club M3A",1719.2493244517314,80,929.8123311129328,72.54524644271318,0.05977570266170825
Yip Aaron Man Hau,7571,"Kowloon Cricket Club 7, Kowloon Cricket Club 9",1718.2383574426285,28,929.5595893606571,93.25424177661543,0.05992121588051927
Yan Ka Ho,35333,The Squash Club 2,1715.8856540193997,36,928.9714135048499,70.21147872855,0.0598987681713612
Lee Connie Lok Man,23755,Twister 2,1714.636289462283,8,928.6590723655708,118.771071814345,0.059979932465952006
Au Wai Lun,25716,"i-Mask Advance Squash Club 2, i-Mask Advance Squash Club 3",1711.6444553244355,100,927.9111138311089,66.90942678808076,0.05972060916858685
Kuok Kuong Hong,34925,Dynamos Squash,1710.683778674253,36,927.6709446685633,71.41485959753922,0.059895651694328755
Padgaonkar Ashwin,30116,"Hong Kong Football Club 7A, Hong Kong Football Club M3B",1703.6984836837473,132,925.9246209209368,61.43103488336357,0.05961992178628938
Leung Ka Shun,31055,Squashathon Zero,1703.6629454517774,8,925.9157363629444,118.2587270102898,0.05997970871027327
Park Wanki Moses,31906,"Ladies Recreation Club Div 8, Ladies Recreation Club M2, Ladies Recreation Club M2A",1703.4297332933716,28,925.8574333233429,92.34703307746288,0.059929062082332236
Steffensen Nigel,31605,Hong Kong Football Club M3B,1702.6563083604524,8,925.6640770901131,120.7733636169945,0.05998037946998428
Kirpalani Shaun,33211,"Hong Kong Football Club 6B, Hong Kong Football Club 8, Hong Kong Football Club 9",1702.5388055237618,92,925.6347013809404,68.31073573768201,0.05972828270506109
Neilson Phil,27979,Hong Kong Cricket Club M2B,1702.0060216680636,24,925.5015054170159,79.70182245847622,0.059931180158251614
Dickson Robert,30938,"Hong Kong Cricket Club 5, Hong Kong Cricket Club D6, Hong Kong Cricket Club D7B, Hong Kong Cricket Club M3, Hong Kong Cricket Club M4",1700.5522314934374,168,925.1380578733593,57.80529328304753,0.05950780093159565
Choi Sze Chun,33549,Kinetic 1,1699.7702711723077,28,924.9425677930769,76.21662552608484,0.05992051183350459
Schultz Nikolaj,28911,Hong Kong Football Club M3B,1697.6243220880087,80,924.4060805220022,73.45471852544658,0.05976834911921013
Lau Hok Yin,29686,Sha Tin 4,1696.592865590043,36,924.1482163975107,70.17070208975271,0.05989909737655787
Hung Tsz Hang,30648,UST,1693.3543606348758,64,923.338590158719,75.97410743047016,0.059808233423191214
Shetty Adarsh,31977,"Social Squash Team, Vitality Squash 1",1692.757952528992,24,923.189488132248,98.11254617324256,0.059932090366156265
Mirwasser Nicolas,35445,Social Squash Team,1690.8637503775649,44,922.7159375943912,65.44406469231353,0.05987514815074794
Ko Toby Ho Yin,28189,HKPF Squash Team,1689.8778152907307,132,922.4694538226827,62.513424627997495,0.059606009313762656
Lowth Simon,31970,Royal Hong Kong Yacht Club M3,1688.236539745103,40,922.0591349362758,81.82312017016929,0.059885161849777616
Rundle David Christopher,33718,"Hong Kong Football Club 6B, Hong Kong Football Club M2B, Hong Kong Football Club M4B",1687.0718045069789,160,921.7679511267447,63.42551961122617,0.05955283058421427
Ko Vincent Tak Kwan,26264,TOMCAT,1686.951573170934,80,921.7378932927335,68.79135200090866,0.05976675807302501
Leung Chung Yin,30467,"Hong Kong Football Club 6A, Hong Kong Football Club 6B, United Services Recreation Club M2, United Services Recreation Club M3",1686.7229145647925,68,921.6807286411981,75.53828688692583,0.0598028749729736
Choi Wilson Wai Sum,27040,The Squash Club 2,1686.328868093141,72,921.5822170232852,78.62767503425715,0.059797022304943104
Tse Bun Luen,28467,UST,1684.6253181733819,48,921.1563295433455,81.563424161335,0.059856937593906916
Chow Yuen Ching,33782,"X-Alpha 3, X-Alpha 4",1684.2598755979202,56,921.06496889948,76.09489554467112,0.0598351154535328
Ngo Joshua,34578,"Hong Kong Cricket Club 6, Hong Kong Cricket Club D7A, Hong Kong Cricket Club M2, Hong Kong Cricket Club M3",1684.0530413552306,92,921.0132603388076,65.15731218481795,0.059735341378819876
Kwong Martin Cheuk Hin,30207,UST,1683.4371398214867,52,920.8592849553717,78.1569951769906,0.05984958575608703
Stagg Richard,30995,Social Squash Team,1682.7458645482225,80,920.6864661370556,75.21075484877728,0.059772553378755984
Wong Kin Tung,28926,"The Best Group 1, Thunder 1",1682.602481296743,92,920.6506203241858,69.82767445587564,0.05972675207858171
Lee Chun Hin,29389,UST,1680.799594054261,64,920.1998985135652,76.1699670716165,0.05981314824332951
Gibert Kai Shaun Otto,34424,Kinetic 1,1680.3520483635293,44,920.0880120908823,80.44372812902783,0.05987382851484379
Tang Chun Keung Nick,28507,Physical Chess 2,1679.9428390281464,28,919.9857097570366,92.75457496843562,0.05992352472330237
Michael Ben Lin,34717,"Ladies Recreation Club Div 6, Ladies Recreation Club Div 8, Ladies Recreation Club M2",1677.8858638789739,56,919.4714659697435,82.3942310375748,0.0598361361651903
Ho Helen Sin Man,27854,"Hong Kong Cricket Club L3, Hong Kong Cricket Club Rockettes, i-Mask Advance Squash Club 1, i-Mask Advance Squash Club 3",1672.7328613216055,196,918.1832153304014,57.36871660916405,0.059431200357237465
Mok Ivan Tsz Pui,29744,Physical Chess 3,1667.5740451662127,60,916.8935112915532,74.88461737345818,0.059821518971368
Chiu Vincent Man Shun,13037,"OSF, Old Squash Fellows",1662.3712454826418,92,915.5928113706605,68.87058749934062,0.05972815071047815
Chan Cheuk Yan,33312,"Fusion Squash Club 1, Happy Squash 2, JESSICA L3, JESSICA L4",1661.0779549670378,104,915.2694887417595,67.47671278249054,0.059718876569998865
Pampapathi Vinay,33108,Social Squash Team,1658.784172182974,36,914.6960430457435,85.12448970927022,0.05990719615001533
* Wong Aaron Wan Chong,34844,"The Hong Kong Jockey Club Div 10, The Hong Kong Jockey Club Div 9",1658.774485428084,40,914.693621357021,84.32352869266316,0.05989013855230907
Lee Hei Yu,33853,Striving Squash,1658.2648129884856,28,914.5662032471214,75.93722854698417,0.059925682579850204
Kwok Man Wai Joseph,10119,Hong Kong Football Club M3A,1656.6861540802051,4,914.1715385200513,156.60578185229213,0.05999096775893665
Wong Ken Tat Tai,27882,"Twister, Twister 2",1655.903287831858,96,913.9758219579645,68.15263282008412,0.05972594603851999
Hazari Ajay,21638,"Hong Kong Football Club 7A, Hong Kong Football Club M3A",1655.253266540783,80,913.8133166351957,76.80511000840767,0.059769341231634826
Chang Long Him,33273,"NEXUS 2, NEXUS 3",1655.048388338686,36,913.7620970846715,92.57254886000149,0.059924732175793485
Lam Ka Lok,31678,"The Best Group 1, Thunder 1",1654.4078869601758,56,913.601971740044,78.58213596275785,0.059832934597952976
Lee Bruce Lap Tak,26662,The Squash Club 2,1653.4199164155007,64,913.3549791038752,77.7892491436928,0.0598143876862587
Cheng Jonathan Yee Fung,24154,"Global Squash 2, Royal Hong Kong Yacht Club M3, United Services Recreation Club 2, United Services Recreation Club 3, United Services Recreation Club M2, United Services Recreation Club M3",1651.2472250221585,216,912.8118062555396,56.21495862006043,0.05939242971831228
Poole-Wilson Michael,34983,"HKCC Tuesday Night Rockers, Hong Kong Cricket Club D7A, Hong Kong Cricket Club M3, Hong Kong Cricket Club M4",1647.5759591539222,180,911.8939897884806,59.26104910833474,0.05949015764930748
Ko Suet Icy,32871,Kowloon Cricket Club 9,1645.0663207206508,44,911.2665801801627,62.82096617741744,0.05987319339567958
Tam Norman,22283,"Kowloon Cricket Club 6A, Kowloon Cricket Club M3",1644.296650890577,28,911.0741627226442,85.88567580086763,0.059922185676964994
Chiu Tsz Chung,27407,Xavier,1640.8245043006777,24,910.2061260751694,80.76121587647067,0.059931114750504236
Kaushik Raghav,34572,Social Squash Team,1640.606205886395,64,910.1515514715987,79.03112211065314,0.059815013872725364
Matthew Huckle,34254,Kinetic 1,1638.2039397483268,44,909.5509849370817,81.25679744340488,0.059871332379255085
Law King Wai,30444,"Twister, Twister 2",1635.3319955703246,88,908.8329988925811,70.33974321596973,0.05973983382780635
Sly Lester George,33695,"Royal Hong Kong Yacht Club Div 12, Royal Hong Kong Yacht Club M3",1630.1683432156165,92,907.5420858039041,65.60052594468421,0.059751304804240964
Mak Tsz Tung,32832,"Hong Kong Football Club L3C, X-Alpha 3",1630.0684472300727,76,907.5171118075182,74.04762436897867,0.0597815790300492
Li Wilson Wai Shun,24825,Bolton,1629.009587181847,20,907.2523967954618,80.12060220851988,0.05994628286978033
Lau John,25495,Royal Hong Kong Yacht Club M3,1628.2763146017069,64,907.0690786504267,74.34917981404007,0.05981532297651546
So Anthony Fuk Chi,22679,"OSF, Old Squash Fellows",1628.0401161591362,84,907.0100290397841,69.37602189123032,0.05974693419447713
Shea Chi Hang,29999,Kinetic 2,1627.5088306558264,32,906.8772076639566,90.34816337190333,0.059909581634817674
Mo Shing Tsang,33899,"X-Alpha 3, X-Alpha 4",1625.9279789443926,116,906.4819947360982,64.45170008584718,0.0596700541627256
Ford Anthony,34469,"Hong Kong Football Club 6C, Hong Kong Football Club 7A, Hong Kong Football Club M3B, Hong Kong Football Club M4A",1621.6092488896047,176,905.4023122224012,59.848898962963915,0.059491708928813225
Ling Yau Hang,32441,Kinetic 2,1621.5748969164638,84,905.393724229116,66.01728136865844,0.05975843512165497
Ho Nelson Ching Lim,26881,TOMCAT,1620.903255484574,64,905.2258138711435,72.89043544801156,0.059815500730870344
Yang Ho Yin,33457,Happy Squash 3,1619.0672081978141,32,904.7668020494535,74.77413499140438,0.05991209183747589
Chan Ching Long,32790,Kinetic 2,1616.940485579445,80,904.2351213948613,68.14051773543265,0.05976701769578433
Chiu Dustin,33727,Fusion Squash Club 1,1613.769000938075,64,903.4422502345187,76.8193409465781,0.05982405249638636
Lai Kwok Wai Wilfred,25178,"Hong Kong Cricket Club 6, Hong Kong Cricket Club D10, Hong Kong Cricket Club D7A, United Services Recreation Club M2, United Services Recreation Club M3, United Services Recreation Club M4",1613.3088283216593,204,903.3272070804148,54.643349655896536,0.05941106535091182
Chung King Long Jacqueline,33463,"Hong Kong Cricket Club D7B, Hong Kong Cricket Club L2, Hong Kong Cricket Club L3, Hong Kong Cricket Club Rockettes, TNG 2",1613.0564784586459,76,903.2641196146615,71.55190633235615,0.05980959129308464
Chan Ming Yan,33033,"Smart Squash 1, X-Alpha 3",1611.2807339964975,52,902.8201834991244,78.65697026912582,0.0598563458522279
Tse Tsz Tsun,33136,X-Alpha 4,1611.0745197745828,48,902.7686299436457,63.69194869756328,0.05986486908568517
Chan Hei Ching Boris,29834,"i-Mask Advance Squash Club 2, i-Mask Advance Squash Club 3",1609.1419263596736,96,902.2854815899184,67.84901502808847,0.05973114606947236
Li Ivan Chun Wing,31319,LONGVIEW,1606.6742911455995,80,901.6685727863999,73.44580272287038,0.05976416307923335
Tam Cheuk Lun,30987,Kinetic 1,1603.7262806716649,52,900.9315701679162,80.65826426079641,0.059846248299080966
Wong Yu,32644,"JESSICA L2, JESSICA L3",1603.3331112430396,44,900.8332778107599,65.37624583591207,0.05987697194208426
Cheung Tsz Long,33830,"Vitality Squash 1, Vitality Squash 2",1602.944448066983,52,900.7361120167458,79.9826544111685,0.05985603105227371
Kundamal Dhiraj,28381,"Kowloon Cricket Club M3, Kowloon Cricket Club M4",1602.3795601122233,56,900.5948900280558,76.14233340106205,0.05984008028514034
Yip Chiu Ming,30988,Kinetic 1,1601.2276618984679,44,900.306915474617,67.04031952859145,0.059868546027831974
Man Kin Cheong,27789,Striving Squash,1599.8778022680144,40,899.9694505670036,66.80185232404071,0.059883876529956005
Tam Wai Nam,30697,"RELAY 1, Xavier",1597.2599091852417,104,899.3149772963104,65.61666596495814,0.059693516999725874
Tse Percy Cheung Ka,25028,"i-Mask Advance Squash Club 1, i-Mask Advance Squash Club 2, i-Mask Advance Squash Club 4",1595.6085879843213,36,898.9021469960803,180.0440114090984,0.4923775114726226
Shapiro William Dat,33752,"Vitality Squash 1, Vitality Squash 2",1595.506548998122,84,898.8766372495305,70.32469435975405,0.059760255739955616
Li Ying Huen,33770,"NEXUS 2, NEXUS 3",1591.7605038813094,16,897.9401259703274,114.56820246489961,0.05996187891037164
Kan David,27733,Hong Kong Football Club M3A,1591.0747946563938,4,897.7686986640985,156.17875484418684,0.0599909585297591
Ma Andy  Man Cheung,21693,Kinetic 1,1590.9010750190364,64,897.7252687547591,76.38570995594186,0.05980640452674595
Li Charles Tak Kwong,25322,"Hong Kong Football Club 7A, Hong Kong Football Club M3B",1590.473490121848,64,897.618372530462,77.01284928495915,0.05982007080152039
Tsui Terence Hing Tai,23534,"Twister, Twister 2",1590.3998223579488,96,897.5999555894872,66.98682078866007,0.059717760471086144
Liu Jason Chun Shing,34220,Fusion Squash Club 2,1589.7266634910375,4,897.4316658727594,158.22675256577753,0.0599911246254871
Osmund Ronnie,11516,"Kowloon Cricket Club 7, Kowloon Cricket Club 9, Kowloon Cricket Club M3",1589.6747567770872,136,897.4186891942718,61.58047136101797,0.059599731047383
Chow Lionel,32953,"Hong Kong Cricket Club 6, Hong Kong Cricket Club D6, Hong Kong Cricket Club D7B",1589.3989203449264,52,897.3497300862316,79.50522634992859,0.059851398982352845
Chow Siu Yin Wilson,26643,Squashathon Zero,1588.2045906909248,44,897.0511476727312,78.8633059457492,0.05987333633502009
Cheung Ying Yat,33694,"Vitality Squash 1, Vitality Squash 2",1587.7842078558251,40,896.9460519639563,68.02608841597437,0.05988856394865119
To Alva Yu Hung,16721,"Hong Kong Cricket Club M3, OSF",1586.9636919166505,16,896.7409229791626,110.43534721726084,0.059956738246606835
Cheung Ka Lun Alan,32553,"Centre Squash, LONGVIEW",1586.730802896454,116,896.6827007241135,65.5907020972335,0.05965671098090185
Cheung Hei Kwai Myra,33616,"Hong Kong Football Club L3A, Hong Kong Football Club L3B",1583.0242049688827,76,895.7560512422207,70.75759453697057,0.059780715702802974
Mahtani Dheeraj Prakash,33787,Royal Hong Kong Yacht Club M3,1582.6914904093023,16,895.6728726023256,108.51119907151204,0.05995792458213487
Kahn Hetrakul,31546,Hong Kong Cricket Club M3,1582.1992506994543,8,895.5498126748636,123.41970610326635,0.05997972456373311
Mong Hoi Ching Norman,26529,"Friend Club, SKCSC, SKCSC M4",1581.3320868347728,168,895.3330217086932,57.592563002374014,0.05950601061364126
Sih Peter Wai Hang,30387,"OSF, Old Squash Fellows",1580.5705111068132,60,895.1426277767033,76.55069845764203,0.05982168585642597
Wong Pok Hin,34926,Dynamos Squash,1580.4565211506347,12,895.1141302876587,104.80175230693409,0.05996775136928104
Tam Wing Tung,31736,Kinetic 2,1580.0771297907695,80,895.0192824476924,67.35656486636418,0.05976780972975591
Ng Cheuk Hin,34459,"Dynamos Squash, Physical Chess 3",1580.040382370882,32,895.0100955927205,84.47123853937047,0.05991087038900374
Dan John Kai Yiu,30390,"OSF, Old Squash Fellows",1579.734435210631,68,894.9336088026578,72.76641609616874,0.05980029304307825
Chan Yan Yu,33270,"Smart Squash 1, X-Alpha 3",1578.6956512373727,96,894.6739128093432,67.37495478444481,0.059735791951334605
Chan Chun Man,32118,"Electrify Squash Div 6, Striving Squash",1578.013349343888,36,894.503337335972,90.27946032274461,0.059901796008667484
Wong Yu San,31235,"Hong Kong Football Club 7A, The Hong Kong Jockey Club Div 10",1576.389783094875,68,894.0974457737187,76.82856567654629,0.05980751733805231
Leong Vai Kit,34956,Dynamos Squash,1575.0050095372467,4,893.7512523843117,156.90068804132596,0.059990982125268516
Zhang Nika,32862,"Vitality Squash 1, Vitality Squash 2",1574.258399445794,16,893.5645998614485,107.45302252667375,0.059960211091931656
Liu Chun Yin Nathan,34552,Fusion Squash Club 2,1573.8868001388173,8,893.4717000347043,121.47489876352432,0.05997959220042627
Detaramani Sunil,30548,"Kowloon Cricket Club M3, Kowloon Cricket Club M4",1571.9480621609955,44,892.9870155402489,77.05874887491186,0.059880582244963405
Tsoi Keith Tsz Fung,28202,"Sha Tin 3, Sha Tin 4, Sha Tin 5",1571.0337517824205,104,892.7584379456051,69.77484034441387,0.05969604809833054
Wong Alex Siu Ming,30388,"OSF, Old Squash Fellows",1570.290331695077,36,892.5725829237692,85.18226897607123,0.05989600857320832
Robinson Lee,30117,Hong Kong Football Club M3B,1567.1620877448877,72,891.7905219362219,74.40326865485103,0.05978797635608857
Bedouillat Vincent,33014,Centre Squash,1566.8012457563486,120,891.7003114390872,64.45291486734938,0.059640407171990005
Brettell Dominic,33560,"Invader Squash, i-Mask Advance Squash Club 1",1566.34385484925,84,891.5859637123125,69.54750382668223,0.05975338792252568
Chan King Hei,33822,"Kinetic 1, Smart Squash 1",1565.7776158579445,52,891.4444039644861,83.22769412069401,0.059853533378078416
Chevaux Alexander,34489,"Centre Squash, Squashathon",1564.5758723668705,108,891.1439680917176,66.02657896636805,0.05968615475332132
Chan Dave Chi Keung,29926,"Hong Kong Football Club 7B, Hong Kong Football Club M4B",1564.5086487438984,84,891.1271621859746,67.65610010317926,0.059749417776998937
Wong Tak Lung Victor,33305,"Hong Kong Cricket Club 5, Hong Kong Cricket Club D7A",1563.902739890902,48,890.9756849727255,81.00243538225148,0.05986145158932
Rach Sean,34944,Ladies Recreation Club Div 8,1563.0054051338034,8,890.7513512834508,120.43991374324462,0.059979562969919034
Tsang Yan Kiu,31880,"HKPF Squash Team, Kwai Tsing District Squash Club",1562.5406720961778,136,890.6351680240444,61.945571380081624,0.05959845504982328
Sze Wai Kat,27187,Sha Tin 3,1560.7525109081312,12,890.1881277270328,100.64696893423732,0.0599679419342256
Choy Yuk Kwong Donnie,3206,"Kowloon Cricket Club 9, Kowloon Cricket Club M3, Kowloon Cricket Club M4",1560.5817220698327,216,890.1454305174582,56.76062148982611,0.05937624180250763
Tsang Michael,27529,Hong Kong Football Club M3B,1560.3297587153602,8,890.08243967884,117.24768219732003,0.05997944421145849
Dalpathraj Sheethal Kumar,31120,"Hong Kong Cricket Club 5, Hong Kong Cricket Club D10, Hong Kong Cricket Club M4",1558.4965428345936,40,889.6241357086484,79.11899021073813,0.059888778512371524
Low Harold Yiu Keung,13079,Kinetic 2,1557.4143624937637,8,889.3535906234409,117.85059819205016,0.05997937233912673
Lau Hiu Wing,33470,JESSICA L3,1556.6777919398091,72,889.1694479849523,73.57759192694276,0.05979061916061855
Tang Tsz Ho Michael,32909,"Hong Kong Football Club 7B, Ladies Recreation Club M2A",1556.4385475814893,20,889.1096368953723,88.10363424097791,0.05994336695554008
Kollar Thomas,33753,"Vitality Squash 1, Vitality Squash 2",1555.70961965182,92,888.927404912955,69.52997038086268,0.05974098834983026
Longuepee Francis,27002,Royal Hong Kong Yacht Club M3,1554.4828604347517,12,888.6207151086879,103.43868624679111,0.05996783734223526
Li Yi Wei,34099,Vitality Squash 1,1552.7891220267534,64,888.1972805066883,75.70181575469859,0.05982130264952703
Cheung Danny Yui Nam,32088,"RELAY 1, Xavier",1551.5231525901004,96,887.8807881475251,67.98497452591208,0.05972242596320571
* Lee Dennis Yuk Kai,27426,"The Hong Kong Jockey Club Div 10, The Hong Kong Jockey Club Div 9",1551.2816014312193,88,887.8204003578048,66.10806715728057,0.059744007188695505
Fu Ivan Fuk Cheong,27126,"7NT, Titlows Squash Master, Titlows Squash Team",1551.2501390344032,176,887.8125347586008,59.957057791544024,0.05950331257033953
Chan Suk Ting,33646,"Hong Kong Cricket Club 6, Hong Kong Cricket Club L3, Hong Kong Cricket Club Rockettes",1549.7552071340374,64,887.4388017835093,76.9856413356979,0.05982112075122069
Poon Raymond Wai Man,22758,"RELAY 1, Sha Tin 3, Sha Tin 4, Sha Tin 5",1547.8338101566187,120,886.9584525391547,66.33021182812733,0.059645622538807674
Dansanghani Rahul,32906,"Hong Kong Football Club 7A, Hong Kong Football Club M3B, Hong Kong Football Club M4B",1547.1284462641725,160,886.7821115660431,59.38861606559039,0.05953462423939764
Lam Elliott,33054,Hong Kong Football Club 8,1546.6465218836352,12,886.6616304709088,99.09512172025246,0.05997197116474425
Lau Shing Chung Simon,19777,HKPF Squash Team,1546.4442630348726,44,886.6110657587182,82.34239059229223,0.05987471516583545
Fu Sai Hei,33889,"Smart Squash 1, X-Alpha 3",1546.381460031601,40,886.5953650079002,82.24878384390593,0.05989008955152097
Yiu Sai Ngoi,29899,"LONGVIEW, WAKO",1543.3397363625195,260,885.8349340906299,53.111524614918615,0.05926696737190595
Chan Nicky Wai Yi,29047,The Squash Club 2,1542.2913414546779,48,885.5728353636695,82.71445509188038,0.059865062944164646
Li Bing Hei,27850,Physical Chess 3,1542.2612929649295,20,885.5653232412324,104.26952180221487,0.05995242203056286
Kirpalani Arun,22872,"Hong Kong Football Club 7B, Hong Kong Football Club 8, Hong Kong Football Club 9, Hong Kong Football Club M4B",1542.2107031242922,84,885.552675781073,63.90592913003112,0.05976058240443711
Hilboldt Thomas Christian,34506,Hong Kong Cricket Club M3,1541.2909291659853,12,885.3227322914963,98.02880233553732,0.05997133233942026
Lai Chun Sing,31036,Squashathon Zero,1541.09360519553,28,885.2734012988825,95.3510363792204,0.059927045696585614
Tang Raymond Wai Ming,25572,Kowloon Cricket Club M3,1540.6983356456794,16,885.1745839114199,91.02415457905106,0.05995840174075915
Tung Chun Keung Anson,30735,Physical Chess 3,1537.1677136332573,76,884.2919284083143,70.59771331689201,0.059777772279752096
Leung Kar Ho,31399,Squashathon Zero,1536.1310830357183,20,884.0327707589296,84.0949203147112,0.05994240685040778
Lee Rachel Wing Yan,26973,"JESSICA L2, JESSICA L3, JESSICA L4, Twister, Twister 2",1536.0736926373406,204,884.0184231593352,56.709873524545806,0.05942276318938504
Lau Eric Chi Wai,27886,"Twister, Twister 2",1534.3483954130515,48,883.5870988532629,78.81158022568195,0.05986662338025184
Cheung Peter Tat Kei,30389,"OSF, Old Squash Fellows, United Services Recreation Club 3",1532.8428109420493,180,883.2107027355123,58.66102637536629,0.05948429628664235
Hegde Vishal,34293,"i-Mask Advance Squash Club 1, i-Mask Advance Squash Club 3",1532.3325146785733,80,883.0831286696433,70.52947375639931,0.05977161445665915
Chan Wai Kean,34423,"Kinetic 1, Kinetic 3",1531.3905637368985,48,882.8476409342246,76.03265371255239,0.05985913447249123
Ho Michelle Pak Wai,34058,"Squashathon Ladies, Squashathon Zero",1531.073878284054,60,882.7684695710135,71.79055171787289,0.05984160650848566
Chew Fook Aun,25201,Hong Kong Football Club M3B,1530.9746760626917,8,882.7436690156729,120.88108305360156,0.05997975190222285
Lee Wang Fung,33795,"Physical Chess 2, Physical Chess 3",1530.4977493359775,8,882.6244373339944,135.19625856654037,0.05998034808354387
Cheung Henry Hei Wa,32044,"i-Mask Advance Squash Club 1, i-Mask Advance Squash Club 3",1530.3301956516002,80,882.5825489129,72.74151885628714,0.059761168351004874
Leong Chin Han,34927,"Dynamos Squash, Physical Chess 3",1529.5612675713319,72,882.390316892833,71.642147518612,0.05978956501489766
Chan Muk Kan,15418,Squashathon Zero,1529.2605246298886,56,882.3151311574721,78.55601322904936,0.0598373865394065
Smith Alexander,34932,Bravo D10,1528.290526530233,48,882.0726316325582,81.38070913800762,0.059857887463316585
Lo Wai Kiu Bobby,23640,"Titlows Squash Master, Titlows Squash Team",1524.9105113934002,104,881.22762784835,70.69312726071499,0.05969460138282276
Jones Robert F.,27122,"Hong Kong Football Club 8, Hong Kong Football Club 9, Royal Hong Kong Yacht Club M3",1524.4614185909668,128,881.1153546477417,65.64539692051973,0.05962843152407277
Otero Somoza Juan Angel,33272,"Hong Kong Football Club 6C, Hong Kong Football Club 7B, Hong Kong Football Club M4A",1523.5676554482075,56,880.8919138620519,70.12772512664293,0.05984924468905449
Liu Edmund Chi Fai,21007,Dynamos Squash,1521.4205660641778,8,880.3551415160445,120.15782099326685,0.059979561075236214
Fung Hoi Ching,32283,X-Alpha 4,1520.7669725370197,12,880.1917431342549,103.58945550927793,0.05997404453556416
Hong Shen,35546,Hong Kong Football Club L3B,1517.937088473132,24,879.484272118283,76.47816514885064,0.059934971287253
Cheung Hiu Man,33793,"Fusion Squash Club 1, Fusion Squash Club 2, Hong Kong Cricket Club L3",1516.9015867975013,76,879.2253966993753,70.19566238885874,0.05978110650605302
Au Wing Yin Francis,33697,Banbil,1516.7125809569588,20,879.1781452392397,84.87868220947162,0.059943161690866394
Law Tsz Long,33412,Kinetic 2,1516.0228707266783,68,879.0057176816696,72.02210510840005,0.059806824346918176
Ngai Chun Kit,31174,LONGVIEW,1515.8137731181178,4,878.9534432795294,157.5645929839277,0.059991071771962265
Brien Peter Wilhelm Hubert,31433,Hong Kong Club Blue,1515.5666415374371,80,878.8916603843593,70.54651468442749,0.0597692664388638
Wong Sum Yu,33741,Smart Squash 1,1513.490951451854,4,878.3727378629635,156.95098517498565,0.059990991629161786
Durham Matthew,33712,Hong Kong Cricket Club D7A,1510.6916475523535,20,877.6729118880884,90.68037805497471,0.059945753685664974
Wong June Limb,35015,"Hong Kong Cricket Club 5, Hong Kong Cricket Club D7A",1510.4350679560666,28,877.6087669890167,92.02556699184782,0.05992058571462075
Pang Chiu Mun,31347,"Twister, Twister 2",1510.0916927815797,56,877.5229231953949,78.114599002063,0.059842926294685746
Cheng Anne,36021,Social Squash Team,1508.8256480377663,8,877.2064120094416,122.25358035253555,0.059980212488239
Yeung Sharon Siu Lam,29371,UST,1507.7287176445016,52,876.9321794111254,81.14611430829565,0.05984672330512008
Wu Ka Ho,34383,Kwai Tsing District Squash Club,1507.2267693367626,92,876.8066923341906,70.56056973542833,0.05972518629836992
Chanay Tristan,35306,Centre Squash,1506.9453214903729,36,876.7363303725932,70.48997546649909,0.0598980431500658
Ip Chun Keung,25979,Friend Club,1504.7400080426323,80,876.1850020106581,54.89583934998971,0.059763704720468776
Chu Raymond Wai Man,25974,Friend Club,1503.7864278048623,48,875.9466069512156,64.1459146259056,0.059860124330011644
Fong Ming Fung,31400,"Squashathon Advance, The Squash Club 2",1502.3983202636841,56,875.599580065921,76.87714469261694,0.05983463126457234
Tong Chi On,19166,"OSF, United Services Recreation Club 3, United Services Recreation Club M4",1500.935349898908,108,875.233837474727,66.75636551532294,0.05969551643034936
Shu Bong Tai,33415,Physical Chess 3,1500.0735690714855,52,875.0183922678714,78.51864576706137,0.05986265346260092
Lee Lawrence Chi Hung,28004,"Hong Kong Football Club 9, Hong Kong Football Club M3A",1500.055284644127,88,875.0138211610317,66.73775847140963,0.05973880163228511
Chan Tsz Yan Joyce,34063,Hong Kong Football Club L3C,1496.2813459945373,76,874.0703364986343,69.89243463514575,0.05978282333465961
Laracy Damien,31512,Hong Kong Football Club M3B,1494.47359748588,32,873.61839937147,88.45155975940659,0.05991005623872184
Ng Man Chio,35119,Dynamos Squash,1494.3097026253631,16,873.5774256563408,90.28861137695777,0.059955821947096345
Chow Kar Wah,23072,"GMDBB, Hong Kong Football Club 9, Hong Kong Football Club M4A",1494.0248196590705,160,873.5062049147676,58.56614893515872,0.05954018939346293
Kumar Raj,34915,"HKCC Tuesday Night Rockers, Hong Kong Cricket Club 7, Hong Kong Cricket Club D10, Hong Kong Cricket Club M2A, Hong Kong Cricket Club M3",1491.0741250987953,140,872.7685312746988,61.69703194551085,0.059595511933689754
Trivedi Anirudh,32217,i-Mask Advance Squash Club 3,1490.3311000998074,48,872.5827750249518,62.76068423851046,0.059860805260672084
Chung Ho Yin Will,32853,Smart Squash 1,1486.3077328548497,28,871.5769332137124,78.16645725984316,0.059924411477866535
Foo Chun Huey,32317,Banbil,1485.89958668903,116,871.4748966722575,62.96696132997366,0.059651860969356346
Chu Kwok Lun,32771,TOMCAT,1485.8572699288497,32,871.4643174822124,70.35555790033523,0.05990861449755248
Chan Ting Fung,28214,Striving Squash,1485.2649121160853,4,871.3162280290213,156.84966048169204,0.059990988353748595
Au Ming Chung Sampson,27153,"Banbil, Titlows Squash Master, Titlows Squash Team",1483.0077111092983,244,870.7519277773246,53.488654927838695,0.05930207875943344
Lee Kwan Ho,31167,"Physical Chess 3, Physical Chess 4",1483.0007967642596,24,870.7501991910649,98.2792273132123,0.05993355070093102
Andersson Greger,27672,"The Best Group 1, The Best Group 2, Thunder 1",1482.8400839225178,96,870.7100209806295,70.14694383766705,0.0597180077571126
Samtani Rakesh,29647,Kowloon Cricket Club M4,1482.785724659313,40,870.6964311648283,67.77163189327207,0.05988795296121289
Mo Li Hung Calvin,25875,"i-Mask Advance Squash Club 2, i-Mask Advance Squash Club 3",1482.5984866845502,88,870.6496216711375,67.0446049619131,0.05974491264814726
Cheng Jon,36020,Social Squash Team,1481.4892655339568,4,870.3723163834892,156.5560018040166,0.05999107325840553
Kracht Stefan,32955,"Hong Kong Club Blue, Royal Hong Kong Yacht Club M3",1479.8523596103555,36,869.9630899025889,86.26268655725752,0.05990384716060168
Au Shun Wai Wilson,34204,UST,1479.5935994126726,40,869.8983998531681,88.6481965618554,0.059883351788307476
Lee Tommy Yun Wah,27463,"The Best Group 1, Thunder 2, Titlows Squash Master, Titlows Squash Team",1478.8721217194452,108,869.7180304298613,63.436186398022194,0.0596880808130197
Woo Heng Che Stephen,29998,"The Hong Kong Jockey Club Div 10, The Hong Kong Jockey Club Div 9",1474.4583896073732,72,868.6145974018433,73.16843611442974,0.05979421998584021
Hira Ajay,29648,"Kowloon Cricket Club M3, Kowloon Cricket Club M4",1471.8367208759005,20,867.9591802189751,102.48954212070431,0.059944261396082846
Zimmermann Lorenz,30184,Hong Kong Cricket Club M3,1469.0811305595175,4,867.2702826398794,156.65617420163622,0.05999109911853264
Tang Ping Wai William,30493,TOMCAT,1466.4489913394254,64,866.6122478348564,73.54934595806064,0.059824871435441
Chan Alex Siu Kun,4263,"Kowloon Cricket Club 7, Kowloon Cricket Club 9",1462.825001323174,92,865.7062503307935,66.96603129227358,0.059735185562036115
Yau Simpson Shin Hang,30161,"Physical Chess 3, Physical Chess 4",1462.1663255787107,24,865.5415813946777,93.91779490183032,0.05993508609614834
Fraser Peter,21519,Kowloon Cricket Club M3,1458.9891882453398,36,864.747297061335,70.65251929909566,0.05989534295507508
Chan Gordon Yiu Cheong,27589,Hong Kong Football Club 9,1450.6051001674755,72,862.6512750418689,75.33058300028812,0.05978931585001114
Mercalfe Stephen Fraser,33662,"Hong Kong Cricket Club 5, Hong Kong Cricket Club D10, Hong Kong Cricket Club M3, Hong Kong Cricket Club M4",1450.2196271117514,100,862.5549067779378,72.43659924186034,0.059706966067615816
Wong Ho Sang,30360,"Friend Club, LONGVIEW, Thunder 2",1449.869901180401,132,862.4674752951003,65.10000128276673,0.05961019864619828
Cheung Coco Oi Yan,26154,Kowloon Cricket Club 9,1449.546955217214,56,862.3867388043035,61.04980238246719,0.059838480354029534
Lee Davies Man Yuen,19899,Sha Tin 3,1448.689864811879,24,862.1724662029698,88.66340183730617,0.05993045850469169
Pan Ka Hei,33603,X-Alpha 4,1447.7693047510184,80,861.9423261877546,70.46513188195597,0.05977423003479789
Au Shuk Ting,31750,"JESSICA L1, JESSICA L3, The Squash Club 2",1445.3971789276243,120,861.3492947319061,67.10453855971332,0.059692301895369886
Chau Hing Bor,16841,"MERCURY, Mercury",1441.9115713268802,96,860.47789283172,69.1230713847074,0.05971944526428932
Lam Alan Wing Lun,25458,TOMCAT,1439.0988920810482,100,859.7747230202621,66.03161395209584,0.059709191217444654
Ng Rico Wai Ming,24862,The Squash Club 2,1436.0896073395043,16,859.0224018348761,90.2677263129133,0.05995515194549357
Chan Yan Chau,33492,"Smart Squash 1, X-Alpha 3",1435.1085414565337,44,858.7771353641334,86.012148152687,0.059889615307392605
Wong John Ying Man,20638,"The Hong Kong Jockey Club Div 10, The Hong Kong Jockey Club Div 9",1434.452721272938,24,858.6131803182345,95.61358712355597,0.059932192756303654
Mao Junhong,34005,"Fusion Squash Club 1, Fusion Squash Club 2",1434.3296940148152,32,858.5824235037038,90.5399668771526,0.05990996703008796
Lin Chun Wah,29885,"Alpha CUHK, WAKO",1433.5601123249226,180,858.3900280812306,54.79679620921763,0.05949849830885605
Tse Joey Hiu Laam,27714,Xavier,1428.1451611970124,40,857.0362902992531,76.87725163817838,0.05988814109638076
Lam Dennis Wun Cheung,23911,Kinetic 2,1425.499245104853,28,856.3748112762132,76.3997301419304,0.059918954170386084
Dong Li Ang,33166,"Vitality Squash 1, Vitality Squash 2",1424.5139069396819,64,856.1284767349205,78.74561777843364,0.059820643503918136
Lam Hoi Ha,33008,Striving Squash,1424.4913442826755,36,856.1228360706689,69.47879403253087,0.05989916625383111
Bernard Edwin,29927,"HKCC Tuesday Night Rockers, Hong Kong Cricket Club D10, Hong Kong Cricket Club M3, Hong Kong Cricket Club M4",1422.1471240989185,212,855.5367810247296,56.02387195450095,0.05940089608735142
Dissanayaka Waruna Lakmal,31384,"MERCURY, Mercury",1420.3696491607975,84,855.0924122901994,70.94571889149685,0.05975736506609484
Cheung Alan Wing Lun,25168,"Friend Club, LONGVIEW, SKCSC M4, Thunder 2",1413.7847346843637,152,853.4461836710909,61.712362037174366,0.05955298083411803
Hui Prodipto,29872,"Kinetic 3, United Services Recreation Club 3",1408.0957721350032,84,852.0239430337508,70.48650037656024,0.059764186834452955
Tong Franco Sui Lun,23088,"The Hong Kong Jockey Club Div 10, The Hong Kong Jockey Club Div 9",1403.8903897018527,84,850.9725974254632,68.11021829466496,0.05975271782537745
Poon Lok Sang Jacky,35332,SKCSC M4,1401.9917887163215,4,850.4979471790804,156.34648539242878,0.059990960985348125
Hinchcliffe Michael,32469,Centre Squash,1401.7682928373647,12,850.4420732093412,103.0698670223219,0.059968513493445806
Luk Jackie Ching Chug,27112,"LONGVIEW, WAKO",1401.3785827489,56,850.344645687225,81.10263636254832,0.05984595425329542
Ho Si Nuo,32068,"Hong Kong Cricket Club L3, Hong Kong Cricket Club Rockettes, Physical Chess 2, Physical Chess 4",1401.1119674405563,96,850.2779918601391,71.39722225541873,0.05973161150669737
Leung Chi Wang Christopher,16145,"Friend Club, Royal Hong Kong Yacht Club M4, United Services Recreation Club 3, United Services Recreation Club M4",1399.6294856688687,172,849.9073714172172,60.675352789201334,0.059506738518012255
Man Pok Wang,32533,X-Alpha 4,1397.6452104093596,8,849.4113026023399,117.85513310211441,0.05998419520593107
Wan Pauline Yuen Ping,26325,"Kowloon Cricket Club 9, Kowloon Cricket Club M3",1397.1882254354814,104,849.2970563588703,70.4721658177465,0.05968961963877921
Bachani Vinay Suresh,32772,"Kowloon Cricket Club 7, Kowloon Cricket Club M3, Kowloon Cricket Club M4, MM Squash",1397.1441038008493,156,849.2860259502123,55.38304358503759,0.05957573930750421
Di Fonzo Thomas,35491,Squashathon Advance,1397.0634414870242,16,849.265860371756,96.24269753684136,0.059955782084374125
Wong Adrian Preston,33384,"Vitality Squash 1, Vitality Squash 2",1396.7253229903863,28,849.1813307475966,94.24647388310102,0.059922605074155526
Tse Man Hin,29252,RELAY 1,1393.644071134233,100,848.4110177835582,66.63753789990804,0.059701384231084696
Carter Peter,32773,Social Squash Team,1392.6751242995306,20,848.1687810748826,87.28408716145609,0.05995261912681362
Yuen Tsun Kit,29563,RELAY 1,1392.5576158588146,104,848.1394039647037,66.71358557578097,0.059689478937388234
Wong Rames Wang Lung,24280,"The Best Group 1, The Best Group 2, Thunder 1, United Services Recreation Club M4",1392.0306965762966,144,848.0076741440741,61.54430870780107,0.05958322551963542
Tang Man Shing,21136,Kowloon Cricket Club M3,1389.9463435047883,16,847.4865858761971,98.10658698457343,0.0599567123893396
Jin Lu,35151,Bravo D10,1389.2061775791735,12,847.3015443947934,101.45657553334676,0.05996824673756372
Wei Mia Lynn,34140,"Hong Kong Football Club 9, Hong Kong Football Club L3A",1387.7618540872104,92,846.9404635218026,53.937448772348944,0.059743290630332346
Ren Jean-Philippe,34928,"Centre Squash, Royal Hong Kong Yacht Club M3",1387.3491745927818,120,846.8372936481954,64.42789592966936,0.05964477873299588
Lee Yui Him Curtis,34215,Happy Squash 3,1385.3500239370496,64,846.3375059842624,74.12102777323828,0.05981393007771927
Lee Chun Ngai,34451,X-Alpha 4,1385.311907003017,12,846.3279767507543,100.04663019022465,0.059967817211410056
Wright Martin,29202,"Bolton, Hong Kong Football Club 9",1383.9463635812308,200,845.9865908953077,56.67519145702377,0.05942032743790795
Ngan Wynn,32596,"The Squash Club 2, The Squash Club 3",1379.2669880415538,96,844.8167470103884,72.25235295420349,0.0597169556716165
Wang Jui-Chi Rich,34982,JESSICA L3,1376.4465479932387,4,844.1116369983097,156.79927377324185,0.05999110745719393
Watt Ka Chun Ringo,34141,"The Best Group 1, The Best Group 2, Thunder 2",1375.6678248478597,72,843.9169562119649,75.60439199465632,0.059786169816353096
Wai Brian Hok Chun,28740,"Sha Tin 4, Sha Tin 5",1371.6414449650483,68,842.9103612412621,75.58429974627289,0.05980179626843972
Hsu Marvin,22729,"The Hong Kong Jockey Club Div 10, The Hong Kong Jockey Club Div 9",1370.4420123608284,76,842.6105030902071,70.86800808671525,0.05977775700419419
Laheurte Tanguy Jean-Philippe,35403,Banbil,1370.0887052368294,40,842.5221763092073,69.58995724372456,0.05988139303770591
Leow Kin Leung,33698,"Banbil, Ladies Recreation Club M2A",1368.3978617540893,48,842.0994654385223,87.71287790113244,0.05987682392575637
Lee Wing Lam,30753,"i-Mask Advance Squash Club 1, i-Mask Advance Squash Club 3",1367.8945512997293,68,841.9736378249323,79.73088854434953,0.05980384693046103
Martin Timothy,26166,Bolton,1367.451552565176,76,841.862888141294,70.08163508812515,0.0597780695529778
Chan Pak Lun,34507,"Sha Tin 4, Sha Tin 5",1366.4712072456164,100,841.6178018114041,68.09486712761107,0.05970339817012929
Lee Kit Ying,32725,"i-Mask Advance Squash Club 5, i-Mask Advance Squash Club L3",1366.2740642412136,76,841.5685160603034,75.89590591589676,0.05978841153184779
Shiu Chung Hei,31091,X-Alpha 4,1365.4355872993879,4,841.358896824847,156.0901433361681,0.05999098144446777
Leung Michael Yan Por,25671,"Friend Club, SKCSC, SKCSC M4",1365.3962465856516,136,841.3490616464129,62.260579565663065,0.059596663951007225
Ho Chi Hung Eric,16752,"MERCURY, Mercury",1365.2339042071226,96,841.3084760517806,67.69711623655648,0.05972255835251782
Hui Cheuk Him Brody,34037,"Vitality Squash 1, Vitality Squash 2",1364.2450688665149,28,841.0612672166287,85.6957573324437,0.059923757173234136
Chan Raymond Tsan Fai,23067,"7NT, Banbil, Titlows Squash Master, Titlows Squash Team",1361.8444930014793,224,840.4611232503698,55.89074444995855,0.05938271300064246
Lam Chi Chris,33243,"Happy Squash 2, Kwai Tsing District Squash Club",1360.865120631569,68,840.2162801578922,75.44259784459585,0.059803877333921514
Gaffney Noel Patrick,32858,"LONGVIEW, WAKO",1358.5661804821907,128,839.6415451205477,62.963408547845404,0.05964254865427818
Chau Hang Henry,24568,Kinetic 3,1358.1518669318152,72,839.5379667329538,75.42268622816124,0.05979258188594755
Lam Pak Kei Chris,28198,LONGVIEW,1357.5153993647432,32,839.3788498411858,90.683561708797,0.059907759384440595
Mrosek Martin,31189,"Hong Kong Football Club 6C, Hong Kong Football Club M4A",1357.3299587962765,56,839.3324896990691,62.77247566178275,0.059837553430257415
Chan Cheuk Kee,31383,"The Best Group 1, The Best Group 2, Thunder 2",1351.9939045776123,100,837.9984761444031,70.67009511453332,0.05970022112083691
Yip Mark Tuck Keong,23830,Twister,1351.0725676702373,20,837.7681419175593,85.38128702538548,0.05994592825749862
Breton Arthur,35481,"Physical Chess 3, Physical Chess 4",1350.6776289952945,36,837.6694072488236,66.85300131064729,0.059911206565970355
Chan Wun Hei,33087,Sha Tin 4,1349.702637219215,36,837.4256593048037,70.68504771483559,0.059898881730142066
Shum Hin Yeung Almond,23204,"The Hong Kong Jockey Club Div 10, The Hong Kong Jockey Club Div 9",1345.86008059073,52,836.4650201476825,77.880781484844,0.05984672794563985
Kong Yuk Hang Jason,32043,"i-Mask Advance Squash Club 1, i-Mask Advance Squash Club 3",1344.4196242891585,88,836.1049060722896,70.73279500698789,0.0597402738624953
Ma Charles Chun Fung,21985,Tuen Mun Squash Club,1341.8134985213665,56,835.4533746303416,63.28813701956681,0.05983675400162574
Leung Wai Kwan,31027,"Banbil, JESSICA L2, JESSICA L3, JESSICA L4",1340.8635498463345,148,835.2158874615836,62.68790222595298,0.059606088694212925
Ip Kenny Lau Chuen,8731,The Hong Kong Jockey Club Div 10,1338.6638295678304,8,834.6659573919576,117.72119476481139,0.05997954804489594
Yuen Tommy Wai Kwong,17118,Kowloon Cricket Club 9,1338.0380164433968,4,834.5095041108492,156.06199196028965,0.05999087702242491
Ho Wai Ying,27451,"BOSS, United Services Recreation Club 3",1333.4057472592517,112,833.3514368148129,67.08608001827933,0.0596712760773596
Kundamal Neel,33188,Kowloon Cricket Club 9,1333.314115345645,4,833.3285288364112,156.73392320981674,0.05999096243927612
Chan Chi Ming,26965,"WAKO, i-Mask Advance Squash Club 2, i-Mask Advance Squash Club 3",1332.1510454477916,120,833.0377613619479,69.15909540234256,0.05965914072956244
Fetiveau Jeremy Didier Claude,33639,Centre Squash,1331.9046345631668,28,832.9761586407917,78.03773587770995,0.059931632945067655
Wong Ka Ming Alan,30543,"The Best Group 1, The Best Group 2, Thunder 1",1331.6350185235601,92,832.90875463089,69.65586650224459,0.059734409264837154
Yau Raymond Chung Yiu,26423,Friend Club,1331.2734597117478,24,832.818364927937,76.8909844422245,0.05993253616659965
Leung Shun Hei,34145,Happy Squash 3,1328.6938789109777,80,832.1734697277444,69.52219640988501,0.05976902952798262
Shekhawat Tushar,32804,Centre Squash,1327.7885602837327,12,831.9471400709332,104.48044356947709,0.059968189917060356
Chui Danny Kam Wah,14775,"LONGVIEW, WAKO",1326.6497076143128,112,831.6624269035782,63.11059326995615,0.05969167030420665
Cheung Yee Ki,33840,Happy Squash 3,1323.9213040801692,20,830.9803260200423,88.8331769058689,0.059951325122028
Fan Da Jong,29104,"Global Squash 1, Global Squash 2",1321.4677657001116,100,830.3669414250279,68.64000214706928,0.05971428329355093
Tang Ching On,34009,"Fusion Squash Club 1, Fusion Squash Club 2, Hong Kong Cricket Club L3, Hong Kong Cricket Club L4, Hong Kong Cricket Club Rockettes",1321.1100187447655,88,830.2775046861914,71.55084283052852,0.05975507295748169
Kan Chi Hang,28772,HKPF Squash Team,1319.2886529841853,4,829.8221632460463,156.66970813149612,0.05999095735166791
Cox Simon,28422,Hong Kong Club Blue,1317.7719820484176,24,829.4429955121044,95.46064732430871,0.05993336685221338
Chan Ho Yin,33288,Striving Squash,1317.4474154603395,16,829.3618538650849,93.11722277482498,0.0599554629009641
Tsui Chi Hung,19210,"i-Mask Advance Squash Club 2, i-Mask Advance Squash Club 4",1316.5027723288936,12,829.1256930822234,98.21515544078912,0.059971271840896144
Wan Man Fai,24177,Kinetic 3,1316.4864564362756,72,829.1216141090689,75.71587883822916,0.05978597895257122
Wong Long Seng Anson,32046,"Physical Chess 2, Physical Chess 3, Physical Chess 4",1315.4835337711784,60,828.8708834427946,73.95001711813315,0.05983770288586999
McAuslan Gary,25353,"Hong Kong Football Club 9, Hong Kong Football Club M4A",1314.752550543491,56,828.6881376358727,55.004171310937934,0.059841196681715336
Ho Gary Ming Fai,23479,Kwai Tsing District Squash Club,1314.162376673446,104,828.5405941683615,70.4846732394406,0.05969169705371712
Murray David,27253,"Hong Kong Football Club 9, Hong Kong Football Club M4A",1312.1581737921042,216,828.039543448026,55.97611725949511,0.059369068943616606
Pau Andy Chun Hung,28680,"Physical Chess 3, Star River 1",1311.9848958641714,92,827.9962239660429,71.0869287490586,0.059732330756288296
Kwok Alvina,33224,"Hong Kong Cricket Club 6, Hong Kong Cricket Club D7B, Hong Kong Cricket Club L2, Hong Kong Cricket Club L3, Hong Kong Cricket Club Rockettes",1310.2590440871309,80,827.5647610217827,73.66464093974086,0.05977408789052742
Li Yuen Man,33313,X-Alpha 4,1310.0715106444577,52,827.5178776611144,77.9334577919983,0.059855167003791974
Tsang Wai Kit Paul,23712,"Kowloon Cricket Club M3, Kowloon Cricket Club M4",1309.226956410344,92,827.306739102586,67.40313853018212,0.05973643480903106
Brettell David,19505,"Invader Squash, Kowloon Cricket Club M3, Kowloon Cricket Club M4",1307.7288510659268,168,826.9322127664817,57.17645303516841,0.05952782761715534
Ho Kwan Lun,28186,"Hong Kong Football Club M4B, Royal Hong Kong Yacht Club M3, The Hong Kong Jockey Club Div 10, The Hong Kong Jockey Club Div 9",1307.5231342571078,172,826.880783564277,56.588298751322476,0.059499505292884426
Tsang Sin Kei Ophelia,29752,"Kwai Tsing District Squash Club L4, The Zero Squash Club D11",1305.7241971807648,52,826.4310492951912,64.37105724501113,0.05985904594813717
Huang Rui Wen,33836,NEXUS 3,1304.4294986855216,12,826.1073746713804,102.11459836092794,0.05996766642297174
Leung Chi Lok,33999,X-Alpha 4,1304.389786688369,24,826.0974466720922,93.50387649275926,0.05993391090960568
Lau Ching Yin,33080,Sha Tin 4,1304.3611592477419,20,826.0902898119355,82.69842575334465,0.05994572904228646
Li Keung Shing,23473,Kwai Tsing District Squash Club,1301.5125109037212,84,825.3781277259303,72.80074057386463,0.05974733940275604
Au Yeung Albert Tsz Hung,23015,"i-Mask Advance Squash Club 2, i-Mask Advance Squash Club 3, i-Mask Advance Squash Club 4",1297.0725257897643,32,824.2681314474411,89.97076869899723,0.0599117069976548
Warner James William,34111,"Hong Kong Cricket Club 6, Hong Kong Cricket Club D10",1295.766746123451,44,823.9416865308627,75.57916966425414,0.05987720089521469
Chui King Yat,27048,"SKCSC, SKCSC Div 12, SKCSC M4, Squashathon M+",1294.8948509199968,116,823.7237127299992,174.3805962618579,0.49534546145858677
Cheng Ping Kuen Thomas,28667,"MERCURY, Mercury",1294.4532846555103,84,823.6133211638776,69.93380014139974,0.059758957081417576
Ho Sung Hon,34912,"The Best Group 2, Thunder 2, i-Mask Advance Squash Club 2",1293.8608529667367,92,823.4652132416842,68.50838422533386,0.05972333673423787
Lai Tsz Pang,35425,"Alpha CUHK, LONGVIEW, WAKO",1293.4092740830329,100,823.3523185207582,50.84802813922481,0.0597228860525515
Chen Ricky C,34536,"Royal Hong Kong Yacht Club Div 12, Royal Hong Kong Yacht Club Div 13, Royal Hong Kong Yacht Club M3, Royal Hong Kong Yacht Club M4",1292.826306849076,168,823.206576712269,56.1312220289651,0.059532991712111724
Hong Cheuk Yip Gary,28194,"Bravo D10, Squashathon Zero",1292.3857819245004,80,823.0964454811251,74.86057528530968,0.05976713091916074
Chu Lap Sun,21706,"United Services Recreation Club 3, United Services Recreation Club M4",1290.0929276941115,248,822.5232319235279,55.02740781622874,0.05928778109695637
Ip Thomas Shun Moon,22604,BOSS,1289.8383885960839,112,822.459597149021,67.85300989668433,0.059676222779249395
Yu Chi Keung,23608,"United Services Recreation Club 3, United Services Recreation Club M4",1286.067556504598,144,821.5168891261495,57.60758320849624,0.0595850585966413
Ton Ken-Edouard,35404,"Banbil, Royal Hong Kong Yacht Club M4",1285.7237694867595,56,821.4309423716899,61.908741941111714,0.05983523728108829
Cheng Chi Wah,25693,"The Best Group 2, Thunder 2",1285.6751680439406,68,821.4187920109852,76.82700171143095,0.05979670957922328
Wong Ryan Wan Hei,35260,The Hong Kong Jockey Club Div 9,1284.9982820834548,16,821.2495705208637,93.21784761701883,0.0599558412547899
Chan Kin Hung Kit,26668,"SKCSC, SKCSC Div 12, SKCSC M4",1284.1739481328614,152,821.0434870332153,59.43018994083276,0.05955361089777177
Tin Chung Hei,33275,X-Alpha 4,1283.8587274909428,44,820.9646818727357,78.81432602587475,0.059883220615746184
Kwan Sing Luen,12723,The Best Group 2,1283.2079317982639,4,820.801982949566,156.6226614125848,0.05999096275786801
Chan Long Ying,32086,RELAY 1,1283.2017719991177,12,820.8004429997794,117.3810783113819,0.05996843158523796
Gollop Stephen,26674,"Bolton, Hong Kong Football Club 6C, Hong Kong Football Club 9",1283.168857531551,136,820.7922143828878,62.97920347268333,0.059611471514130085
Coutarel Brice Pierre Robert,34057,Centre Squash,1280.4089953360972,44,820.1022488340243,82.49038840955481,0.05987231888269223
Tse Wai Hong,28394,Kinetic 3,1278.5549535510904,40,819.6387383877726,78.73919418835936,0.05988517818443635
Clutterbuck Elliott Letlik,34997,Hong Kong Football Club 9,1277.2245462397714,12,819.3061365599428,102.78984398707395,0.059967708469470665
Leung Eugene Chi Hang,27774,"The Best Group 2, Thunder 2",1277.2125074167238,84,819.303126854181,70.53537625759199,0.059749172402087936
Chan Connal Tak Kay,24835,"Star River 1, i-Mask Advance Squash Club 2, i-Mask Advance Squash Club 4",1274.5021909856305,108,818.6255477464076,68.31336885896586,0.05967629655663569
Leung Man Wah,26498,HKPF Squash Team,1273.276052133358,76,818.3190130333395,71.52071479244596,0.0597758736180147
Curtil Ludovic,34929,Centre Squash,1271.0843059379567,28,817.7710764844892,92.81212700052674,0.05992607182583342
Fung Wing Hing,33786,"Sha Tin 4, Sha Tin 5",1269.059759145583,112,817.2649397863958,67.49449553751643,0.05966583054386147
Ng Kwong Yi,34820,i-Mask Advance Squash Club 4,1268.958523735465,12,817.2396309338662,101.60896124608975,0.05996788942830773
Chiu Ka Yin,20335,"MERCURY, Mercury",1268.9037841784025,68,817.2259460446006,74.11824408323038,0.05980276642905625
Bradbury Adrian,25380,"HKCC Tuesday Night Rockers, Hong Kong Cricket Club D10, Hong Kong Cricket Club M3, Hong Kong Cricket Club M4",1266.9556293103751,144,816.7389073275938,61.93354905981065,0.05957905958511883
Au Sin Man,32112,"i-Mask Advance Squash Club 5, i-Mask Advance Squash Club L3",1263.3733033418134,80,815.8433258354534,71.07152606172902,0.05977755291662802
Erro Davide,30077,Hong Kong Club Blue,1262.6185272197722,56,815.654631804943,73.70503409152616,0.05983648720175432
Leung Kwok Wai,12026,"Star River 1, Star River 2",1262.4860776377982,104,815.6215194094495,73.49052655199934,0.05970229763607732
Ko Sze Chai Cedric,32055,7NT,1261.7302414004394,84,815.4325603501098,69.57404467962078,0.059750723249005676
Grillo Francesco,32805,Centre Squash,1258.5919106729557,56,814.6479776682389,76.69020741502261,0.059838291722251004
Wong Javy Ki Ling,26016,"Hong Kong Football Club L3B, Hong Kong Football Club L3C, Hong Kong Football Club M4B, The Hong Kong Jockey Club Div 10, The Hong Kong Jockey Club Div 9",1258.300991001142,156,814.5752477502855,58.101330012547436,0.05955141483096818
Lo Fai Tuen Jack,31548,Thunder 2,1258.0275374974326,8,814.5068843743582,118.06944174988227,0.05998415641448632
Li Ka Kit,32568,"Sha Tin 3, Sha Tin 4",1256.775908179568,84,814.193977044892,70.43251154640878,0.059758122689134614
Yung Kai Sing,32148,"7NT, Titlows Squash Master, Titlows Squash Team",1256.1452852341017,192,814.0363213085254,59.80798540126614,0.059460867708551295
Peters Vivien,32224,Hong Kong Cricket Club Rockettes,1255.007649815249,4,813.7519124538122,156.7786145451573,0.059991153934295285
Li Kelvin Hon Hun,22460,BOSS,1253.818711072092,108,813.454677768023,67.25666551759147,0.05969171309485849
Adams David,27878,"Banbil, Ladies Recreation Club M2, Royal Hong Kong Yacht Club M4",1252.9864123982734,128,813.2466030995683,61.14818049724169,0.05962227753005015
Clarke Andrew,35749,Royal Hong Kong Yacht Club M4,1252.2677286775447,12,813.0669321693862,100.1349591884666,0.0599677146060659
Lee Henry Kwok Chung,20810,Kinetic 3,1251.9631909504083,56,812.9907977376021,76.1374975418724,0.05984009382951158
Fong Wai Kuen,21996,BOSS,1251.6305766634237,116,812.9076441658559,66.24188045822277,0.059656783078955354
Tse Winky Wing Kee,16708,"MERCURY, Mercury",1249.4158932876853,44,812.3539733219213,79.13914660578594,0.059870734500639324
Hung Wai Chun,33832,TNG 1,1247.1223548968837,56,811.7805887242209,79.60807564552525,0.059850911506239106
Luk Raymond Yiu Fai,12899,BOSS,1246.8545102847247,84,811.7136275711812,70.83184921957678,0.05975171184283189
Griffiths John David,33926,"HKCC Tuesday Night Rockers, Hong Kong Cricket Club 7, Hong Kong Cricket Club D10, Hong Kong Cricket Club M3, Hong Kong Cricket Club M4",1245.7400760691185,188,811.4350190172796,58.81963875333754,0.05945872257160356
Shi Ziyang,35858,Bravo D10,1245.374701693334,36,811.3436754233335,68.9580257823626,0.05989723063458639
Lee Leo Chi Kin,27894,Kwai Tsing District Squash Club,1244.7247273436756,108,811.1811818359189,70.1518282816142,0.059676012903409896
Thomere Mark,33638,Centre Squash,1244.5278615165712,4,811.1319653791428,156.53152339311836,0.059990963514689265
Yam Ken Luen Kai,24703,"United Services Recreation Club 3, United Services Recreation Club M4",1244.4993496185375,140,811.1248374046344,60.70008508397897,0.059586230595244316
Yip Hoi Yiu,31330,"i-Mask Advance Squash Club 2, i-Mask Advance Squash Club 5, i-Mask Advance Squash Club L3",1237.7580486038355,44,809.4395121509589,81.5094773949098,0.059876102690133555
Tam Chiu Wai,28782,HKPF Squash Team,1237.2890774028897,4,809.3222693507224,156.22671717316868,0.05999092371423552
To Felix Ka Hei,28389,Kinetic 3,1237.0994494359843,76,809.2748623589961,71.5094695675348,0.059780436998783784
Chung Kwong Hei,34452,"Electrify Squash Div 6, The Squash Club 3",1235.535698008995,72,808.8839245022488,70.41155963164823,0.059800070858498186
Leong David Kam Ho,29173,Kinetic 3,1235.1118118527966,48,808.7779529631991,77.30763537425227,0.059858327637316716
Chan Ho Lam,31051,"HKPF Squash Team, Kwai Tsing District Squash Club",1235.020395517784,104,808.755098879446,65.92002259900262,0.05968818063441569
Cheng Kathy Ka Wai,29962,"i-Mask Advance Squash Club 1, i-Mask Advance Squash Club 2, i-Mask Advance Squash Club 3, i-Mask Advance Squash Club 4, i-Mask Advance Squash Club 5, i-Mask Advance Squash Club L3",1233.856974191137,152,808.4642435477842,64.15247057834286,0.059575762948827694
Sze To Shiu Keung,27376,"Twister, Twister 2",1233.683419600934,48,808.4208549002335,80.04561468001793,0.05986749724254411
Yeow Andrew Tze Hao,35848,Bravo D10,1230.0151826520228,20,807.5037956630057,84.07880623916242,0.059945333799431774
Yip Kent Chi Bun,25547,"Kowloon Cricket Club 9, Kowloon Cricket Club M3",1229.3549104319218,104,807.3387276079804,66.40312975553967,0.05969320782362958
Chen Chao,35563,Bravo D10,1228.4101769214553,20,807.1025442303638,83.98876245690215,0.05994252250391075
Tse Ray,28736,"Royal Hong Kong Yacht Club Div 12, Royal Hong Kong Yacht Club Div 13, Royal Hong Kong Yacht Club M3, Royal Hong Kong Yacht Club M4",1227.9899834421972,188,806.9974958605493,54.70662342516755,0.05946879407610307
Lo Tsun Ming Melvin,35427,GMDBB,1227.886347335339,32,806.9715868338347,74.25407536157145,0.05990847635080871
Chui Jennifer,33819,Hong Kong Football Club L3C,1225.7207966795377,92,806.4301991698844,68.5405642633373,0.05973621648908949
Chan Penny Miu Kwan,22757,"Sha Tin 4, Sha Tin 5",1225.1706216458733,68,806.2926554114683,78.25799956081995,0.05980089795333349
Chan George Yee Lee,25063,Hong Kong Football Club M4A,1224.4906379246172,24,806.1226594811543,94.74091685113734,0.05993229124872652
Leung Suen Yan Tiffany,33758,"Hong Kong Football Club L3A, Hong Kong Football Club L3B",1224.1962681685372,32,806.0490670421343,85.78100255017097,0.059913553770918684
Lo Wing Man Veronica,31507,"Hong Kong Football Club 12B, Hong Kong Football Club L3B, Hong Kong Football Club L3C",1222.3229503619664,112,805.5807375904916,65.55226426205182,0.05968966496977726
Li Paul Lok San,33797,"Centre Squash, Squashathon Advance",1220.7477754156766,24,805.1869438539192,96.44625800998215,0.059931763341473265
Mirapuri Rajesh,29742,"United Services Recreation Club 3, United Services Recreation Club M4",1218.6066397788445,100,804.6516599447111,68.83166789982332,0.05971071357734839
Yeung Leo Kin Lai,29263,i-Mask Advance Squash Club 4,1218.405757719794,68,804.6014394299485,73.01338448287319,0.05980279817816508
So Li Chuan John,33576,Banbil,1217.8595470582536,24,804.4648867645634,93.97928341911268,0.05993202020486603
Choi Cheuk Hei,32094,RELAY 1,1216.488235286461,56,804.1220588216153,76.16752617681989,0.05983580374655176
Chan Christine Yik Tat,27830,"Hong Kong Football Club 12A, Hong Kong Football Club 7B, Hong Kong Football Club 9, Hong Kong Football Club L2A, Hong Kong Football Club L2B, Hong Kong Football Club M3B, Hong Kong Football Club M4A",1215.4868681738194,132,803.8717170434549,60.56506560237017,0.05963255403912435
Cao Yu,34274,"TNG 1, TNG 2, The Squash Club 3",1214.4639341950547,68,803.6159835487637,78.10729364930813,0.059824565693273164
Hung Wai Tung,33833,"Hong Kong Football Club JSA, Hong Kong Football Club L3A, TNG 1",1214.0191579079428,60,803.5047894769857,75.14366039191688,0.05983773626406043
Lo Yue Hin,34090,Hong Kong Club Blue,1211.0791988668911,52,802.7697997167228,75.32290689160291,0.05984940149894057
Liu Yichen,36011,Bravo D10,1210.6232018739179,20,802.6558004684795,85.81861052517456,0.05994348136368757
Teng Fredric,31138,Hong Kong Club Blue,1210.2434250296137,40,802.5608562574034,80.02480666143356,0.05988153059901684
Kwong Wai Ching,33730,Happy Squash 3,1205.1702588931093,72,801.2925647232773,71.02227357575542,0.05979349950994454
Li Kin Wah,21830,HKPF Squash Team,1205.147026027455,44,801.2867565068638,67.15999432430021,0.05987351961954245
Blackburn Timothy Joseph,35405,Hong Kong Club Blue,1204.978129364285,36,801.2445323410712,68.67026190981734,0.05989850945305825
Daigneavlt Christian,33667,"United Services Recreation Club 3, United Services Recreation Club M4",1204.916391809776,128,801.229097952444,65.67926922815981,0.05962519929118067
Leung Hok Sum,31309,"LONGVIEW, Squashathon Advance, Squashathon PLZ, The Squash Club 3",1204.3727109002507,96,801.0931777250627,70.37081735806288,0.05973191573750416
Chan Ying Lun,31866,"Squashathon Zero, The Zero Squash Club D11",1201.6222384554035,40,800.4055596138509,77.5609609091308,0.05989150556304784
Ku Wai Hang William,30782,"United Services Recreation Club 3, United Services Recreation Club M4",1200.662636576364,64,800.165659144091,77.09584309553487,0.05981774435145881
Tam Tsz Lung,33865,TNG 1,1198.5914662574082,60,799.6478665643521,76.09681269361494,0.05983925406681078
Tang Terry Kin Ming,26179,"7NT, Titlows Squash Master, Titlows Squash Team",1197.9461102907535,84,799.4865275726884,71.55479127007585,0.05977028440194118
Lam King Tak Douglas,27092,"The Hong Kong Jockey Club Div 10, The Hong Kong Jockey Club Div 9",1196.373657780458,8,799.0934144451145,134.01422723956532,0.059980079587098306
Chan Po Sing,7420,HKPF Squash Team,1194.4701334945057,44,798.6175333736264,81.48624100476628,0.059876881024121135
Cheung Hon Sang,32095,RELAY 1,1193.5092927467326,64,798.3773231866832,75.15769872977621,0.059811069575389904
Li Chung Him Samuel,33518,Craigengower Cricket Club,1193.5077827218543,60,798.3769456804636,74.27588331844636,0.05983461913590319
Zhang Wei,34529,Bravo D10,1191.7643321653704,12,797.9410830413426,103.23752246847741,0.05996762722998687
Foo Chit Man,31569,"i-Mask Advance Squash Club 2, i-Mask Advance Squash Club 5",1190.563974385252,60,797.640993596313,60.94389591268386,0.05983320731011821
Mok Sui Kei,22983,"Alpha CUHK, WAKO",1190.3072584400807,132,797.5768146100202,58.04745723483547,0.05962034182720243
Man Angela Pui Kei,26243,Hong Kong Football Club L3C,1188.4566773944775,24,797.1141693486194,77.76345865440321,0.05993926395714836
Kwan Michael Siu Ming,27902,The Zero Squash Club D11,1186.6775558042618,44,796.6693889510655,65.47802711849404,0.059871136092950125
Ng Ngo Ching Matthew,30717,Latecomers,1185.8538930194559,124,796.463473254864,66.22522265114291,0.05963188376664914
Wong Gary Ming Ho,29032,"Sha Tin 4, Sha Tin 5",1185.1584489859083,64,796.2896122464771,79.17146074853834,0.05981714173496804
Wong Tony Wing Tung,26395,"SKCSC, SKCSC Div 12, SKCSC M4",1183.7213583674175,128,795.9303395918544,63.51188011921275,0.05962200263861754
Vera Henry,30779,"HKCC Tuesday Night Rockers, Hong Kong Cricket Club 7, Hong Kong Cricket Club D10, Hong Kong Cricket Club D7B, Hong Kong Cricket Club M3, Hong Kong Cricket Club M4",1182.5067259992757,88,795.6266814998189,69.77506104639457,0.05975253795072341
Kan Lauren,34454,"Hong Kong Football Club L3A, Ladies Recreation Club Div 14",1182.0365331707299,8,795.5091332926825,124.03074782996379,0.05998598240686301
Sun Ka Ip Justin Edmund,34543,"i-Mask Advance Squash Club 1, i-Mask Advance Squash Club 3, i-Mask Advance Squash Club 4, i-Mask Advance Squash Club 5",1178.5483704170406,68,794.6370926042601,73.7195065337089,0.059801705627658804
So Wan Kiu,31819,"i-Mask Advance Squash Club 5, i-Mask Advance Squash Club L3",1178.3645384359475,56,794.5911346089869,75.63200575093398,0.05984366746884518
Ching Tsz Pan,23477,Kwai Tsing District Squash Club,1175.2262575785608,32,793.8065643946402,87.02499795875173,0.059906658179149794
Chan Koon Yan Boris,35177,7NT,1175.152010215751,60,793.7880025539378,67.3210513768496,0.059821635915427426
Tyen Cedric Kwong Hui,4194,"The Hong Kong Jockey Club Div 10, The Hong Kong Jockey Club Div 9",1171.056053515942,16,792.7640133789855,104.63093797099762,0.059956618104811565
Leung Siu Lun,34143,Sha Tin 4,1170.6881890991945,20,792.6720472747986,88.71371578040453,0.059946737298508905
Siu William Chak Man,26273,HKPF Squash Team,1168.3330160503447,124,792.0832540125862,65.2187155304956,0.05963200371888047
Wong Kwok Hee,26041,Tuen Mun Squash Club,1167.7245194395991,56,791.9311298598998,63.44624523347684,0.05983773284941275
Law Tsz Ting,34134,"GMDBB, Hong Kong Football Club L2A, Hong Kong Football Club L3A, Hong Kong Football Club L3B",1167.5597089591056,104,791.8899272397764,66.37714920578107,0.059698830080582625
Tang Keng Io,28504,Kinetic 3,1165.5942759929794,92,791.3985689982449,67.00930092959804,0.05973493522917632
Lo Tin Yee Clement,11972,"Kowloon Cricket Club 9, Kowloon Cricket Club M3, Kowloon Cricket Club M4",1165.151220358805,32,791.2878050897012,88.52349232379059,0.059913856950274486
Liang Shi Jing,35019,"United Services Recreation Club 3, i-Mask Advance Squash Club L3",1164.5788108796496,84,791.1447027199124,70.84305171570185,0.05975878611151165
So Yin Wei Winnie,29105,"Global Squash 2, OSF, Old Squash Fellows",1164.4225910487803,56,791.1056477621951,77.8131599706959,0.05984346620978982
Simmons Shirndre-Lee,34672,Hong Kong Cricket Club Rockettes,1162.713544323814,56,790.6783860809535,75.4143372414375,0.059845925409689
Au Wai Keung,30435,i-Mask Advance Squash Club 4,1160.8226448437713,80,790.2056612109428,73.80689380638002,0.05976510796848018
Hui Man Fai,32681,i-Mask Advance Squash Club 4,1158.6284709876832,96,789.6571177469208,69.88051000558916,0.05972018073489423
Lam Yan Yu Hayley,33710,"JESSICA L3, JESSICA Mochis, The Squash Club 3",1157.2074629299436,92,789.3018657324859,67.87112786178986,0.059742265767553794
Feng Shuang,35359,Bravo D10,1156.7527301510063,20,789.1881825377516,91.45754389189466,0.059946996582100835
Andrews Adrian,36030,Vitality Squash 1,1156.2112508634295,8,789.0528127158574,124.39451709822414,0.059981883260926606
Lee Hsuen Pin,34662,Bravo D10,1155.198216373621,36,788.7995540934053,70.04472141559215,0.05989809109011626
Leung Kam Yau Hardy,26513,"South China Athletic Association, The Squash Club 3",1150.4376615033498,112,787.6094153758374,66.9427977365086,0.059660802285008016
Cheng Wing Hei Timothy,29128,Bravo D10,1150.0095984355708,48,787.5023996088927,64.27520499208634,0.059862716018642646
Yip Pui Yan,32602,Kinetic 2,1148.7694837685763,52,787.1923709421441,74.71906900601947,0.059857700327389345
Wu Minyan,34941,Bravo D10,1145.1850067989208,84,786.2962516997302,70.82583579581372,0.05975714608015909
Koeman Arthur,22974,"HKCC Tuesday Night Rockers, Hong Kong Cricket Club 7, Hong Kong Cricket Club D10, Hong Kong Cricket Club M3, Hong Kong Cricket Club M4",1145.0306030140264,100,786.2576507535066,63.3963428365775,0.05971290127810753
Lam Cheuk Yin,31194,"Electrify Squash Div 11, North District Sports Association 1, North District Sports Association 2",1144.8242158469825,68,786.2060539617456,72.00526809922394,0.05980165036736147
Huang Kai Tao,34612,Banbil,1143.57967579474,16,785.894918948685,92.53555742800214,0.05995533703847044
Choi Angel Chung Yin,19838,"Hong Kong Football Club 7A, JESSICA L3, JESSICA L4",1141.9395882295303,60,785.4848970573826,76.66974932620653,0.05985140183548917
Ng Shing Hoi,19238,BOSS,1139.5572646417036,8,784.8893161604259,120.19455793342169,0.0599799534479101
Choe Yeda,33701,"Ladies Recreation Club Div 14, Ladies Recreation Club Div 8",1139.02974534938,48,784.757436337345,67.51659215923692,0.059881396859007396
Openshaw Michael,30134,"HKCC Tuesday Night Rockers, Hong Kong Cricket Club D10, Hong Kong Cricket Club M3, Hong Kong Cricket Club M4",1138.946975370363,32,784.7367438425907,83.37641364684919,0.059909697582004436
Sullivan Andrew,26976,Bolton,1137.338142844952,20,784.334535711238,98.54365563931495,0.05994455718250275
Tan Hui Ting,35174,Bravo D10,1135.858768653457,24,783.9646921633642,91.90415151462129,0.05993446598903924
Cheung Chor Yu,33859,"TNG 1, TNG 2",1135.6232653230454,60,783.9058163307614,72.45106152025497,0.05983338995404868
Fung Bruce Wai Ho,19072,BOSS,1131.518126071715,40,782.8795315179287,76.63431801172827,0.059887959186507106
Chung Tsam Yee,34148,"The Squash Club 2, The Squash Club 3, The Squash Club 4, The Squash Club L4",1130.3477277450002,140,782.58693193625,63.062537634229905,0.0596114092578078
Chada Neil,35026,Winter Warriors,1130.2243710638686,76,782.5560927659672,75.06245743685025,0.059778243406279595
Cheung Ka Yan,35480,Hong Kong Football Club L3B,1129.5327445372259,4,782.3831861343065,160.09025025182035,0.05999159504775779
Lau Douglas Kin Chung,32197,CSD Squash Team,1128.401768524423,112,782.1004421311058,64.32468181289374,0.059669273485817444
Wong Kam Cheung Sunny,19165,"MERCURY, Mercury",1122.5672936297742,64,780.6418234074436,72.79142740895222,0.059818938632061704
Saifuddin Shariq,35397,Winter Warriors,1122.366319074932,28,780.591579768733,75.68586225619207,0.059922050808250436
Leung Joey Tsz Yu,31554,"i-Mask Advance Squash Club 3, i-Mask Advance Squash Club 5",1121.5697277856352,12,780.3924319464088,103.57590721737867,0.05996814184517804
Wang Ju Li,34435,Bravo D10,1121.0239381854994,12,780.2559845463749,104.84647552082822,0.05997160135385534
Szeto Jonas,34020,Fusion Squash Club 2,1119.34627220955,68,779.8365680523875,76.10043681595667,0.05982013211076222
Chang Ming To Alastair,33403,Global Squash 2,1118.6391108313883,20,779.6597777078471,84.90068775840608,0.05994923753199091
Lau Ho Wing,29785,"Tuen Mun Squash Club, i-Mask Advance Squash Club 2, i-Mask Advance Squash Club 5",1117.7265256835003,64,779.4316314208751,78.78839084112042,0.059813863708868875
Wong Wilson Wai Shing,23839,Kinetic 3,1116.81067108357,60,779.2026677708925,76.32314580419695,0.05982485393365657
Chan Shun Ting,34127,"Happy Squash 3, TNG 2",1115.0167850022644,76,778.7541962505661,72.28578166792053,0.05979072034657514
Ho Kwok Kei,28307,Kinetic 3,1113.7875693324527,20,778.4468923331132,101.59432056846349,0.059950583732126694
Chiu Hau Yi,34213,"Hong Kong Football Club JSA, Hong Kong Football Club L3A, Hong Kong Football Club L3B",1112.2407334275877,84,778.0601833568969,66.76405070379735,0.05977089698667028
Lee Maurice King Sun,18213,BOSS,1111.3157965477267,8,777.8289491369317,116.8713193847253,0.05998386144351202
Chong Tin Hang,34091,"i-Mask Advance Squash Club 1, i-Mask Advance Squash Club 3, i-Mask Advance Squash Club 4",1107.3084351681155,140,776.8271087920289,64.50168796944372,0.05959574942339612
Chow Pui Sing,23591,"Bravo D10, Bravo D13",1106.46466789339,112,776.6161669733475,70.95253675816943,0.05968676335724369
Au Heung Ben,25735,"i-Mask Advance Squash Club 2, i-Mask Advance Squash Club 3",1105.5896454738072,88,776.3974113684518,68.46261171134331,0.05974869855010278
Thambidrai Sunil James,33666,Winter Warriors,1105.5580770519555,104,776.3895192629889,69.07876123047016,0.05970007800411335
Law Yuen Fung,32698,RELAY 1,1104.7780755239446,24,776.1945188809862,94.6464899288483,0.059931524447340054
Ip Simon Shing On,30497,Tuen Mun Squash Club,1101.2127732486742,8,775.3031933121686,118.82014625974546,0.059979910525681294
McLennan Justin,31202,Hong Kong Club Blue,1100.5122585387226,104,775.1280646346806,66.06483815802662,0.05969198125994251
Lee Ching Long,33881,"Electrify Squash Div 11, Electrify Squash Div 13",1099.2880359811097,36,774.8220089952774,84.9997293862455,0.05990150581524481
Lo Tin Lai,33165,"Kwai Tsing District Squash Club, North District Sports Association 1",1098.7223907789498,108,774.6805976947375,68.3353342229887,0.059685167825830776
Tai Dhubal Koon Ho,28400,South China Athletic Association,1098.529378921649,84,774.6323447304122,68.40956001099488,0.059755880681247896
Li Bruce Chi Fai,28820,The Zero Squash Club D11,1096.5408158721134,40,774.1352039680283,67.26227691709914,0.059882886957375564
Sung Iris,22099,"Hong Kong Football Club 12A, Hong Kong Football Club 12B, Hong Kong Football Club L2A, Hong Kong Football Club L2C, Hong Kong Football Club M4A",1096.2886947835432,148,774.0721736958858,64.3918464560152,0.05962676204045111
Kan Alvin Ho Yin,28777,"Sha Tin 4, Sha Tin 5",1095.4712390992863,56,773.8678097748216,80.3070955511396,0.05983964328457291
Etherington David,34471,"Hong Kong Football Club 12B, Hong Kong Football Club 9, Hong Kong Football Club M4B",1094.2132580665061,68,773.5533145166265,72.90846389597357,0.05981063098383677
Hui Adrian Wai Hung,25636,7NT,1094.1658250982264,92,773.5414562745566,67.83230251175682,0.05972589621249124
Yu Ying Wai,21847,South China Athletic Association,1093.2728328520116,12,773.3182082130029,100.26910169447409,0.0599684258001295
Ko Yat Ming,25882,Tuen Mun Squash Club,1092.763818771754,84,773.1909546929385,68.92767000424641,0.05975103540533188
Lo Tien Yue,34181,Craigengower Cricket Club,1090.3181674631137,72,772.5795418657784,72.29822428545073,0.059794445510058566
Chan Thomas Tsz Sau,27367,The Squash Club 3,1088.7079949525082,76,772.176998738127,70.36024923467758,0.059783191897792964
Wong Michael,27420,BOSS,1088.3203880674637,92,772.0800970168659,68.68900587481951,0.05973120576534405
Ngan Xyan,30421,The Squash Club 3,1087.57020061805,28,771.8925501545125,78.40937274255153,0.05992326976439734
Sze Morgan,30823,Hong Kong Club Blue,1083.3400758677067,36,770.8350189669267,79.72233346521028,0.05989963368358583
Ho Yu Hin Kenneth,32645,Star River 1,1082.2229000987509,72,770.5557250246877,71.62016494527845,0.05978897714604299
Chen Ying Ting,35472,Bravo D10,1082.0784588285537,20,770.5196147071384,85.68963787619755,0.059946616369113234
Ng Coleman Shung Ching,11000,"United Services Recreation Club 3, United Services Recreation Club M4",1081.9575935439389,16,770.4893983859847,112.27213954054729,0.05995721872589087
Tang Genevieve,32151,"Hong Kong Football Club L3A, Hong Kong Football Club L3B",1080.400128011193,64,770.1000320027982,74.21075578606734,0.0598188503068008
Baram Derek,35016,Hong Kong Club Blue,1079.413484888477,64,769.8533712221192,76.96288082935905,0.05981725713664228
Lou Eddie Kuong Fai,23024,i-Mask Advance Squash Club 4,1078.8633612642793,80,769.7158403160698,71.55284436455624,0.05975967816123941
Ho Man Lok,28494,CSD Squash Team,1076.943989441946,20,769.2359973604865,79.59316633446176,0.05994536779251017
Moore Andrew,26669,Royal Hong Kong Yacht Club M4,1073.653303841893,28,768.4133259604732,70.16178530791164,0.05992231617660519
Chau Kwok Hung,19205,"Sha Tin 4, Sha Tin 5",1072.8883809106846,16,768.2220952276712,101.86597434218628,0.0599589582100851
Ma Chun Wah,30385,Tuen Mun Squash Club,1072.1082132253337,104,768.0270533063334,65.87369764506545,0.05969644247620785
Ho Yuen Wang Samson,31150,The Squash Club 3,1067.2790074915706,16,766.8197518728927,96.30471779529006,0.05995565296034835
Wong Doug Chung Tak,25011,SKCSC Div 12,1066.1082612944178,4,766.5270653236045,166.32928650688132,0.05999205058312994
Ho Stephen Wing Yuen,25235,Royal Hong Kong Yacht Club M4,1065.3771290865066,20,766.3442822716266,84.86478998569083,0.05994625908104185
Vaswani Arun,29172,Kinetic 3,1064.3213430972805,56,766.0803357743201,78.46743442473142,0.059838969750651234
Lai Herbert Chan Wah,27482,"SKCSC, SKCSC Div 12, SKCSC M4, Star River 1",1062.3390783680056,108,765.5847695920014,70.17531514013362,0.059691393715254434
Wong Tsz Wang Clayton,34413,"Squashathon One, Squashathon Zero",1062.3073205587002,92,765.576830139675,68.33789622594452,0.05975913529236114
Suri Shivam,34515,Winter Warriors,1061.219698935563,56,765.3049247338907,69.8063151460713,0.05984050376295791
Stark Christopher Michael,33837,Bolton,1058.046981403923,60,764.5117453509807,71.36888579789633,0.05982567122182916
Lee Vanessa Sze Wing,28542,Global Squash 2,1057.7251884361485,20,764.4312971090371,87.2724372545773,0.05994565521620961
Yeung Karic Ying Ho,27266,Sea Bear,1057.5535933305937,100,764.3883983326484,66.4295836862148,0.0596982102210913
Raffo Jason Kevin,34930,Centre Squash,1053.1173484005008,16,763.2793371001252,106.93099728338744,0.05995817735488829
Oei Chuen Shek Joseph,33696,"Royal Hong Kong Yacht Club Div 14, Royal Hong Kong Yacht Club M3, Royal Hong Kong Yacht Club M4",1052.3467775392828,136,763.0866943848207,63.90014472335737,0.0596190075313937
Lo Hoi Fung Douglas,33984,"Electrify Squash Div 11, Electrify Squash Div 13",1050.8083596438178,80,762.7020899109544,71.37906426955303,0.05977063728483831
Chan Eric Sze Kin,27912,South China Athletic Association,1047.5481070297874,20,761.8870267574468,87.02126498427513,0.05994382025193462
Chow Mark Yu Cheuk,17782,"Kowloon Cricket Club 9, Kowloon Cricket Club M4",1043.733410210807,40,760.9333525527018,83.4796368641066,0.05989147583212098
Lai Kam Fai,27441,The Zero Squash Club D11,1038.8084089367899,28,759.7021022341975,75.8213611314226,0.05992351810661432
Lau Chun Kin,34520,"Electrify Squash Div 11, Electrify Squash Div 13",1038.731879914711,92,759.6829699786778,67.08841329676147,0.05973140388038938
Somers Jonathan,35023,Bolton,1038.3414934316693,92,759.5853733579173,66.83911946137688,0.059724116509225364
Lee Hok Chung,33491,"Kwai Tsing District Squash Club, North District Sports Association 1, North District Sports Association 2",1038.1380104920968,100,759.5345026230242,72.59991401431118,0.059710398647895895
Ho Kwan Ho,33614,"Electrify Squash Div 11, Electrify Squash Div 13",1034.8782429662242,76,758.719560741556,70.72048835880574,0.05977577417793176
Liu Vincent Wing Sang,28127,Invader Squash,1033.4288627665546,124,758.3572156916387,66.51814229182462,0.05963920469582808
Leung Ka Lau,19059,Alpha CUHK,1033.182267158867,92,758.2955667897168,68.2198061271929,0.059729640199369126
Wan Wan Lung,18001,Sea Bear,1032.97145518652,80,758.24286379663,70.27672888850742,0.05976192411324736
Lam Francis Fu Yuen,25420,"Alpha CUHK, LONGVIEW, WAKO",1031.3542592092276,92,757.8385648023069,53.592564996809664,0.05973928223496443
Chan Kar Wai Cynthia,23951,Craigengower Cricket Club,1030.8445703118732,24,757.7111425779683,81.41673891157578,0.05993085637171734
Walsh Paul,28724,Bolton,1030.2771556936545,20,757.5692889234136,93.17803591393739,0.0599456645978159
Chan Kathleen Man Yiu,35033,"GMDBB, Hong Kong Racketlon Assoication 2",1030.2378401446717,68,757.5594600361679,72.22555198565958,0.059804921533586845
Chang Sean Pey,32223,"GMDBB, Hong Kong Racketlon Assoication 2",1027.9151895415876,80,756.9787973853969,69.85072710507335,0.05976161576804362
Yuen Lok Hang,34671,"Physical Chess 3, Physical Chess 4",1027.6642411916641,104,756.916060297916,67.75228798825226,0.059700370099594106
Yu Kevin Ka Hon,28273,Sha Tin 5,1027.6128555726568,24,756.9032138931642,81.22207834484917,0.05993012686600497
Leung Ka Luen Wilson,28829,"Squashathon Advance, Squashathon PLZ",1027.1885233185285,96,756.7971308296321,71.01357349687949,0.059727652299411696
Kwan Kay Ho Kelvin,28556,"Hong Kong Football Club 12A, Hong Kong Football Club M4B",1026.4490002717325,108,756.6122500679331,66.83792336109153,0.0596846393038617
Yip Nigel Wing Kei,29188,7NT,1026.1879708915112,40,756.5469927228778,86.2071697330827,0.05988369737519233
Tiu Man Kit,32010,Sea Bear,1025.3235113761266,92,756.3308778440316,71.0991612756892,0.059726480399242006
Guo Si Jia,34436,Bravo D10,1025.3105724055067,68,756.3276431013767,72.83205077257917,0.059802983374181794
Wu Chi Wai,24705,Arctic Circle,1025.2725310690903,116,756.3181327672726,61.71226877198102,0.05965642024810169
Tam Kwan Ho,29359,Physical Chess 4,1025.1977540873067,16,756.2994385218267,94.21226613133851,0.05995551271431976
Cumberlege Edward Jeremy Parbury,35395,Royal Hong Kong Yacht Club Div 12,1025.0210794024351,32,756.2552698506088,71.50090988667083,0.059912498073818286
Wong Pak Yiu,34167,"Happy Squash 2, Happy Squash 3, TNG 1",1023.9883159051342,72,755.9970789762835,73.36981847651035,0.059808828278939984
Leung Freddie Ping Wah,24157,Invader Squash,1023.3277984567994,128,755.8319496141999,63.637861808863406,0.059617405094139354
Chan Peggy,18995,"Hong Kong Football Club L3C, Hong Kong Football Club M4B",1018.2913569849297,28,754.5728392462324,91.3984770948173,0.05992517256033236
Cheung Kwan Laam,36315,Star River 1,1017.6104162216598,20,754.4026040554149,83.66883996979415,0.059947189967496164
Liu Wai Yin,31879,"HKPF Squash Team, North District Sports Association 3",1016.6229008163164,12,754.1557252040791,99.59223227450406,0.0599787197166373
Mak Derek Kam Yuen,7883,"HKPF Squash Team, WAKO",1015.8351174783493,132,753.9587793695873,67.08221705580083,0.05962039096806442
Chan Willie Wai Hung,23991,Invader Squash,1015.1444307220909,36,753.7861076805227,92.55648387191759,0.0598987095017254
Lee Yat Long,33249,Physical Chess 4,1015.1175434794213,4,753.7793858698553,156.02559151914156,0.05999095238273747
Tsang Lorita Yau Ching,26526,Hong Kong Football Club L3C,1013.5558348832046,8,753.3889587208012,121.18148399267572,0.05998098029116581
Luk Hoi Fai,33138,"Arctic Circle, TNG 1",1012.470043155341,64,753.1175107888353,71.80597299453433,0.05981306264823871
Lau Hin Wang,33459,Craigengower Cricket Club,1010.6558821922858,12,752.6639705480715,101.14234822614252,0.059967961808375284
Tang Ka Yan,28720,"Craigengower Cricket Club, M&M Squash",1010.1936089410897,96,752.5484022352724,63.72160364929044,0.059713443277807025
Singh Deep Karman Pal,35398,Winter Warriors,1009.4188651089044,20,752.3547162772261,88.07663520553476,0.05994848324578073
Tang Chi Kin,29423,South China Athletic Association,1008.4135503699436,48,752.1033875924859,77.93040804358338,0.059861277002513556
Pang Edward Sze Ho,31867,ZOMA,1008.233220313205,104,752.0583050783013,68.72535671650671,0.059692611408824835
Pawlyn Ben,29225,Bolton,1006.1488011360839,32,751.537200284021,73.99278429020154,0.05991476646420527
Ho Fai,26511,South China Athletic Association,1005.4962957574635,56,751.3740739393659,76.71528048788441,0.05983464154108202
Diestel Joseph,29862,Hong Kong Club Blue,1005.0477771599012,20,751.2619442899753,84.27520955423839,0.05994465577383189
Wong Alan Yuk Lun,17359,"Sha Tin 4, Sha Tin 5",1002.4101900614805,52,750.6025475153701,86.55537361265219,0.05984900134182092
Bhalothia Saksham,34384,Winter Warriors,1000.7340117813787,96,750.1835029453447,69.14470554624474,0.05971494451966323
Chu Chun Yin,34670,Tuen Mun Squash Club,1000.4546114908403,40,750.1136528727101,85.58614420874282,0.059884372208914176
Yiu Cheuk Fung,33744,"Sha Tin 3, Sha Tin 4, Sha Tin 5, Sha Tin 6",999.9939372910394,112,749.9984843227599,67.56781486188079,0.059683120061848796
Kendall Charles Richard,26162,Hong Kong Club Blue,998.9294114621548,68,749.7323528655387,79.01803732258068,0.059800357693322134
Ho Suet Ying,34651,"Hong Kong Football Club 12A, Hong Kong Football Club L3B, Hong Kong Football Club L4, Hong Kong Racketlon Assoication 2",997.4013653586194,80,749.3503413396548,69.18702520750061,0.05977197468378131
Loo Long Hui,32648,"Squashathon Advance, Squashathon PLZ",997.0694717357255,44,749.2673679339314,83.44584836529435,0.05987716315815885
Lam Wilson Koon Fung,25503,Craigengower Cricket Club,996.3124214730692,76,749.0781053682673,70.83372239219236,0.0597920275710297
Tang Bobby Kwong Hing,32162,"Star River 1, Star River 2",995.3472965848869,120,748.8368241462217,65.48140915646441,0.05964729657776843
Wong Him Yui,27370,"The Squash Club 3, The Squash Club 4",994.486911423231,56,748.6217278558078,82.69406347937671,0.05984493668672629
Yim Wai Chun Alex,28582,"Star River 1, Star River 2",993.2850995980316,68,748.3212748995079,74.67598760971869,0.05979701073709862
Yip Siu Hong,34093,i-Mask Advance Squash Club 4,991.2326022565517,8,747.8081505641379,119.07484583490964,0.05998437609816444
Lee Yin Fung,33831,"Kinetic 1, Kinetic 4",990.6520715644278,72,747.663017891107,74.58380239570853,0.05979548682813349
Lee Hoi Yu,33269,"HKPF Squash Team, North District Sports Association 1",990.0928804545297,116,747.5232201136324,64.3570824514492,0.05965746487210149
Cheng Chi Kin Austin,28857,Tuen Mun Squash Club,989.7604517274963,80,747.4401129318741,69.46653215151,0.05976229202843835
Chaudhry Ali,31606,"Royal Hong Kong Yacht Club Div 14, Royal Hong Kong Yacht Club M4",987.1209948498986,48,746.7802487124746,78.08192421391253,0.05986790130362599
Sutch Jeremy,33574,Hong Kong Club Blue,987.0021382298005,16,746.7505345574501,94.10556467538221,0.05995561232712121
Ho Alexandra,35483,"Hong Kong Football Club 12A, Hong Kong Football Club 6B, Hong Kong Football Club L3C, Hong Kong Football Club L4",986.5202214395281,84,746.630055359882,53.57679795536902,0.05977401678092461
Tsang Patrick Hing Suen,24706,Tuen Mun Squash Club,986.487640362388,56,746.621910090597,74.05777946235938,0.05983663852877528
Chan Hong Ting,34128,"Happy Squash 3, TNG 2",986.1825273881309,72,746.5456318470327,71.78156382192111,0.05979315405609605
Man Yu Hin,34036,"Smart Squash 1, X-Alpha 5",985.2462502741346,64,746.3115625685336,77.04296634705997,0.05982055735739302
Man Kwan Wun,34571,Craigengower Cricket Club,984.5562502317607,16,746.1390625579402,92.07712091557242,0.05995563395505267
Leung Yip Kan,28528,South China Athletic Association,984.3275221944714,44,746.0818805486178,85.18280548861092,0.05986919114851264
Lau Chi Wai,27682,Alpha CUHK,982.3803874402834,64,745.5950968600708,75.90801732901899,0.05981000964272678
Tang Chi On,22252,TOMCAT,982.335150529007,44,745.5837876322518,78.74580631797166,0.059886486301798034
Fong Yi Son,34133,Hong Kong Football Club 12A,982.2296245992898,20,745.5574061498224,90.44337217339218,0.059946956724712445
Yam Tsz Hei,34218,"Sha Tin 3, Sha Tin 4, Sha Tin 5, Sha Tin 6",982.1882067533465,116,745.5470516883366,65.5528919327743,0.059672090789266496
Wong Kelvin Ka Wing,32082,"LONGVIEW, Squashathon Advance, Squashathon PLZ",980.4907114417906,72,745.1226778604477,72.48796722121911,0.05979802302441866
Bowdern Darren Raymond,35017,Hong Kong Club Blue,978.7229478754625,16,744.6807369688656,109.18045190078772,0.059956188397969665
Yau Lucas Haoxiang,33870,Vitality Squash 2,978.1533341666459,36,744.5383335416615,85.24663555442291,0.059906204725416114
Cheung Ching San,34092,i-Mask Advance Squash Club 4,976.7423296675229,4,744.1855824168807,159.42881293421271,0.05999130808022945
Hinchcliffe Robert Bruce,2306,Hong Kong Club Blue,975.3975625630992,48,743.8493906407748,79.2430654923728,0.05985691553273033
Cheng Chung Wing Raymond,25367,Hong Kong Football Club M4B,975.0670891405439,20,743.766772285136,87.50733301424508,0.05994343147926381
Koon Long Ying,33474,"TNG 1, TNG 2",974.3643018640901,56,743.5910754660225,78.21835522446278,0.05984553092451629
Chow Ka Lun,30089,"Squashathon Advance, Squashathon PLZ",972.3108495866495,96,743.0777123966624,70.70643448674673,0.059727819573541216
Onillon Jean-Charles,34538,"Royal Hong Kong Yacht Club Div 12, Royal Hong Kong Yacht Club Div 13, Royal Hong Kong Yacht Club M4",971.9925402541417,24,742.9981350635354,97.12358296236133,0.05993851219750986
Chong Siu Fung,34391,"Squashathon Zero, The Squash Club 3",970.6858297713679,60,742.671457442842,69.64263750339151,0.059837425247238944
Hutchins Darren,34716,"Royal Hong Kong Yacht Club Div 12, Winter Warriors",970.1515112744278,88,742.537877818607,67.59280416732221,0.05973445581704425
Lee Dominic Ho Chi,13326,Alpha CUHK,969.4217452470402,56,742.3554363117601,75.8531344484461,0.0598353344921449
Wong Yan Lam,33601,Smart Squash 1,968.9060660571108,12,742.2265165142777,103.12634675042581,0.059970078598469
Luk Jeffery Chi Heng,31182,Sea Bear,967.9137778665731,80,741.9784444666433,72.36052905762543,0.05976334231365193
Tang Jie,34943,Banbil,965.6866227512633,8,741.4216556878158,118.90407440770376,0.059979858482090115
Poon Patrick Lai Keung,23444,Star River 1,964.8611768949468,52,741.2152942237367,63.9934501803302,0.05985013466124421
Fu Wei,35020,"Bravo D10, Bravo D13",964.168827834952,16,741.042206958738,91.90468066269574,0.05995583117690564
Wong William Wai Ming,15273,"Hong Kong Football Club 12A, Hong Kong Football Club 12B",963.4406182082903,100,740.8601545520726,68.71020090104412,0.05969907896867383
Chan Tsz Kit,34440,ZOMA,961.7104533209854,8,740.4276133302463,119.15012485823925,0.05997950428689855
Sin Hoi Tung,30342,"North District Sports Association 1, North District Sports Association 2",960.6597843671793,112,740.1649460917948,65.42213175490393,0.05967790584422905
Clayton Iain Michael,34641,"Royal Hong Kong Yacht Club Div 12, Royal Hong Kong Yacht Club Div 13, Royal Hong Kong Yacht Club M4",960.559251231502,128,740.1398128078755,64.81979639651091,0.059630210190721816
Yeung Samuel Albert,32056,7NT,959.9322723847827,16,739.9830680961957,89.02903602326494,0.059954788642204854
Mau Kam Tong,30347,RELAY 1,959.1882594841104,16,739.7970648710276,109.93264199400006,0.05995848440852591
Chew Alexander,33208,"Hong Kong Football Club 12A, Hong Kong Football Club 8",959.1236355149063,140,739.7809088787266,62.99452254427379,0.05958561767751553
Healy Richard,30272,"Bolton, HKCC Tuesday Night Rockers, Hong Kong Cricket Club 7, Hong Kong Cricket Club D10, Hong Kong Cricket Club M4",958.8040168074854,80,739.7010042018713,73.0175794719179,0.05977184906513537
Yuen Amos Wing Keung,14217,"United Services Recreation Club M4, ZOMA",956.3222143699668,52,739.0805535924917,77.99582815770289,0.05984497005301151
Chan Paul Chiu Hung,24511,Tuen Mun Squash Club,954.2366168239587,52,738.5591542059897,78.32953866116742,0.059853389486755004
Buttifant Barry John,8048,Hong Kong Club Blue,952.9753407232943,12,738.2438351808236,117.24119708691917,0.05996874792899295
Zhao Ling Ban,34292,"Energy Squash Club 1, Kinetic 1",952.0721703641902,24,738.0180425910476,100.25394947232886,0.05994439309037935
So Hau Yi,34271,"Electrify Squash Div 11, Energy Squash Club 1, JESSICA L3, JESSICA L4",950.6868710930662,72,737.6717177732666,69.15237677492775,0.059795169127375127
Kan Ka Wing Ray,30985,Sea Bear,949.8021759749981,16,737.4505439937495,88.27268806570828,0.059958429794086984
Tse Tin Po,32669,"Electrify Squash Div 11, Electrify Squash Div 13",948.2804540152024,28,737.0701135038006,89.43895795323094,0.05992281709361987
Lui Danny Wai Kit,15150,7NT,946.2579800363965,20,736.5644950090991,87.74020249024625,0.05994472454356891
Mahfooz Hamza Farrukh,34986,Winter Warriors,945.756717675285,12,736.4391794188213,101.45780645838228,0.05996746890822227
Wong Yin Chi Aurelius,35056,"Kowloon Cricket Club 13, Kowloon Cricket Club 14, Kowloon Cricket Club 7, Kowloon Cricket Club 9",941.7519973559288,96,735.4379993389822,70.55494424459266,0.05974246932367007
Vartanian Stephane,28973,Hong Kong Football Club M3B,939.1805405055434,4,734.7951351263858,167.8711714312416,0.05999291373810585
Lee Chun Yuen Aiden,34263,"NEXUS 2, NEXUS 3, United Services Recreation Club 4",937.6633795251669,48,734.4158448812917,171.23279439455544,0.4621414282319065
Lai Cheuk Yu Manuel,30942,MM Squash,937.6349261104087,16,734.4087315276022,89.8003876896805,0.05995867416193979
Gupta Akhil,32819,Winter Warriors,937.3624711626694,68,734.3406177906674,74.2192186660582,0.059798522909227735
Lin Zixuan Emma,33884,"8 Virtues + 1, Hong Kong Football Club JSA, Hong Kong Football Club L3A, TNG 1",935.2326087362767,96,733.8081521840692,67.94768747772483,0.05973541530379418
Smith Robert,11930,"HKCC Tuesday Night Rockers, Hong Kong Cricket Club 7, Hong Kong Cricket Club M3, Hong Kong Cricket Club M4",932.692826128156,36,733.173206532039,84.82880671767111,0.0599028089854118
Leung Sui Sang Darren,29711,The Zero Squash Club D11,931.0128722322565,24,732.7532180580641,79.79729685783492,0.05992988550042279
Wong Wai Keung,26483,CSD Squash Team,930.4416506280127,20,732.6104126570032,85.4278706579309,0.05994618078687411
Kong Yuk Ki,30357,Sea Bear,929.9626558946238,56,732.490663973656,78.84501244689099,0.0598347689048252
Yu Ming Chi,33745,"LONGVIEW, Sea Bear, The Zero Squash Club D11",927.8811507144173,48,731.9702876786043,83.87256297382,0.059862767929205016
Siu Andrew Chung Fai,24208,"SKCSC, SKCSC Div 12, SKCSC M4",926.9077743695234,80,731.7269435923808,68.66380496745694,0.05976001317392927
Chen Wai Man,28455,Alpha CUHK,926.8838331685429,68,731.7209582921357,75.37148035127522,0.05980048360341009
Fong Kong Raymond,23694,"Hong Kong Football Club 12A, Hong Kong Football Club M4B",926.6019928465671,80,731.6504982116418,69.80600245507563,0.05976801862634598
Tsang Timmy Kwok Tim,30269,ZOMA,926.4820141692512,104,731.6205035423128,68.99270678555203,0.05969088229622192
Pun William,34033,Fusion Squash Club 2,926.4394946875232,68,731.6098736718808,78.07852852781204,0.05980824625304072
Mok Jun Yan,34089,"Ladies Recreation Club Div 14, Ladies Recreation Club Div 8",925.8532046984269,60,731.4633011746067,77.96212945158663,0.05984549725554679
Chau Ka Chung,31611,"Sha Tin 4, Sha Tin 6, Squashathon Advance",925.829745981453,40,731.4574364953633,86.80508662925253,0.0598925653614331
Feng Da Wei,34061,Hong Kong Racketlon Assoication 2,925.2463251282697,16,731.3115812820674,94.8873092640792,0.059956256982744274
Tong Foon Chi,34051,Global Squash 2,923.3000734764332,64,730.8250183691083,74.0631455082876,0.05980945337873674
Tang Wing Keung,27121,The Squash Club 3,921.6531569862491,28,730.4132892465623,69.44725464727725,0.059925525373243846
Chau Phil,32598,"Hong Kong Football Club 12A, Hong Kong Football Club 12B, Hong Kong Football Club M4A",921.5638145114667,96,730.3909536278667,67.85179783487375,0.05971738263634648
Man Hok Him,32057,7NT,920.7907909453661,40,730.1976977363415,92.60526007446744,0.05988627806032993
Wong Cho Kit,34640,Craigengower Cricket Club,920.3086161270212,52,730.0771540317553,80.02742253472915,0.05985381878247194
Leung Keith Koon Chung,34985,"Royal Hong Kong Yacht Club Div 12, Royal Hong Kong Yacht Club Div 13",917.3166295596025,52,729.3291573899006,79.05897627691486,0.05984906756136087
Cheung Chi Hei,31223,Global Squash 2,912.9689917024702,116,728.2422479256176,64.96110647510856,0.05965335976150795
Ho Cheuk Yin,33117,Sea Bear,912.2789124179385,52,728.0697281044846,63.22215481085663,0.0598513014677557
Ng Jessica Yuk Mui,23946,"Banbil, JESSICA L4",910.8233794317898,68,727.7058448579475,76.57840351996609,0.05981080900216285
Yip Edmund Kin Man,29325,"Star River 2, Star River 3",910.8035706462197,48,727.7008926615549,73.22151406190922,0.059858954401756974
Kan Yu Hin,28957,Global Squash 2,910.4594589320159,52,727.614864733004,79.77910224531995,0.05984807839757856
Tsoi Chi Chuen,33971,Tuen Mun Squash Club,910.1494176154006,12,727.5373544038501,101.14809283451986,0.059969012245613774
Poon Kings Kin Sun,19666,Invader Squash,908.439062197473,100,727.1097655493683,67.90492956204056,0.05970964929710115
Chui Horace,33180,Craigengower Cricket Club,906.9887253561424,56,726.7471813390356,75.55776197282691,0.05984164589407725
Wan Esther,33570,"Hong Kong Football Club 12B, Hong Kong Football Club 13, Hong Kong Football Club 14A, Hong Kong Football Club L2A, Hong Kong Football Club L3A, Hong Kong Football Club M4B",906.7951625045362,104,726.698790626134,72.3730240708199,0.05973182552951929
Wong Yin Cheuk,32066,Sha Tin 5,905.5745211107978,40,726.3936302776995,70.13269012237768,0.05988566591861173
Ho Wai Keung,31612,"Royal Hong Kong Yacht Club Div 14, Royal Hong Kong Yacht Club Div 15, Royal Hong Kong Yacht Club M4",905.3671099402222,132,726.3417774850556,63.494436110082574,0.05964491060438717
Leung Lilian Wai Shan,28446,"Hong Kong Cricket Club L3, Hong Kong Cricket Club L4, Sea Bear, The Zero Squash Club D11",904.9760264108077,152,726.2440066027019,60.68978127689304,0.059561976613862797
Wong Shuk Ting Ruby,32869,"Hong Kong Football Club 12B, Hong Kong Football Club L3A, Hong Kong Football Club L4",903.9554400416482,128,725.988860010412,66.1599904585027,0.05964158407591294
Liu Yang,34270,"Fusion Squash Club 2, Hong Kong Cricket Club L4",901.1964551969095,68,725.2991137992274,75.38563331749342,0.059801665748429426
Luk Thomas Yun Tong,23978,Alpha CUHK,900.4419693411346,12,725.1104923352837,102.62211373406508,0.059967564703435526
Yip Benjamin,34975,"Royal Hong Kong Yacht Club Div 12, Royal Hong Kong Yacht Club Div 13, Royal Hong Kong Yacht Club M4",900.2956222585685,88,725.0739055646421,70.00327358571556,0.05974478786496461
Choy Siu Sang,27487,Sea Bear,899.8025191052238,60,724.950629776306,75.19105775088806,0.05982577366904771
Leung Patrick Pak Chiu,12880,"SKCSC, SKCSC Div 12",899.6744334797982,24,724.9186083699495,92.84038278909946,0.05993294857876626
Lo Carlos Wing Hung,27115,Alpha CUHK,899.5877911845378,40,724.8969477961344,82.35879214745036,0.059886459069908825
Chung Chun Ho,34866,"LONGVIEW, Squashathon One",897.5381751389054,56,724.3845437847264,78.13397579468933,0.05987447617632462
Wong King Yi Kimmy,29418,7NT,896.4285766390494,12,724.1071441597624,104.73991931313171,0.059968273817067846
Pun Zhe Xin Keira,33687,"Banbil, Hong Kong Football Club 8, JESSICA L2, JESSICA L4, JESSICA Mochis",895.621435485622,64,723.9053588714055,76.43793225536479,0.059830811378037814
Cheung Thomas,31516,"Hong Kong Football Club 12A, Hong Kong Football Club M4A",895.3780469805401,56,723.844511745135,77.56407155743443,0.05983826841855911
Hewitt Stephen,35067,Bolton,894.7876417709954,28,723.6969104427488,77.4340351973133,0.05992346139080653
Morton Tess,34288,"Hong Kong Football Club 14B, Hong Kong Football Club JSA, Hong Kong Football Club L3B, TNG 1",893.9525456584456,88,723.4881364146114,74.09094471634803,0.05976081733092266
Tse Jason Tsz Chun,30658,ZOMA,892.5609998732957,60,723.1402499683239,77.46414316014634,0.05982711362460558
Tang Gary Woon Cheung,16874,Royal Hong Kong Yacht Club M4,890.0746278142005,20,722.5186569535501,98.23054157827563,0.059944481831847286
Wu Kan Wah Kit,13158,Star River 2,889.3259110373488,28,722.3314777593372,77.58147064847789,0.05991982842683323
Cheng Chen Kaja,33257,"Hong Kong Football Club 12A, Hong Kong Football Club 12B, Hong Kong Football Club L3B, Hong Kong Football Club L3C, Hong Kong Football Club M4B",887.7974754531851,176,721.9493688632963,57.6393573674596,0.059494499705124416
Tilbrook Nicolas,27086,United Services Recreation Club M4,887.4981312824839,8,721.874532820621,118.85110419132435,0.05997971094921747
Zirah Pierre-Alexis Joachim,34959,"Royal Hong Kong Yacht Club Div 12, Royal Hong Kong Yacht Club Div 13, Royal Hong Kong Yacht Club M4",887.491380496695,80,721.8728451241738,74.42042070701693,0.05976532071402234
Ahmed Masood,35579,MM Squash,885.6806231214196,40,721.4201557803549,66.65210126548865,0.05988390273601026
Yeung Sam Ying Kit,8846,Invader Squash,884.0984270324197,40,721.0246067581049,68.73484934759756,0.059884470270659636
Tsang Patrick Kai Chi,32921,Craigengower Cricket Club,882.1737548437004,36,720.5434387109251,88.8253223805962,0.05990130034924148
Tam Rony Kwok Ki,12029,"SKCSC M4, Star River 2, Star River 3",881.8211518078947,128,720.4552879519737,60.37485415332833,0.05962651790548991
Chiu Chi Shing,15157,"Alpha CUHK, WAKO",881.6823613636084,64,720.4205903409021,78.80463059726189,0.05981123506649358
Au Shing Wai,23013,Invader Squash,881.4517389139769,64,720.3629347284942,78.04260557193693,0.05980750991085958
Putt Alasdair,34502,"Hong Kong Football Club 12A, Hong Kong Football Club 12B, Hong Kong Football Club M4B",881.1736658413838,68,720.293416460346,75.36828926310781,0.0598050110091075
Tse Tin Yui,34042,"X-Alpha 4, X-Alpha 5",877.6124136664757,80,719.4031034166189,66.11730030086747,0.059767475199998595
Ng Chi Ming,29984,Global Squash 2,876.4717608897067,32,719.1179402224267,87.4726517084993,0.05990678981566719
Sung Stephen,9338,"Hong Kong Football Club 12A, Hong Kong Football Club M4A",876.1223374561127,28,719.0305843640282,72.60495912966327,0.05992108064779948
Wong Ka Hei,32054,7NT,875.6083746132995,24,718.9020936533249,96.67227662269771,0.05993131637537495
Lau John Wai Nang,29027,South China Athletic Association,873.9019043968833,76,718.4754760992208,71.38047481521862,0.05977262396748283
Ng Simon Chi Ming,6025,"Hong Kong Football Club 12A, Hong Kong Football Club 12B, Hong Kong Football Club M4A, Hong Kong Football Club M4B",873.4543744967837,144,718.3635936241959,63.05660742861017,0.059572061718486474
Lee Winston Kim Wa,26219,i-Mask Advance Squash Club 5,873.2374832428109,4,718.3093708107027,157.58006779210297,0.05999127625214
Ikeda-Thew Bennett Masa,34785,"Hong Kong Football Club 14B, Vitality Squash 1",869.343948611458,84,717.3359871528645,71.56698222550686,0.05977527980250027
Abel Jonathan,34470,Hong Kong Football Club 12A,868.4948495334534,24,717.1237123833633,83.30458282111628,0.059933656712970976
To Peter,25986,South China Athletic Association,866.5706324975617,16,716.6426581243904,92.6760157326133,0.05995548155729497
Ali Mohammad Ahmad,35851,MM Squash,864.8922075630262,4,716.2230518907566,156.26716648120055,0.05999099332883073
Matsuo Serina,34056,Global Squash 2,863.7648199924656,20,715.9412049981164,98.78409548675965,0.05994498432801115
Vachha Shiroy,27249,Kowloon Cricket Club M4,863.6270358473075,24,715.9067589618269,79.10285601655667,0.059933779416225894
Debnam Nicholas James,28702,Hong Kong Club Blue,862.9864418618208,52,715.7466104654552,81.2766039567842,0.059849142947415515
Tsang Ricky Wai Kit,29386,Alpha CUHK,861.0970052700959,28,715.274251317524,98.1726362431124,0.059919523838878865
Ang Cheung Yue,25218,The Squash Club 3,859.4953461538166,56,714.8738365384542,74.3855437240009,0.05983849230705793
Cheung Ken Wai Luen,31177,ZOMA,858.4560736567278,92,714.6140184141819,71.42239889806687,0.05972879807144165
Lai Tiffany Hoi Jun,29939,Global Squash 2,858.3354955629288,48,714.5838738907322,79.90914823712302,0.05986088842715712
Chan Kwok Wa,30727,Greenfield,855.4139503245574,108,713.8534875811393,64.94447953878827,0.05967850492879387
Peaker Mark,28616,Hong Kong Club Blue,854.9954625889018,20,713.7488656472254,99.23835861255962,0.05994803040793401
Wong Simpson Yau Shan,30245,Invader Squash,852.7693161277725,68,713.1923290319431,75.72426176068129,0.05980384267295572
Chan Chi Wah,34752,"Star River 1, Star River 2",852.5714030665322,92,713.142850766633,71.72938668698693,0.05972288126470658
Yip Michael Chun Lai,34957,Craigengower Cricket Club,849.8391970583925,12,712.4597992645981,107.43106915003018,0.05997223652896719
Le Angelina Elizabeth,34306,"Hong Kong Football Club 12B, Hong Kong Football Club 14A, Hong Kong Football Club JSA, Hong Kong Football Club L3B, Hong Kong Football Club L4",847.4977633359854,116,711.8744408339963,65.56049631080968,0.05967999342193596
Tse Chun Kit,34428,"GMDBB, Hong Kong Racketlon Assoication 2",845.5364567362813,32,711.3841141840703,96.52037519361113,0.059912599965905824
Chau Gordon,32776,Winter Warriors,845.5201794069922,68,711.380044851748,74.65833052313032,0.059797958245830334
Leung Chung Hei,35012,"HKPF Squash Team, North District Sports Association 1",845.2804409704086,72,711.3201102426021,72.1721440979227,0.059789785174477215
Tsang Tzu Hao,35018,"Bolton, Royal Hong Kong Yacht Club Div 14",844.196243471129,80,711.0490608677823,71.84913252256136,0.05977357843711111
Tam Ming Wai,34250,"Energy Squash Club 1, The Squash Club 3",842.9809855386311,60,710.7452463846578,72.57100164982927,0.05981983259100428
Wong Shing Yin,34060,"GMDBB, Hong Kong Racketlon Assoication 2",841.0557819752048,68,710.2639454938012,75.31231433211508,0.05979824751373667
Kwan Yui Tang,35053,TNG 3,840.379071380416,12,710.094767845104,102.32710064226723,0.05996892455479295
Wei Miles Abraham,34139,Hong Kong Football Club 12B,840.3355044202949,60,710.0838761050737,60.82977165299224,0.05982449677809783
Ku Ken,31927,ZOMA,840.169585883451,28,710.0423964708627,89.75883075842297,0.05991916620256811
Sachdeva Anant,34375,"Hong Kong Football Club 13, Hong Kong Football Club 14B",839.4971250424119,84,709.874281260603,70.15488930021007,0.05975458302620159
Chan Man Fai,32507,CSD Squash Team,838.9205570800827,80,709.7301392700207,66.58847902293776,0.05976749577694191
Cumming Alison,32932,Hong Kong Cricket Club Rockettes,837.6850539231386,60,709.4212634807847,72.56165811354232,0.05983836942391487
Theil Rene,27767,"Royal Hong Kong Yacht Club Div 12, Royal Hong Kong Yacht Club Div 13",835.7789757325513,20,708.9447439331378,102.48662228332087,0.05994528879752963
Chau Yung Lok,34253,"HKPF Squash Team, North District Sports Association 1, North District Sports Association 3",831.3097665583518,128,707.827441639588,63.076945239617466,0.05964520587965617
Leung Long Hin,33985,"Electrify Squash Div 11, Electrify Squash Div 13",830.4638780969076,56,707.6159695242269,80.69684256324709,0.05983749311004227
Lanversin Julien,34516,Winter Warriors,830.116968708136,20,707.529242177034,85.83564443284718,0.05994293367196661
Lam Arthur Chi Keung,17126,"LONGVIEW, South China Athletic Association",829.16075179269,80,707.2901879481725,70.82543065456011,0.059757525547769794
Lee Nok Tin,34214,"Energy Squash Club 2, JSA 1",828.0159124909942,56,707.0039781227485,76.30331718072755,0.0598347309177287
Mitchell Aiteina,33774,Hong Kong Football Club 12B,826.822659939316,76,706.705664984829,71.05504861439273,0.05978272287428984
Kandlakunta Raghunath,33130,Winter Warriors,826.7332908026765,32,706.6833227006691,92.70390901669997,0.059910365845817014
Chiu Kenny Kwun Chark,34539,"Royal Hong Kong Yacht Club Div 13, Royal Hong Kong Yacht Club Div 14, Royal Hong Kong Yacht Club Div 15, Royal Hong Kong Yacht Club M4",825.9328802588393,64,706.4832200647098,77.10749553211512,0.059821617535844855
Lau Sui Ho,34472,Tuen Mun Squash Club,825.2922952594154,72,706.3230738148538,71.32312275834423,0.059788650248670895
Yeung Chi Kit,34532,"Electrify Squash Div 11, Electrify Squash Div 13",822.8048690478877,24,705.7012172619719,96.4238398692394,0.05993384152235689
O'Neill Glenn,29446,"HKCC Tuesday Night Rockers, Hong Kong Cricket Club M3, Hong Kong Cricket Club M4",817.7372273719479,28,704.434306842987,89.68109105133945,0.05992569118504034
Ha Henry Kam Bo,19665,"Alpha CUHK, WAKO",817.4546950558451,60,704.3636737639613,79.76278066806273,0.059839273143877665
Cheung Sky,34338,TNG 1,816.5756514945583,40,704.1439128736396,69.92927233723013,0.05988068580872999
Leung Wai Chun Hugo,35842,Craigengower Cricket Club,812.9772573827781,28,703.2443143456945,72.45002357378016,0.059921129550845685
Leung Yuk Chiu James,32561,Global Squash 2,812.9462311529082,60,703.2365577882271,74.72232378715346,0.05982620174266727
Wong Shu Ho Jason,35176,"Royal Hong Kong Yacht Club Div 12, Royal Hong Kong Yacht Club Div 15, Royal Hong Kong Yacht Club M3",812.6666302371168,52,703.1666575592792,63.70912868027557,0.05987230746401181
Leung Tsun Man,33088,North District Sports Association 1,812.142738816915,52,703.0356847042287,80.95415587222111,0.0598506350265412
Cheung Hei Yu,34082,Energy Squash Club 1,810.1679241393167,20,702.5419810348292,86.29218442388864,0.059945569427019584
Ngan Joan,34156,"The Squash Club 3, The Squash Club 4, The Squash Club L4",808.2735584198326,96,702.0683896049582,59.855498819396935,0.05973272080591637
Chen Mickey Youlin,34032,"Vitality Squash 2, Vitality Squash 3",807.2666692083926,48,701.8166673020982,82.24707667764544,0.05986700810818174
Bai Bowen,33955,Electrify Squash Div 13,806.3684336837623,48,701.5921084209406,64.90277124973753,0.05986006424579314
Ling Siu Ki Brian,27484,"SKCSC, SKCSC Div 12",805.754426029473,64,701.4386065073683,70.35193952673595,0.05981334388664422
Kwong Wai Nga DoDo,30478,"JESSICA L3, JESSICA L4",805.6103653649643,60,701.4025913412411,76.13703335584935,0.05983092474171964
Lai Yiu Wa,30682,Greenfield,803.6255455331934,80,700.9063863832984,73.50913284322458,0.05976177848082875
Cheung Kee Wing,25181,ZOMA,802.2312610145459,80,700.5578152536365,73.23492217087787,0.05976134636480978
Pang Danny King Wai,23190,"Star River 1, Star River 2",801.903455736779,120,700.4758639341948,62.969780162947224,0.059649623365685744
Ma Tsz Wun,33929,"X-Alpha 5, X-Alpha 6",801.2043292752523,68,700.3010823188131,72.64761717172145,0.059809573157221955
Lam Ngo Sze Osee,34354,"JESSICA Mochis, M&M Squash, MM Squash",799.492296806794,92,699.8730742016985,68.65587734806284,0.05973072010528819
Li Zoe,34456,"HKIS Div 13, HKIS Div 15, Hong Kong Cricket Club L4, JESSICA L3, JESSICA Mochis",798.0399646243554,120,699.5099911560889,66.00463072594194,0.05965652798222531
Kwok To Yan,34258,"JESSICA L4, JESSICA Mochis, Sha Tin 5, TNG 1",795.5122710678393,100,698.8780677669598,67.38356552168969,0.059702047922845766
Lui Paktong Lilian,33158,HKIS Div 13,795.3988088475517,16,698.8497022118879,91.80851022915803,0.05995591650674503
Cheung Fung Yee Ida,27556,Global Squash 2,795.1947145981321,24,698.798678649533,90.55681117014278,0.05993706572626838
Chan Kwong Ching Darren,31352,Physical Chess 4,792.6650342959856,16,698.1662585739964,105.45326991755523,0.05995738420632331
Mok Ka Chun,34386,i-Mask Advance Squash Club 4,791.1960422617758,16,697.799010565444,96.42165276984069,0.05995586492658662
Li Yip Ki,28561,The Squash Club 3,791.1500811899482,32,697.787520297487,70.95141917668528,0.05990769985427264
Bei Chi Ting,34242,"Energy Squash Club 2, JSA 1",790.4235956471116,44,697.6058989117779,80.00152897396143,0.059873560439771684
Cheng Chuen,26785,South China Athletic Association,786.1209078405404,36,696.5302269601351,83.82969817908447,0.05989571293449572
Hughes Trevor,28593,HKCC Tuesday Night Rockers,784.2675787885951,4,696.0668946971488,156.1868879462304,0.05999095441835398
Leung Wai Ki,31764,"HKPF Squash Team, North District Sports Association 3",784.1150912837052,56,696.0287728209263,62.00910429299877,0.059843553275805116
Lien Brandon,34132,"Ladies Recreation Club Div 14, Ladies Recreation Club Div 8",782.0290010691169,60,695.5072502672792,79.15843379953604,0.05983035826082837
Chung Kwok Kui,33989,Electrify Squash Div 13,781.5972482941875,20,695.3993120735469,87.51581093299643,0.05994366311517292
Hui Tak Cheung,31968,Greenfield,781.0711276477359,52,695.267781911934,77.78034192558628,0.05984508844223413
Chiu Sai Kwong,30197,"Royal Hong Kong Yacht Club Div 13, Royal Hong Kong Yacht Club Div 14, Royal Hong Kong Yacht Club Div 15, Royal Hong Kong Yacht Club M3, Royal Hong Kong Yacht Club M4",780.5391702074812,100,695.1347925518703,70.1825051892716,0.05972315877234307
Tang Hon Leung,29873,Hong Kong Racketlon Assoication 2,778.1679404545198,12,694.54198511363,103.48305446320828,0.059969189215568104
Miao Xin,34991,i-Mask Advance Squash Club L4,777.3520896219557,20,694.3380224054889,89.13443183352224,0.05994922328209373
Chow Billy,34906,"Royal Hong Kong Yacht Club Div 15, Royal Hong Kong Yacht Club M4",776.5381017360642,28,694.134525434016,92.26074942221304,0.05993472764194419
Chiba Fouad,34490,"SocGen Squash, Squashathon SocGen",775.144187960223,92,693.7860469900558,67.55450024936373,0.05973078715429281
Ho Chun Yin,34448,"Energy Squash Club 1, Smart Squash 2",774.9737091499237,48,693.7434272874809,76.99577887210681,0.059865526594370846
Wang Youying,34309,"Fusion Squash Club 2, Fusion Squash Club 3, Hong Kong Cricket Club L4",772.9004487364818,88,693.2251121841205,69.58978934201434,0.05973900651795792
So Stephanie Yuen Ting,34241,Craigengower Cricket Club,772.5556242021908,28,693.1389060505477,94.4348029321985,0.05992663563065919
Chan One,34340,Physical Chess 4,772.4363336361394,48,693.1090834090348,76.82361352797557,0.05986050865657401
Lai Ming Wah,33120,"Royal Hong Kong Yacht Club Div 13, Royal Hong Kong Yacht Club Div 14, Royal Hong Kong Yacht Club Div 15, Royal Hong Kong Yacht Club M4",772.3144469133035,120,693.0786117283259,65.40621534370125,0.059674922645286
Jin Olivia,34461,"JESSICA Mochis, JSA 1",771.2177554242958,32,692.804438856074,71.66660919529954,0.059907291156974025
Wong Tsz Hei,28524,Greenfield,770.5735890237147,40,692.6433972559287,87.72890400981808,0.05989083698148886
Farran Andrew,33845,Bolton,768.9312663507999,64,692.2328165877,74.41526379424816,0.059810193228682695
Cheung Helen Wai Ching,24255,Global Squash 2,768.5800103985584,12,692.1450025996396,103.39041767135599,0.05996768667488676
Tang Chi Ming,35394,Sea Bear,766.6350023510549,20,691.6587505877637,88.01571327060904,0.059948066816603335
Wong Bao Kwong Chi,28668,"Star River 1, Star River 3",766.3582243142569,104,691.5895560785642,69.93611309267804,0.05969920684778063
Zhang Ruitao,34854,Bravo D13,765.1881758993277,32,691.2970439748319,73.20486678644845,0.05990824457104056
Rickett Nicholas Grant,34503,Hong Kong Football Club 12A,763.2442951652824,4,690.8110737913206,156.86077512071915,0.059990970400277295
Lau Sze Tung,33961,Happy Squash 4,761.7368399478182,100,690.4342099869546,67.78411221437804,0.05970600778225849
Kundamal Khiron,33187,"Kowloon Cricket Club 13, Kowloon Cricket Club 9",761.632669072294,28,690.4081672680735,92.1392866930207,0.05992640810455526
Fung Ka Leung Wesley Nathan,31052,North District Sports Association 1,761.5940907388667,4,690.3985226847167,158.464835336096,0.05999117934622784
Cheng Hiu Tung,34026,"Fusion Squash Club 2, Fusion Squash Club 3, Hong Kong Cricket Club L4",761.3188922778436,140,690.3297230694609,62.69159584188756,0.05960284566660954
Zhang Ting Ze,34019,HKIS Div 13,758.5476756786784,20,689.6369189196696,88.1324431627038,0.05994324235488941
Mok Fuk Kam,26005,South China Athletic Association,757.2511896861388,24,689.3127974215347,101.18265275207797,0.059931421707648265
Chung Ivan Sze Chit,28769,CSD Squash Team,757.1240413064425,108,689.2810103266106,65.43625831804265,0.05968094187070309
Tang Wai Lam,32070,"Kwai Tsing District Squash Club, North District Sports Association 1",756.3609409271257,48,689.0902352317814,81.25476004192315,0.05986214192116901
Huang Chi Hong,32661,Latecomers,754.4569794786316,28,688.6142448696579,97.73213949922375,0.05992305116238657
Chiu Kwan Kin Douglas,35038,"Hong Kong Racketlon Assoication 2, Squashathon SocGen, Squashathon X",753.6139572230659,88,688.4034893057665,69.8363758511837,0.05974389539576403
Lam Audrey Lok Yi,33941,"Fusion Squash Club 2, Hong Kong Football Club 13, Hong Kong Football Club JSA, Hong Kong Football Club L3C",752.8705384232685,72,688.2176346058171,72.74535266514953,0.059794402340094165
Lui Pakying Jaclyn,33159,HKIS Div 13,751.1196030676697,12,687.7799007669174,102.37028137962491,0.0599683623350258
Ku Wing Gi Vingi,31355,"GMDBB, Physical Chess 4",748.5681993095727,56,687.1420498273932,76.64247457927219,0.05983913618286169
Wong Jace,33866,Energy Squash Club 2,746.5051678592522,32,686.626291964813,72.74552841206335,0.059908644522587096
Choi Hiu Yeung,32300,Arctic Circle,745.2639744986168,48,686.3159936246542,61.543209815579594,0.05986095829532071
Rambaud- Chanoz Nicolas,34493,"SocGen Squash, Squashathon SocGen",743.4862719601074,116,685.8715679900268,65.47238925800399,0.05966004212045776
Goran Manojlovic,34808,"Squashathon PLZ, i-Mask Advance Squash Club 4",743.1323021698231,16,685.7830755424558,87.21698849980783,0.059964001409737185
Tam Yat Yin,33440,"Kinetic 2, Yuen Long District Sports Association Limited",742.3689058397149,48,685.5922264599287,76.85518353969002,0.05985940458795447
Melwani Nitish Raju,32913,Hong Kong Football Club 12B,740.9964471411658,40,685.2491117852915,81.4292136064514,0.05988300042422211
Lam Tsz Yan,34038,"Electrify Squash Div 11, Energy Squash Club 1",739.601462876029,48,684.9003657190073,82.83521179195395,0.05987220755969431
Wai Veronica Chi Man,27645,"Star River 1, Star River 3, TKO Junior 1",738.3388150806654,96,684.5847037701664,69.83080187365691,0.059716052377958045
Chan Zelda,33905,"Hong Kong Football Club 13, Hong Kong Football Club 14B, Hong Kong Football Club JSA, Hong Kong Football Club L3C",737.9338748140372,56,684.4834687035093,68.2681494884444,0.059839820193705
Morris Brandon Quinn,34203,"United Services Recreation Club 2, United Services Recreation Club 4",736.4975937253471,92,684.1243984313368,69.5577637214272,0.05974100430865076
Dong Ka Chung Jacky,21062,"Royal Hong Kong Yacht Club Div 15, Royal Hong Kong Yacht Club M4",732.10497539573,64,683.0262438489325,77.6211126853715,0.05982576292329023
Wong Marcus,34976,"M&M Squash, MM Squash",731.8362763638506,72,682.9590690909627,72.36954275087736,0.05978776535713489
Lui Ho Yin,31555,Latecomers,731.6315536555499,24,682.9078884138875,101.54976446954679,0.05993545465165662
Cheung Brian Sheung Yan,31242,Arctic Circle,726.5296047136467,80,681.6324011784117,69.7246952128885,0.059757785555900195
Niehorster James,29617,Bolton,726.34490141683,20,681.5862253542075,100.78248122860927,0.059945285397683255
Chen Alexander Kelin,34224,"8 Virtues + 1, i-Mask Advance Squash Club 6",726.1515227268301,76,681.5378806817075,69.63389633395396,0.05977747015768021
Lam Wai Ming,5239,"Hong Kong Football Club 12A, Hong Kong Football Club 12B, Hong Kong Football Club M4A",725.3261400050669,92,681.3315350012667,71.88317317854738,0.059734502679974016
Cheung Ryan Hayden,34267,Energy Squash Club 2,724.8300850608152,24,681.2075212652038,80.128069102915,0.059931514622958364
Lai Gary Kin Yeung,26995,Physical Chess 4,723.718159485547,16,680.9295398713867,92.24714753308915,0.05995616562996941
Wang Xiao Yi,34805,JESSICA L4,722.2797258469072,8,680.5699314617268,119.82589338635862,0.05997982751651898
Choi Hiu Long,32301,"Arctic Circle, Physical Chess 4",721.6796686436428,84,680.4199171609107,65.96678563246597,0.059752635007325666
Young Ki Chun,27959,Greenfield,720.9139665920152,84,680.2284916480038,66.05418196704008,0.059763026255023055
Lathia Areeb,34871,"SocGen Squash, Squashathon, Squashathon SocGen",718.7337775277365,80,679.6834443819341,71.31657263458273,0.0597699184724014
Chang Ka Hei,34410,"Sha Tin 4, Sha Tin 5, Sha Tin 6",718.4417947014135,88,679.6104486753534,72.95350548725042,0.05974455491039311
Chan King Tsz,33973,Physical Chess 4,716.4909297137951,8,679.1227324284488,118.52353839696251,0.05997957888874627
Fong Chui Ping,34138,"Hong Kong Football Club L3A, Hong Kong Football Club L4",716.4166724659376,36,679.1041681164844,84.90752747342646,0.05990120221365355
Chen Haoyuan,34849,"M&M Squash, MM Squash",715.9660590066123,100,678.9915147516531,64.81643986030728,0.05970365756313054
Leung Yat Hei,33089,"HKPF Squash Team, North District Sports Association 1, North District Sports Association 2",713.108564859031,132,678.2771412147578,60.934375752174574,0.059610580179468964
Wat Jennifer Kien Yee,34222,Hong Kong Cricket Club Rockettes,711.4560174986946,16,677.8640043746736,88.68189617717702,0.05995520418183104
Tong Man Ho,34998,Hong Kong Racketlon Assoication 2,709.9297026137074,8,677.4824256534268,120.35415518914398,0.059979925109909425
Chan Lai Cheong,28856,Tuen Mun Squash Club,709.8481122242088,16,677.4620280560522,90.8067088673745,0.05995813943144992
Yu Bella,35352,i-Mask Advance Squash Club 6,708.8591038913032,28,677.2147759728258,72.3080913384971,0.059922951173469845
Ebrahim Adnan Azhar,34422,"Kowloon Cricket Club 13, Kowloon Cricket Club 14, Kowloon Cricket Club 7, Kowloon Cricket Club 9",707.3812322635658,72,676.8453080658915,72.06382368972923,0.05979519190694027
Dogra Vijendra Singh Balbirsing,33777,"North District Sports Association 2, Royal Hong Kong Yacht Club Div 14",705.4800544551772,72,676.3700136137943,76.55446123363902,0.05979295283979243
Le Aaron Quang,34307,"Hong Kong Football Club 12B, Hong Kong Football Club 13, Hong Kong Football Club 14A",704.0608781887499,84,676.0152195471875,69.00885048107097,0.05975472424387925
Lai Chak Hin,34691,Smart Squash 2,702.9214422113341,12,675.7303605528335,101.65869367778767,0.05996770948044502
Lai Kid Ying,34412,Physical Chess 4,702.4875233963603,4,675.6218808490901,156.92780667996408,0.059990993649392595
Lau Cheuk Yan,34284,Happy Squash 4,699.4873263725331,104,674.8718315931333,67.85828114814893,0.05968896731231533
Tang Yik Lam Cherise,33931,"X-Alpha 4, X-Alpha 5",698.5546472738883,48,674.6386618184721,83.14001745620797,0.05986438237398318
Chen Yat Kuen,34116,"NEXUS 2, NEXUS 3, i-Mask Advance Squash Club 5",696.5795088663663,68,674.1448772165916,72.71287445597589,0.059810573649738595
Dhillon K Singh,32632,CSD Squash Team,694.4089267489317,4,673.6022316872329,156.8965649422314,0.05999099132341324
Merien Kevin,34995,Hong Kong Football Club 12B,690.558082233511,8,672.6395205583777,119.00167953335115,0.05998000250656639
Ho Chin Pik,27974,"JESSICA L3, JESSICA L4, JESSICA Smashin' Mochi, Star River 1, Star River 2",690.1491878465772,156,672.5372969616443,62.48999947859773,0.059549284019717506
Wong Kwun Hin,34725,X-Alpha 5,689.9061529279884,28,672.4765382319971,89.46848781793132,0.059918067640554705
Fung Yau On,31971,"North District Sports Association 2, North District Sports Association 3",689.2604981835357,116,672.3151245458839,65.08523965622403,0.05965924383429628
Lai Ping Ngai,32412,Yuen Long District Sports Association Limited,688.9796531200864,20,672.2449132800216,78.5227375332539,0.0599476723795379
Ho Peter,33863,"Kowloon Cricket Club 13, Kowloon Cricket Club 14, Kowloon Cricket Club 9",688.5915590673553,88,672.1478897668388,65.87103811123306,0.059739845349093566
Chan Simon,32548,Craigengower Cricket Club,688.0929622822346,32,672.0232405705586,86.58804453832768,0.05991552488823385
Lam Wai,30657,Greenfield,688.0157796044459,64,672.0039449011115,73.22897736887549,0.05981242654374639
Cheung Chun Ning,32547,Latecomers,687.8937619348503,116,671.9734404837126,67.2734277707969,0.059661754200217396
Ku Desmond Yuk Yan,24482,Greenfield,687.4834163605424,40,671.8708540901356,86.22831546950482,0.0598817610103749
Hitesh Manoj Panjabi,34713,"Kowloon Cricket Club 13, Kowloon Cricket Club 14, Kowloon Cricket Club 9",687.0597418806533,88,671.7649354701633,67.57433735561526,0.05974959830772423
Leung Yuk Ming,34030,"Electrify Squash Div 11, Electrify Squash Div 13",686.8673834462907,36,671.7168458615727,85.34083656340158,0.059895831625908724
Ng Aurelia Kiu Hei,34302,"Fusion Squash Club 2, Fusion Squash Club 3, Hong Kong Cricket Club L4",685.4533698431164,96,671.3633424607791,65.9473496488577,0.059714750362929774
Choi Ming Fung,32425,Arctic Circle,685.335521360767,68,671.3338803401917,73.04055219217913,0.05980226204160747
Cheung Hoi Ying,34236,The Squash Club L4,682.6935270846784,28,670.6733817711696,77.0251750557711,0.05992516223997138
Tsoi Cheuk Hin Kieran,33864,"Vitality Squash 1, Vitality Squash 2, Vitality Squash 3",682.259450792506,88,670.5648626981265,71.91714598950448,0.059744410552293535
Li David So Ming,14215,ZOMA,681.7906400196061,16,670.4476600049015,111.2685545374586,0.05995746491652758
Wong Yi Ching,34457,"Energy Squash Club 1, Hong Kong Football Club JSA, Hong Kong Football Club L3B, Squashathon One",681.0613525700355,96,670.2653381425089,60.658192886497474,0.05972560902453806
Wong Ho Tong,34378,"Physical Chess 4, Physical Chess 5",680.5084494221069,68,670.1271123555267,77.3075451655521,0.05980592101323536
Lam Jason Che Man,34443,"Hong Kong Football Club 12B, Hong Kong Football Club 13, Hong Kong Football Club 14A",680.2792629191163,44,670.0698157297791,84.45783065172776,0.05988004180616471
Sat Wai Yin,34420,"Electrify Squash Div 11, Electrify Squash Div 14, Electrify Squash Ladies",678.2635987655312,32,669.5658996913828,89.13047426166405,0.05990680906843646
Tan Sum Yi,35031,Hong Kong Racketlon Assoication 2,678.1500809593026,28,669.5375202398257,75.66754905310235,0.059920539320395774
Tse Tin Yiu,34041,X-Alpha 5,676.4409498903105,72,669.1102374725776,68.77784839664675,0.059792411222636094
Bai Yuet,34086,TNG 1,675.5445087928838,20,668.886127198221,87.72051720881139,0.05994631370032632
Kang Sen Yu,34510,Bravo D13,675.3099691392408,12,668.8274922848102,108.76567910134307,0.05996869362866275
Chau Lydia Wing Guy,29905,Electrify Squash Ladies,675.1672050436214,12,668.7918012609053,102.86366968246264,0.05996778236577541
Li Sek Kwai,33126,Sea Bear,675.1382898017964,8,668.7845724504491,119.7546183878241,0.05997957498090979
Ho Cheuk Yiu,34679,"LONGVIEW, Squashathon MeGa, Squashathon SocGen",671.7938917162946,60,667.9484729290737,76.17731829835563,0.059840434911299235
Jain Shlok,34540,"SocGen Squash, Squashathon Advance, Squashathon SocGen",671.6124359272967,92,667.9031089818242,70.10280660885415,0.059727380039389245
Chan Yik Hei,33306,Vitality Squash 3,671.1911313160094,24,667.7977828290024,82.35961738337973,0.05993117429416565
Kwan Hoi Ching,33900,Energy Squash Club 2,670.9961710715588,16,667.7490427678897,92.81512720970511,0.059955888909831945
Jiang Ziwei Forrest,34810,i-Mask Advance Squash Club 5,669.4115044560522,24,667.352876114013,77.49689009361171,0.059932721275203486
Lee Yui Hin,32686,"North District Sports Association 1, North District Sports Association 2",668.9330193258575,36,667.2332548314644,89.61649731782579,0.05989785870662721
Guo Qianfei,35430,Winter Warriors,667.4629554063158,20,666.865738851579,83.07333833793153,0.0599434189427327
Chan Cheuk Nam Thomas,35549,"Physical Chess 4, Physical Chess 5",664.3210160279573,24,666.0802540069893,79.4305186338689,0.05993753011098315
Jong Kwok Wai,35355,TKO Junior 1,664.1394700232067,44,666.0348675058017,68.08294828914036,0.05986980753188791
Lam Ethan Hon Yin,33738,"Hong Kong Cricket Club 8, Hong Kong Cricket Club D10, Hong Kong Cricket Club D15",663.7916158170156,36,665.9479039542539,83.62034424334232,0.059903085936340805
Yung Kerri Ka Lam,31926,Physical Chess 4,663.6780550549884,56,665.9195137637471,78.45866691149058,0.05983718896414547
Wong Wai Ling Helen,33675,Arctic Circle,663.5952648376988,64,665.8988162094247,75.91754629015821,0.05980989155464633
Yuen Man Hin,31302,Latecomers,662.0245506617866,56,665.5061376654467,79.05026680032424,0.05983607025047753
Liu Yuet Kan,35482,SKCSC Div 12,658.5719275980441,40,664.642981899511,68.23423683412823,0.05988429924264785
Lee Tom Bo Yuen,27985,ZOMA,657.4113365868716,48,664.3528341467179,80.75876508717337,0.05985677352811055
Tan Nicholas,28259,Hong Kong Football Club 12B,656.4663420097013,28,664.1165855024253,78.13521829626356,0.059921650354528164
Zhang Yiwen,34483,Star River 2,656.2062185226923,40,664.0515546306731,66.0887291590974,0.05988254642306136
Wong Darren,33893,"Energy Squash Club 2, JSA 1",655.8442454768933,44,663.9610613692233,79.42864481511059,0.05987393029441275
Chan Chun Ho,34950,"Physical Chess 4, Physical Chess 5",654.7922411094528,92,663.6980602773632,66.46540795654215,0.05974173881751766
Huen Sze Chit,34275,"Kinetic 2, Yuen Long District Sports Association Limited",654.23679081194,64,663.559197702985,72.39263037386462,0.05982361043071269
Wong Ting Ho,34179,"X-Alpha 5, X-Alpha 6",654.1986881445355,80,663.5496720361339,70.56049491842305,0.05976646862972719
Wong Ken Ka Leung,21983,SKCSC Div 12,654.1310336465936,28,663.5327584116484,74.87370928001955,0.0599205507703542
Chau Yik Hong,31301,Latecomers,650.1089658890305,108,662.5272414722576,66.50678463464914,0.05968285991925297
Man Yu Ching,33953,"Smart Squash 3, X-Alpha 5",649.1206851349498,40,662.2801712837374,83.50411384140368,0.059884547739015775
Chan Connie Chau Wah,29783,CSD Squash Team,648.9755756537124,40,662.2438939134281,82.00979802194814,0.0598829190129372
Tsang Man Chiu,35036,"North District Sports Association 1, North District Sports Association 2",648.0714606584393,104,662.0178651646098,66.55544378748995,0.059695719744354336
Chung Wing Yin,32610,"Electrify Squash Ladies, Squashathon Ladies, Squashathon One, Squashathon PLZ",647.2430275647871,88,661.8107568911968,65.831780852762,0.05974032704714886
Koon Ting Kong,33917,TNG 2,647.1418230424242,60,661.785455760606,73.96025960156378,0.05982178819527191
Tan Xin,34902,i-Mask Advance Squash Club 6,645.919353896244,12,661.479838474061,99.24294169080514,0.05996759984270419
Wong Yeuk Yik,34565,"The Squash Club 4, The Squash Club L4",645.7134315320809,68,661.4283578830202,60.667851643698974,0.05980467324618442
Wang Gabriel,34513,"Hong Kong Football Club 13, Hong Kong Football Club 14A, SocGen Squash",642.8720619505389,80,660.7180154876347,70.86423302189372,0.05976125612483786
Lam Natalia Yu Yin,33940,"Hong Kong Football Club 13, Hong Kong Football Club 14A, Hong Kong Football Club JSA",636.2175860175103,96,659.0543965043776,65.95611165762047,0.05971810000351932
Tsang Wun Ying,34576,The Squash Club L4,635.1447070473782,16,658.7861767618446,92.89399714378591,0.0599562915251868
Leung Venus Wing Sze,26900,"Star River 2, Star River 3",635.0994061160291,96,658.7748515290073,66.47178678243998,0.05971544528588614
Lam Ka Yin,35004,"Hong Kong Cricket Club L4, Hong Kong Cricket Club Rockettes",635.0261413649855,36,658.7565353412464,77.78790399478302,0.05989908745033452
Buxani Krish,35027,"Squashathon MeGa, Squashathon SocGen",634.5933853429319,52,658.648346335733,74.17174862532336,0.05984575398164929
To Chun Yuen,35490,Bravo D13,634.3713364362702,20,658.5928341090676,81.74934067436985,0.0599459100213138
Cheung Lok Chi,32078,Sha Tin 6,633.5555152417446,24,658.3888788104362,80.67512482992666,0.05993254689624594
Chan Hong Lam,34096,"North District Sports Association 1, North District Sports Association 2, Squash Busters",631.5566313859385,108,657.8891578464846,67.77417010264429,0.059679853057857925
Chiu Yin Ching Taylor,33888,Electrify Squash Div 13,630.0730874510828,4,657.5182718627707,156.79811739115686,0.0599909631101539
Kwong Yee Ki,33988,"Electrify Squash Div 14, Electrify Squash Ladies",629.1322523199037,56,657.2830630799759,63.22987436022997,0.059841843398554403
Wong Yuk Ming,34955,Latecomers,628.9297868893186,12,657.2324467223297,101.4283497783203,0.05996756166069326
Kan Kin Cheong Jasper,34276,"Electrify Squash Div 13, Electrify Squash Div 14, Fusion Squash Club 3",628.4718117130642,68,657.117952928266,69.21874393523227,0.05979915973744156
Chum Dylan Dzongsar,33920,"HKIS Div 13, HKIS Div 15",627.2981009345558,84,656.824525233639,70.08584817157444,0.05975386342075276
Lee Ka Yi,25734,JESSICA L4,627.209030219361,16,656.8022575548403,93.0690202315159,0.059956808507880315
Jue Lauren Kai Xin,34590,"Hong Kong Football Club 14, Hong Kong Football Club 14B, Hong Kong Football Club JSA, Hong Kong Football Club L3A",625.2449674314798,96,656.31124185787,65.23167990446377,0.0597242978146688
Cai Yuxi,34327,8 Virtues + 1,624.8106424921998,72,656.20266062305,73.95489441353554,0.05978697974930889
Wong Chi Chi,35471,Kwai Tsing District Squash Club L4,623.9771274164868,20,655.9942818541217,85.1055162393375,0.05994396679597273
Ho Hok Leung,29876,"LONGVIEW, Squashathon Advance, Squashathon PLZ, Squashathon SocGen",623.5214764950897,68,655.8803691237724,70.24519006236231,0.05981454769957297
Law Tsz Ham,33932,Yuen Long District Sports Association Limited,623.2590393441074,20,655.8147598360268,86.16888799237073,0.05994321164915654
Cheung Hoi Suen,29533,"JESSICA Smashin' Mochi, Squashathon Ladies, Squashathon One, Squashathon PLZ",622.9209077695486,56,655.7302269423872,75.14000674575891,0.05984305423251797
Wong Chung Fai,34746,"Kinetic 1, Kinetic 4",620.4209322441761,32,655.105233061044,87.60911128561818,0.05991623085241493
Pong Pak Him Matthias,34303,HKIS Div 13,620.1713206448649,64,655.0428301612162,72.25409477900331,0.05980729379464718
Luk Argen,33968,"LONGVIEW, Vitality Squash 1, Vitality Squash 2, Vitality Squash 3",619.7464209088298,96,654.9366052272075,68.359605617451,0.05972037260037945
Yu Wing Tung,35392,"Kinetic 4, Kwai Tsing District Squash Club L4",617.8553989126667,48,654.4638497281667,62.571233606044096,0.05987153713314568
Yeung Hei Lui,35107,"Squashathon Ladies, Squashathon One, Squashathon Zero",617.4136652862821,112,654.3534163215705,60.49948181692539,0.05968302015456342
Heng Ashton,33868,"8 Virtues + 1, Hong Kong Cricket Club 8",617.3056643100454,60,654.3264160775113,74.0119998617554,0.05982366693309954
Chan Edward Cheuk Wah,27699,"Star River 1, Star River 2",615.4731784263167,100,653.8682946065792,65.3320757842501,0.059710865758915786
Xie Ya Miao,35167,The Squash Club L4,615.4077265505439,12,653.851931637636,102.4183088043898,0.05996760550560873
Lai Ming Yau Martin,34441,Arctic Circle,612.7313445038812,40,653.1828361259703,67.99634771998568,0.059881057807426114
Yau Ka Man,35032,Hong Kong Racketlon Assoication 2,611.5741746394101,16,652.8935436598525,96.66432594724802,0.059955794187821175
Lau Ted Hei Yuen,25050,Greenfield,611.4323607193828,32,652.8580901798457,87.19005673481355,0.0599074710027179
Han William Jialun,35178,JSA 1,611.2081428940819,12,652.8020357235205,100.12743076738407,0.05996830117179255
Chung Wai Yin,31557,Latecomers,610.7707894073742,100,652.6926973518435,69.72207753079812,0.05970884032350151
Wong Wing Hing,34166,TNG 1,610.2497509343925,20,652.5624377335981,88.36044582355711,0.05994679495623373
Chen Nicole,33435,Sha Tin 6,608.9889138919125,56,652.2472284729781,62.49856151442608,0.05983440437678605
Li Zong Xiang,35108,Star River 2,608.7363274163249,68,652.1840818540812,69.10697493897254,0.05979731229562733
Cheng Samantha Ho Yan,27915,"The Squash Club 3, The Squash Club 4, The Squash Club L4",606.1763513431097,32,651.5440878357774,83.63976557638563,0.059911538561746414
Ng Ho Lam,32688,"North District Sports Association 2, North District Sports Association 3",606.1590966337167,96,651.5397741584292,69.04259556732129,0.05971184998831452
Ng Siu Ki,31527,Greenfield,604.4413576434649,40,651.1103394108662,65.93991589151013,0.05988647320114912
Tam Sum Yi,35464,Kwai Tsing District Squash Club L4,602.3156946896361,36,650.578923672409,68.89068862145444,0.05989809091387403
Guttendorf Zoe,34848,JESSICA Smashin' Mochi,598.5226396487883,28,649.6306599121971,77.65029485988745,0.0599183486894602
Yuen Wai Ting,31848,"Squashathon Ladies, Squashathon One",595.2183683454195,28,648.8045920863549,72.68034039449597,0.05992016665928007
Ho Sze Wing,34727,X-Alpha 5,594.4838447509255,28,648.6209611877314,87.38973434143784,0.059918309468238284
Chan Tsz Hin Benjamin,34878,"Electrify Squash Div 13, Electrify Squash Div 14, Electrify Squash Div 15",593.8690997527897,80,648.4672749381974,71.05944745613093,0.05976238162196922
Chen Marshall Youpeng,34031,"Vitality Squash 2, Vitality Squash 3",591.1791577645604,44,647.7947894411401,81.36612677295835,0.05987283573399121
Wong Chi Kit,34846,"North District Sports Association 1, North District Sports Association 2, North District Sports Association 3",587.6458776569989,100,646.9114694142497,69.00283162765267,0.059705930410421305
Lee Si Yao Marvin,34332,Fusion Squash Club 3,587.4038434793965,20,646.8509608698491,85.1496494715,0.059945809475352524
Hon Wai Lam,32183,"i-Mask Advance Squash Club 7, i-Mask Advance Squash Club L3, i-Mask Advance Squash Club L4",586.9804353644258,48,646.7451088411065,73.15253942654651,0.05986334104934703
Yau Tsz Hin,34947,Arctic Circle,586.5514293247611,52,646.6378573311903,78.65604076838311,0.05984647451743724
Fok Yiu Wan,34761,JSA 1,586.1769297459382,16,646.5442324364845,94.2859342056598,0.059955756583726705
Chan Sze Wing,34494,"Electrify Squash Ladies, SocGen Squash",584.7464381214486,32,646.1866095303621,69.68309230472704,0.059909733557314895
Ng Koon Chow,35265,TKO Junior 1,584.602853244407,48,646.1507133111018,66.81658823515464,0.05986276640324498
Poon Yik Fan,34315,"i-Mask Advance Squash Club 7, i-Mask Advance Squash Club L4",583.484768867399,48,645.8711922168497,74.34069447041966,0.05985845074155448
Yip Griffin,34228,"Hong Kong Football Club 14B, NEXUS 3",583.3822680069284,24,645.8455670017321,95.00924439098074,0.05993086361237032
Ooi Hui Hoon,33757,"Hong Kong Football Club 12B, Hong Kong Football Club L4",582.1264011093831,16,645.5316002773458,103.94478962891192,0.059955989419066845
Cheung Hing Kin,35014,Kinetic 4,579.9385886030218,36,644.9846471507554,87.13128820968001,0.059898202558322525
Tong Kai Hin,34492,"SocGen Squash, Squashathon One",579.7918002623919,48,644.947950065598,77.47800793167647,0.059859908788995796
Wang Yi,35025,"Royal Hong Kong Yacht Club Div 14, Royal Hong Kong Yacht Club Div 15",578.9713519685647,48,644.7428379921412,81.2794782895632,0.059858639780975456
Guo Haonan,34693,"Centre Squash, Squashathon MeGa, Squashathon X",578.952235727329,40,644.7380589318323,82.30420844660875,0.059889653932649785
Chou Kowk Wai,35010,Electrify Squash Div 15,577.1674986776284,56,644.2918746694071,62.16869698568345,0.05983566557860635
Tin Charlotte Pui Lam,35180,8 Virtues + 1,577.1579503964977,28,644.2894875991244,73.69529215585153,0.05992069463631706
Zhou Cheng  Yuan,34850,"M&M Squash, MM Squash",576.7235200957944,76,644.1808800239486,72.1981135623315,0.05977227279714667
Ho Chun Lok,33910,"Energy Squash Club 1, Smart Squash 2",575.5988220681834,60,643.8997055170458,73.05139945635456,0.059822686916367725
Cheng Hilda Shun San,26652,"Star River 1, Star River 3",575.3863316880593,52,643.8465829220148,82.22911406967656,0.059849008238515335
Soo Ting He Nico,35172,Hong Kong Football Club 14,573.5901913350394,16,643.3975478337599,90.91835279635785,0.059955514545000706
Chen Peak Julian,34350,Ladies Recreation Club Div 14,572.802406677768,80,643.200601669442,68.27630661997787,0.05976277376868746
Chan Alice Yin Ling,28608,"LONGVIEW, South China Athletic Association, Squashathon Ladies, Squashathon One",571.9534736221599,64,642.98836840554,71.85995895217927,0.059819029294376075
Dua Jigyasa,34108,Hong Kong Football Club L4,571.4485707370213,12,642.8621426842553,98.6304280326483,0.059971471675022654
Wu Mark Zi Yang,34721,Smart Squash 2,571.3638210203121,8,642.840955255078,117.10479151299154,0.059979447254471276
Cheung Chak Hang,34534,"Electrify Squash Div 13, Electrify Squash Div 15",569.1140267090746,64,642.2785066772686,76.67308040379017,0.0598085426846944
Chau Cheung Chung,32395,Greenfield,569.0215239227523,24,642.2553809806881,74.69132918570278,0.05993450024587577
Tse Cheuk Lam,35109,Latecomers,568.8974298233711,20,642.2243574558428,98.51823377683012,0.059944476639488195
Wong Wang Ching,33784,Energy Squash Club 1,568.3152724850788,12,642.0788181212697,108.22162505684916,0.05996876480089494
Morton Mavis,33877,Hong Kong Football Club L4,567.2464756889303,84,641.8116189222326,69.80583014627999,0.059753841047150515
Wong Tze Tang,34144,Vitality Squash 3,566.9565380403856,4,641.7391345100964,159.77441784273947,0.05999136518607197
Cheung Hau Yat,34652,"Kinetic 1, Kinetic 4",565.9725657664421,60,641.4931414416105,79.71623922440207,0.059833970064236616
Lam Tsun Yin,35408,CSD Squash Team,565.8761601958445,12,641.4690400489611,103.3643682512721,0.0599677243133214
Tsang Chi Him,34370,"Electrify Squash Div 13, Electrify Squash Div 14, JSA 1",565.135319197032,56,641.283829799258,74.82044406182514,0.059835691482423584
Yuen Kenneth Ka Fai,29336,Electrify Squash Div 14,564.5723001439251,20,641.1430750359813,80.1916679375838,0.05994865265546905
Chan Tsz Ngo,35379,X-Alpha 5,563.3523016307995,12,640.8380754076999,99.07255893968627,0.059967471633882184
Fong Sze Yu Ella,34880,Happy Squash 4,563.3192411833047,56,640.8298102958262,75.99884086299309,0.059833503889969816
Chow Cheuk Yin,34938,Hong Kong Football Club L4,563.044745441217,4,640.7611863603042,158.3395939185564,0.0599911595864155
Hemnani Tarun,33586,"GMDBB, Kowloon Cricket Club 13, Kowloon Cricket Club 14",562.8209994582999,60,640.705249864575,74.7360841830334,0.05982368179055678
Pau Chung Yin Ian,34674,Electrify Squash Div 13,562.5229770429501,36,640.6307442607375,71.1351797024247,0.059897810714465066
Seik Heng Yik,33990,"Electrify Squash Div 13, Electrify Squash Div 14",562.1984625434052,36,640.5496156358513,86.36183525498967,0.05989731376503037
Verma Kanay,33958,"HKIS Div 13, HKIS Div 15",560.9233300080023,44,640.2308325020006,66.60248466796689,0.05987025534666011
Lau Yat Shan Aubrey Wade,34010,Hong Kong Football Club 14,559.9151470344541,4,639.9787867586135,156.40057093030453,0.05999095118145048
Wong Kai Hong,35283,Electrify Squash Div 13,557.8724001451878,12,639.468100036297,100.84908700470037,0.05997135888165363
Lam Chun Lok,34052,TNG 2,555.7016736580749,44,638.9254184145187,68.8207454870929,0.059870612661438644
Hong Hang Shan,33432,Arctic Circle,553.9066777667767,32,638.4766694416942,91.23578001541584,0.059912960413148565
Law Wing Kin,34205,"Electrify Squash Div 13, Electrify Squash Div 14",553.4220493772882,60,638.355512344322,75.96110264494911,0.05982359904029823
Lau Hug Chun Felix,35171,"Electrify Squash Div 13, Electrify Squash Div 14, Electrify Squash Div 15",552.421591340908,64,638.105397835227,70.47180750814356,0.059813596386541934
Li Kin,34409,Sha Tin 6,551.1934157927199,44,637.79835394818,67.48708668352462,0.05987147372380379
Lee Ka Chuen,34408,Sha Tin 6,549.1150398434734,12,637.2787599608683,103.20773884636944,0.05996776956101677
Chung Wai Ting,29719,Kwai Tsing District Squash Club L4,549.0961748824348,20,637.2740437206087,84.96670883561183,0.059944546603114796
Wong Tsz Him,34806,"Sha Tin 7, The Zero Squash Club D11",546.4942120351575,68,636.6235530087894,77.96987092422503,0.05980667823893529
Ho Yik Siu Andy,31285,"Physical Chess 4, Physical Chess 5",545.2618456489299,16,636.3154614122325,105.09840532373146,0.05995694307552063
Yung Hei Pui,34301,Kinetic 4,545.0969223453221,60,636.2742305863305,76.02352828985171,0.059824167624851196
Lee Man Yu,34988,"Sha Tin 6, Sha Tin 7, Squashathon One, TKO Junior 1",544.5735954446923,108,636.1433988611731,65.55807999134682,0.05968111333221557
Wong Wun Yin,34039,"JESSICA Mochis, NEXUS 3, i-Mask Advance Squash Club 5",544.1336804515317,64,636.0334201128829,72.41795103936649,0.059815697751832854
Pang Man Hei,34407,"Sha Tin 4, Sha Tin 6, Sha Tin 7",542.0286732624609,64,635.5071683156152,70.49469637607606,0.05982098770599436
Wong Ho Kai,33399,"Physical Chess 4, Physical Chess 5",541.5600390646127,52,635.3900097661532,81.63153239221852,0.05985202543092838
Lam Chi On,34530,CSD Squash Team,540.7320237723129,16,635.1830059430782,93.11756050405833,0.059955837852802486
Keung Olive Man Yee,27182,"Star River 2, Star River 3",539.7868581891662,92,634.9467145472915,65.7780531861848,0.05972339505803463
Chung Yui On Jake,34325,RELAY 2,539.6088970455562,56,634.902224261389,78.24772477255884,0.059836041975058346
Wong Ryan,34017,Energy Squash Club 2,539.5981599309794,40,634.8995399827448,71.41860628837148,0.05989391047454906
Chong Man Hang,35358,Squashathon X,538.7533519087633,24,634.6883379771908,83.15632032988755,0.05993109062499862
Wang Tristan Xiao Feng,34207,HKIS Div 13,538.7360507441276,68,634.6840126860319,74.3179179549179,0.0598007233372594
Li Siu Ting,34636,"Kinetic 4, Smart Squash 2",537.111694674837,52,634.2779236687093,78.15947419737628,0.05984510178780662
Lee Man Lok Raymond,35011,"North District Sports Association 2, North District Sports Association 3",536.5752080513626,36,634.1438020128406,81.39377441785412,0.059896079404654794
Chiu Yee Lai,26010,"North District Sports Association 1, North District Sports Association 2, Royal Hong Kong Yacht Club Div 15, SKCSC",535.4645806971221,84,633.8661451742805,68.01539137639101,0.059756994045685595
Chiu Tsz Yu,34007,JSA 1,534.9518062526531,8,633.7379515631633,121.70996760044679,0.05997959935762656
Cheng Chung Yin,34585,"Smart Squash 2, X-Alpha 5",534.872635179101,20,633.7181587947753,97.61743776501976,0.05994670052847953
Liftinger Gregor,35002,Yuen Long District Sports Association Limited,534.0624058174753,20,633.5156014543688,89.59840534422791,0.05994395250004807
Ching Pak Hin,32198,Squashathon PLZ,533.843547894191,12,633.4608869735478,104.73362724751084,0.0599676679671529
Lu Zi Chen,35216,Squashathon Junior,533.0683790855951,44,633.2670947713988,67.42924281381111,0.059871164995809995
Lam Joshua Philip,34715,"Kowloon Cricket Club 13, Kowloon Cricket Club 14",532.7424441773233,32,633.1856110443308,83.60673289399314,0.059906116069569
Yim Yu Tak,34851,M&M Squash,530.4782919070908,48,632.6195729767727,64.35872015051191,0.05986485998865217
Zhang Fei,34434,"Bravo D10, Bravo D13",527.0224384248409,56,631.7556096062102,79.29633877981786,0.059840968359350856
Ma Chi Lok Joshua,33298,Greenfield,526.5130047240405,12,631.6282511810101,106.25338870637785,0.059967779364289674
Cheng King Leung,34180,"Vitality Squash 2, Vitality Squash 3",526.0659869992282,24,631.5164967498071,90.11961361355324,0.059936140978166026
Lam Ching Yee,35192,The Squash Club L4,524.7635252362702,8,631.1908813090675,120.44337411993219,0.05997956179358906
Chan Lut Yin Marcus,34176,Squash-On,523.2940061450477,80,630.8235015362619,70.15714144423337,0.05976200435741829
Lui-Schwille Tristan Alexander Yifeng,34237,Ladies Recreation Club Div 14,523.169841952094,52,630.7924604880235,69.7683451751605,0.05985148186139701
Xie Zhaona,35133,Bravo D13,522.7166999415072,28,630.6791749853768,74.11520004620448,0.05992422932057836
Lee Chak Hei,34395,"X-Alpha 5, X-Alpha 6",522.4432462344039,40,630.610811558601,85.88003382870691,0.05988797256868985
Tan Tianle,34901,i-Mask Advance Squash Club 6,520.7728811315087,20,630.1932202828772,83.65226820957878,0.05994306760813634
Ho Wai Yan,34828,Physical Chess 4,520.5722798043407,12,630.1430699510852,101.40197495335892,0.059968517353910435
Agarwal Priyaan,34577,"Hong Kong Cricket Club 8, Hong Kong Cricket Club D15",518.1244760289392,40,629.5311190072348,83.18691784257213,0.0598866650579721
Tsang Tze Nam,34811,"i-Mask Advance Squash Club 7, i-Mask Advance Squash Club L4",517.6739532732872,32,629.4184883183218,90.7456317778534,0.059913946652408276
Davey Lucas Philip,34240,"Hong Kong Cricket Club 8, Hong Kong Cricket Club D15",516.931409276197,100,629.2328523190492,67.39043857366454,0.05970345641619886
Pan Dan,34433,Bravo D13,515.9812639453039,36,628.995315986326,75.1460171543349,0.05989882583817231
Chow Pui Ching,34328,X-Alpha 5,512.0277740657207,20,628.0069435164302,81.75218590830187,0.05994602369209549
Cheung Cheuk Wai,34893,RELAY 2,511.40765460685907,16,627.8519136517148,91.69483623971315,0.05995838184551819
Wan Damien,34514,"Hong Kong Football Club 14, Hong Kong Football Club 14A",511.14411067109586,76,627.786027667774,68.9416484852361,0.059775471483890355
Hui Chi Hin,28998,The Squash Club 4,510.3215610287957,8,627.5803902571989,120.53273260524861,0.05997963261425693
Yuen Ting Chi,34873,X-Alpha 6,510.1043018091659,4,627.5260754522915,161.23369871867703,0.05999146414804162
Lau Sai Kit Ethan,34698,"i-Mask Advance Squash Club 6, i-Mask Advance Squash Club 7",509.8209682509091,88,627.4552420627273,64.96167925387722,0.05973923435105797
Lin Zihan Denis,33883,8 Virtues + 1,509.22224536052,76,627.30556134013,73.53827112249523,0.05977795594862072
Chum Daphne Gautam,34119,"HKIS Div 13, HKIS Div 15",505.05029583140777,60,626.2625739578519,76.76109907140234,0.05982505961124931
Fung Ka Chun,31451,Squashathon PLZ,504.3909267426666,16,626.0977316856666,94.33252496463368,0.05995621985869815
Yeung Hei Lo Keiko,35075,"Smart Squash 3, The Squash Club L4",503.485681472589,52,625.8714203681473,62.31406123396598,0.05985276832780073
Zhang Jolene Yong Yin,34171,8 Virtues + 1,502.9755643761782,24,625.7438910940446,80.42544070130486,0.05993029351528144
Cheung Aiden hayden,34903,JSA 1,502.1339209464386,8,625.5334802366096,119.02952375272474,0.05997982962087242
Ip Will,35552,Royal Hong Kong Yacht Club Div 14,501.41294891102507,20,625.3532372277563,83.0855958137266,0.05994496762983693
Huang Xian Jia,35402,Squash-On,501.2046397324989,20,625.3011599331247,88.47054007020586,0.059945417352392845
Yuen Tsz Tang,35013,"NEXUS 3, i-Mask Advance Squash Club 5",500.8308372455772,36,625.2077093113943,83.9687203786737,0.05989635394737227
Tin Nok Lam,34814,"Physical Chess 4, Physical Chess 5",500.48650964311446,88,625.1216274107786,71.99711190235315,0.05973784416531848
Adjemian Antoine,34077,Ladies Recreation Club Div 14,499.6276841325739,56,624.9069210331435,72.13499839608954,0.05983406816511556
Li Yuxing,34992,i-Mask Advance Squash Club L4,499.2681389459394,24,624.8170347364849,80.10249140005156,0.05993397151501747
Lau Ho Long,34736,Yuen Long District Sports Association Limited,498.6029057248229,52,624.6507264312057,79.27531216690585,0.05984475115183915
Zheng Fiona Zixuan,34759,8 Virtues + 1,498.1565489330733,36,624.5391372332683,85.2592580420019,0.05989354167155863
Chui Benjamin,32813,"Royal Hong Kong Yacht Club Div 13, Royal Hong Kong Yacht Club Div 15, Royal Hong Kong Yacht Club M4",498.0892197392741,36,624.5223049348185,87.12542665096572,0.05990403048921581
Lau Yuk Yee,35467,Kwai Tsing District Squash Club L4,497.59487007524103,8,624.3987175188103,118.21513632082358,0.05997953600907881
Leung Oson,34889,TNG 3,496.6271044728228,20,624.1567761182057,83.00691113208464,0.05994520789574297
Chan Yuen Hei,34951,"Physical Chess 4, Physical Chess 5",493.2461458837952,60,623.3115364709488,59.42710549580261,0.059826687141454456
Leung Yu On,28812,The Squash Club 4,492.094120927125,8,623.0235302317813,117.88963289953863,0.0599797655091138
Wong Icarus Ho Hoi,27377,Sha Tin 6,490.24650788684403,24,622.561626971711,78.12551412810113,0.059934926797359435
Lo Long Yue Alwina,34294,Kinetic 4,489.3789226811846,16,622.3447306702961,97.51044933373045,0.05995593100206181
Yuen Tsz Hin,35124,Smart Squash 3,489.18717558233584,12,622.296793895584,102.57420480170981,0.05996741363887219
Lau Hon Chu,29636,Greenfield,488.5664338860538,32,622.1416084715135,83.47766753990673,0.05990772160064223
Pun Zhe Qiao Kimi,34012,"Fusion Squash Club 2, Fusion Squash Club 3, JESSICA Mochis, JESSICA Smashin' Mochi",487.8984973104061,124,621.9746243276015,64.32098809393666,0.05964177504506262
Chang Monica Kin Ian,32249,TNG 2,487.7525932933172,16,621.9381483233293,90.89584046426765,0.059955158170915304
Cheng Chung Yan,34584,"Smart Squash 2, X-Alpha 5",487.6362546757787,32,621.9090636689447,89.15301611911282,0.059910650314160534
Ng Hei Ching,35141,TKO Junior 1,485.75294871669166,12,621.4382371791729,100.5673954950625,0.059967552035574745
Chan Clarence,34044,"Energy Squash Club 2, Squash-On",485.0938980080932,32,621.2734745020233,91.2826403674172,0.05990672703740992
Chan Kwok Keung George,20183,Yuen Long District Sports Association Limited,484.16753049174986,4,621.0418826229375,156.80462736248987,0.05999098363150396
Leung Cheuk Hin,35164,"Squashathon MeGa, Squashathon X",483.8378882005991,28,620.9594720501498,85.26717874129616,0.059918113469105604
Chan Hin Chiu,30090,Squashathon PLZ,479.7426105176173,12,619.9356526294043,105.3285436819187,0.059968061917831175
Yau Ming Chi,35064,"Squashathon Junior, Squashathon SocGen",479.2973549070807,68,619.8243387267702,60.48880109842283,0.059803414703390574
Beyers Karli,35566,Hong Kong Cricket Club Rockettes,478.97728478178715,32,619.7443211954468,70.73664176461497,0.059907062010009726
Lai Tongtong,34765,HKIS Div 13,478.8698234664548,16,619.7174558666137,92.28732272096802,0.059955793769707194
Chung Kwong Yeung,34697,The Squash Club 4,478.6943848637634,24,619.6735962159408,80.52750314676706,0.05993568647837535
Fung Charmanie Kai-Qi,34136,Hong Kong Football Club L4,476.0611718788805,52,619.0152929697201,79.25727566455758,0.05984523931468163
Yang Marcus,34933,Bravo D13,475.66636293252304,4,618.9165907331308,157.37916132600114,0.05999106117672459
Kwan King Lok,35052,TNG 3,474.6142606796702,20,618.6535651699176,83.2239355483978,0.05994347945886918
Mak Kwok Wing,31326,"Electrify Squash Div 13, Electrify Squash Div 14",473.35735848259264,72,618.3393396206482,71.7649770589361,0.059784865296802776
Koo Ching Yin Serene,34700,Happy Squash 4,473.280456627469,64,618.3201141568672,76.12264758986181,0.0598106648151889
Han Julian O,34563,Hong Kong Football Club 14,473.22100091011635,28,618.3052502275291,77.68520739477212,0.059922759002942416
Chung Hau Yi,34603,"Dream Catchers, Energy Squash Club 1",471.9259609464616,56,617.9814902366154,78.28890032509408,0.059836889178177886
Wong Tsz Long,34131,"NEXUS 3, i-Mask Advance Squash Club 5",470.7441975639126,44,617.6860493909782,77.55088781735755,0.05987539020885562
Wong Hiu Ching,33620,"NEXUS 3, i-Mask Advance Squash Club 5",468.40389524427746,16,617.1009738110694,107.00133674554723,0.05995961409233534
Park Yongsung John,34004,Ladies Recreation Club Div 14,467.0854933282935,68,616.7713733320734,73.53238186875616,0.059802127865736396
Cheung Ka Wing,34644,"SocGen Squash, Squashathon One, TKO Junior 1",466.88042366529135,100,616.7201059163228,65.02812448508993,0.05970135509803103
Yu Chung Wo,35574,NEXUS 4,466.0263734051359,28,616.506593351284,74.70394979784786,0.05992236180083267
Leung Yuen Sum,33468,Yuen Long District Sports Association Limited,465.7396164231254,24,616.4349041057814,82.15571985658713,0.059931191336120196
Chan Yu Hin Bethel,35417,Greenfield,465.3058258204187,24,616.3264564551047,78.1290248760517,0.059930494791435085
Kwan Chi Man,34946,SocGen Squash,464.9276790788381,16,616.2319197697095,96.21452294990773,0.05995922583938018
Finn Christopher,34969,Serve - Ivors,464.31661143952306,20,616.0791528598808,83.01206740303641,0.05994626739022334
Ho Ying Wai,35465,Kwai Tsing District Squash Club L4,463.83387544258494,12,615.9584688606462,100.080266471773,0.05996837298678218
Cheng Tsz Long,34281,RELAY 2,463.3962508981044,84,615.8490627245261,72.58194552905353,0.05974692693516511
Yang Xinxiao,35132,Bravo D13,463.2847204581294,28,615.8211801145324,73.23126614943571,0.05992114916758512
Yeung Abby,35007,Electrify Squash Ladies,461.90696235106134,24,615.4767405877653,74.00164737079307,0.05993577652262769
Chiu Shing Chi,35537,Squashathon SocGen,461.65442184416906,4,615.4136054610423,156.64835392433176,0.059990971944773375
Chow Maxwell,33337,"North District Sports Association 2, Squash Busters",461.54127524663363,68,615.3853188116584,71.48940428960265,0.05979912710029431
Yoo Soo Min,35390,Vitality Squash 2,460.7182265931324,20,615.1795566482831,82.45543912817146,0.059948371590973965
Law Wai Ming,34892,RELAY 2,460.51631834368754,24,615.1290795859219,84.57688675317762,0.059933593538613814
Chan Cedric,34738,Smart Squash 3,460.01588918145853,20,615.0039722953646,84.57081706052821,0.05994785689191512
Kam Zeon Hei,34617,Smart Squash 2,458.3999762028657,20,614.5999940507164,86.98629495198415,0.05994299124947604
Ip Laam,34347,"X-Alpha 5, X-Alpha 6",457.1303088114814,32,614.2825772028704,84.8570355475357,0.05991406013466939
Fung Tin Lok,34816,Physical Chess 5,456.81632965536437,64,614.2040824138411,75.127943453148,0.05980902776592402
Mo Chun Hei,34075,Yuen Long District Sports Association Limited,454.89691140202103,40,613.7242278505053,82.6970877107532,0.05988814917853082
Yung Wai Kiu,34634,Kinetic 4,454.4527466231875,16,613.6131866557969,95.74860595646614,0.05995630268265549
Cheng Chung Yeung,34006,Electrify Squash Div 14,451.70893943969895,16,612.9272348599247,92.76113982073323,0.05995592034537784
Law Hoi Ching,34312,Electrify Squash Div 14,449.05275073040275,12,612.2631876826007,101.78175030316179,0.05997208027080423
Chiu Yin Lung Tevis,34083,Electrify Squash Div 14,448.1493161878352,24,612.0373290469588,83.06843522417931,0.05993331006274256
Kok Chui Wah,34977,JESSICA Smashin' Mochi,447.6857636510772,8,611.9214409127693,119.85703130869095,0.059979861985209694
Wong Chi Kin,34479,"Squashathon Advance, Squashathon One, Squashathon PLZ",446.69294707497966,92,611.6732367687449,69.1268087499677,0.05973106573358251
Lam Lai Kuen,35271,Kwai Tsing District Squash Club L4,445.4487545594202,4,611.362188639855,156.43599626724728,0.059990953114605734
Xiang Anna,33477,HKIS Div 13,445.320833251586,24,611.3302083128965,76.56837772852266,0.05993470133498543
Lai Ming Wai Anna,34369,"8 Virtues + 1, NEXUS 3",445.1915513205863,40,611.2978878301466,83.38800218472818,0.059889564303477014
Sun Luke Tang,34462,i-Mask Advance Squash Club 6,443.72656200013625,24,610.9316405000341,78.31541094894065,0.05993391686587229
Chiu Chi Leung,34608,TNG 3,443.40029020397697,20,610.8500725509942,84.54199193480844,0.059944857827491836
Yeung Ka Hei Kason,35074,Smart Squash 3,442.17998082534314,20,610.5449952063358,87.60569250244203,0.05994572645898062
Lee Austin,33826,"Hong Kong Cricket Club 8, Hong Kong Cricket Club D15",441.2261544226458,68,610.3065386056614,74.44216498405825,0.05979889703267882
"Lee Tsak Ying, Carol",34035,Squash-On,441.1703041170481,76,610.292576029262,73.40981204472624,0.05977192597877256
Agrawal Shreyash,34190,"GMDBB, Kowloon Cricket Club 13, Kowloon Cricket Club 14",439.9402904769918,76,609.985072619248,68.56548462308585,0.05977582070501835
Chan Siu Yuen,32125,"JESSICA L4, JESSICA Smashin' Mochi, Royal Hong Kong Yacht Club Div 15",439.850698522167,76,609.9626746305418,68.10790012427574,0.059783165611466495
Jue Emily Xiao Ran,34589,"Hong Kong Football Club JSA, TNG 2, TNG 3",439.5782960464494,92,609.8945740116123,65.49889832890099,0.05973179069985742
Wan So Shan,35857,MM Squash,438.1400472313203,16,609.5350118078301,90.15571868794758,0.05996000610534524
Ng Samantha Ting Tung,34940,Hong Kong Football Club L4,437.387467581957,4,609.3468668954893,158.26849560079322,0.059991185717005874
Ko Chun Ho,35485,Physical Chess 5,436.23082212456256,24,609.0577055311406,77.85475194893122,0.0599332388730068
Ko Jinhyo,34068,HKIS Div 13,435.2386359351822,32,608.8096589837955,88.08075782706658,0.059911193783291766
Lau Hayden,34900,Squash-On,435.03481975497016,112,608.7587049387425,67.93434615862606,0.05967057476148682
De Vincentiis Thomas,35419,Hong Kong Cricket Club D15,433.0103297024634,16,608.2525824256159,91.4322323150925,0.059959564657659864
Zheng Seng Chi,35570,United Services Recreation Club 4,432.43297370056735,4,608.1082434251418,156.04171248737003,0.05999096471351642
Au Pak Yin,34047,"i-Mask Advance Squash Club 5, i-Mask Advance Squash Club 6",432.3966288272345,88,608.0991572068086,65.2861489490163,0.05973820031211194
Deng Lin,34523,Royal Hong Kong Yacht Club Div 14,432.2055429106822,12,608.0513857276705,98.85662023327554,0.059971114994118356
Law Chu Cheong,35420,"North District Sports Association 1, North District Sports Association 3",431.9457266162781,20,607.9864316540695,87.92029291678702,0.05994699529497606
Jayasuriya Sanjaya,34793,Kinetic 4,431.54570109680344,36,607.8864252742009,83.97039876425936,0.05989730466181755
Yuen Hang Lam,33904,X-Alpha 6,430.4274547353907,4,607.6068636838477,159.10408489572097,0.05999122144830723
Tang Tin Ming Helios,34414,RC,430.26959748193985,40,607.567399370485,69.94390919397435,0.05988319365882009
Wong Tak Hei,34533,"Electrify Squash Div 13, Electrify Squash Div 14",429.75723659203004,24,607.4393091480075,95.80459996899442,0.059935222763665794
Chiu Yuet Yi,34206,"Fusion Squash Club 2, Fusion Squash Club 3, JESSICA Mochis, Squashathon One, TNG 3",429.4386521459469,80,607.3596630364867,68.54142607148441,0.059766179824133736
Huang William Yijia,34963,"Hong Kong Cricket Club 8, Hong Kong Cricket Club D15",428.1986049534207,80,607.0496512383552,72.02464799505844,0.059763577974477594
Hui Kristal,34937,Hong Kong Football Club L4,427.23888737343395,28,606.8097218433585,92.13113191089444,0.05992058878953053
Chen Zihao Jayden,34718,i-Mask Advance Squash Club 6,427.0333589256793,56,606.7583397314198,79.73463332246055,0.05983589624468202
Chan Cheuk Nam,33976,"Physical Chess 3, Physical Chess 4, Physical Chess 5",426.7290470966036,88,606.6822617741509,73.47895748924199,0.059738708372940194
Zhang Ting Xuan,34016,"HKIS Div 13, HKIS Div 15",426.5223927552738,40,606.6305981888185,81.36044397353164,0.059883488405505454
Souza Suzanne,34952,Hong Kong Football Club L4,426.35590259443234,28,606.5889756486081,85.67421474681406,0.059919583499122395
Tong Juan,34934,Bravo D13,425.7962125723807,28,606.4490531430952,76.75848867760737,0.05992469082086133
Zhang Yuxin,36016,Yuen Long District Sports Association Limited,425.41205260054994,4,606.3530131501375,156.6185849994647,0.05999098054770166
Ma Ka Ho,35578,MM Squash,425.01362407046827,32,606.2534060176171,72.94066512576427,0.05990612618895614
Rui Filipe Da Silva Fernandes,35558,"Royal Hong Kong Yacht Club Div 14, Royal Hong Kong Yacht Club Div 15",422.9464769432939,36,605.7366192358235,69.75195446762108,0.0598981921501134
Lin Jia Li,35473,Bravo D13,421.3987245253038,12,605.349681131326,103.93058169909769,0.05996821959584519
Liu Kit Yuen Bithiah,27459,"The Squash Club 4, The Squash Club L4",421.0028858722021,12,605.2507214680505,100.25654756391856,0.05996741892483244
Cooke Anna,34107,Hong Kong Cricket Club Rockettes,420.87351806334846,24,605.2183795158371,77.1480112317556,0.059936422356938544
Wang Yichu,35287,Happy Squash 4,420.44603299963046,24,605.1115082499076,77.59185469688381,0.05993335924670667
Lee Kin Ping,33290,"Squashathon SocGen, Squashathon X",419.2825263496734,32,604.8206315874183,75.33283793804944,0.05990652263799809
Tsoi Ming Hang Daniel,34401,Sha Tin 6,418.2904787004345,32,604.5726196751086,71.1787720492676,0.05991293741588116
Kwok Siu Wing,35393,Dream Catchers,417.8578483508936,24,604.4644620877234,79.17889121989917,0.05993218061159627
Chang Nga Pui,35131,United Services Recreation Club 4,417.0306088673419,56,604.2576522168355,74.15197157286082,0.059835837320595026
Yim Ka Chun,35565,"Squashathon SocGen, Squashathon X",416.5906956417234,16,604.1476739104309,93.55206713216654,0.05995568917957964
Wan Hong Yin Edmund,35150,"Hong Kong Football Club 14, Hong Kong Football Club 14A",416.04738663922444,24,604.0118466598061,95.00448381296333,0.05993495554739636
Tse Fanny Hiu Fan,27713,Sha Tin 6,412.60039315908125,12,603.1500982897703,98.91566750562123,0.05997092264343433
Li Ching Yi,32979,"North District Sports Association 1, North District Sports Association 2",411.6131066053481,8,602.903276651337,121.67165251069737,0.05997995072525995
Cho Yat Long,35197,"Squashathon Junior, Squashathon SocGen",407.36332988840786,28,601.840832472102,75.79038748344854,0.05992523105700797
Mishra Swanik,34308,"Hong Kong Cricket Club 8, Hong Kong Cricket Club D15",405.1377305841561,88,601.284432646039,68.84257948461298,0.059740286832893445
Kam Wo Wan,34618,Smart Squash 2,403.9516169008698,12,600.9879042252174,101.83783330500773,0.05996794604278611
Lam Tsz Ching,34579,"i-Mask Advance Squash Club 6, i-Mask Advance Squash Club 7",403.9080417174482,56,600.977010429362,74.57045698664902,0.059837362826124445
Tam Ming Hei,34580,"Energy Squash Club 1, The Squash Club 4",402.42288410386845,28,600.6057210259671,89.7085755588282,0.0599186657779391
Chan Ming Hei,34356,X-Alpha 5,401.96823850309374,20,600.4920596257734,83.54443120025009,0.0599463561717871
Ng Cheung Sen Pierce,35054,"Hong Kong Football Club 14, Hong Kong Football Club 14B",401.50632807631064,16,600.3765820190777,107.57533421373732,0.05995601653225805
Ho Yiu Hei,34333,TNG 3,399.9077403804299,24,599.9769350951075,77.08400323994853,0.059932956615923766
Wai Hannah Wing Ka,34744,8 Virtues + 1,398.9965514371388,32,599.7491378592847,76.07203429779034,0.059907682964948535
Chow Hiu Sing,34546,Kinetic 4,398.922508317537,40,599.7306270793842,83.98220010503478,0.059884828292718933
Yung Wai Ho,34689,Kinetic 4,398.8718581078383,8,599.7179645269596,120.51113429420789,0.059979707716431796
Chen Simon,35049,8 Virtues + 1,398.33587232257696,32,599.5839680806442,72.9083581837535,0.05991021705744573
Tam Wai Pui,33493,Sha Tin 7,398.21361851563233,28,599.5534046289081,76.22058380096342,0.05992329993604266
Cheung Vinus,34277,"Happy Squash 4, TNG 1, TNG 3",394.69237201539363,44,598.6730930038484,80.85751785536804,0.05987221609142646
Wong Ho Kit,34076,Yuen Long District Sports Association Limited,393.1516272683157,40,598.2879068170789,82.38667111634297,0.059884003374301754
Yip Tin Rong,34586,"Happy Squash 4, Happy Squash 5",392.0503584316284,100,598.0125896079071,67.22336696133831,0.05970321611650621
Lee Man Yi,34043,Yuen Long District Sports Association Limited,391.6575116047138,24,597.9143779011785,93.63039468711983,0.059931650060780654
Koh Yi LIn,35487,"Kinetic 4, Squashathon Ladies",390.3659332072275,20,597.5914833018069,84.03830030054915,0.05994914596676242
Wong Wui Man,34740,"Electrify Squash Div 13, Electrify Squash Div 14, Electrify Squash Div 15",390.2092838379276,64,597.5523209594819,75.05275773979947,0.05981041927587293
Tse Lai Sze Vivian,35006,Electrify Squash Ladies,389.8610825788287,16,597.4652706447072,93.33988755969557,0.05995657708984317
Kwok Ho Kwan,34373,"TNG 2, TNG 3",388.0225887351776,36,597.0056471837944,87.66031080045416,0.059899430335315466
Jim Ho Yeung Brian,35354,TKO Junior 2,387.79396948455906,36,596.9484923711398,71.21321290653572,0.05989375464715017
Yu Wing Yan,35116,TKO Junior 1,387.1917923874098,12,596.7979480968525,108.86333351665434,0.059968446966598414
Leung Hoi Ying,34913,Yuen Long District Sports Association Limited,386.3726847997641,24,596.593171199941,94.63108366006858,0.05993423024063572
Ng Rachel,36318,Electrify Squash Div 15,384.9288593334886,4,596.2322148333722,156.4230260088311,0.05999096175309681
Lum Suet Man Belinda,35005,"Electrify Squash Div 15, Electrify Squash Ladies",383.9707381541566,56,595.9926845385392,80.98975729188562,0.059837732812086125
Chiu Ho Ying,35443,Squash Busters,383.8627300305279,44,595.965682507632,67.17884204270266,0.05986977840864972
Ng Ho Sen Paul,35055,"Hong Kong Football Club 14, Hong Kong Football Club 14B",383.06419432138637,16,595.7660485803466,110.09517486997288,0.05995657717544412
Kwong Ching Nam,34686,"TNG 2, TNG 3",381.9697547058704,16,595.4924386764676,100.47937536418466,0.059955670183315414
Huang Xin Min,34606,Squash-On,381.8106019421216,60,595.4526504855304,79.95671283959612,0.059821820021651054
Sun Jacob Jia-Wei,33589,"Vitality Squash 2, Vitality Squash 3",381.761987194468,28,595.440496798617,93.39635135304074,0.05992271123487324
Ma Cheuk Nam,35231,"Squashathon Junior, Squashathon One",381.0969523478907,32,595.2742380869727,75.69266311749091,0.05991070243521551
Cai Yuheng,34980,8 Virtues + 1,379.2739230566581,36,594.8184807641645,73.02883218187532,0.059895936560670576
Guo Wan Ling,34511,Bravo D13,378.73407570071595,48,594.683518925179,81.48030869592466,0.0598610853949977
Han Jaden A,34564,Hong Kong Football Club 14,377.6166588662404,20,594.4041647165601,88.6454308523607,0.059948988755749916
Lam Shun Yan,31501,North District Sports Association 3,377.4287328471978,24,594.3571832117995,81.84703714385277,0.05993617443630299
Li Hiu Yan,34682,Happy Squash 4,376.9889549096847,52,594.2472387274212,182.80723182519714,0.47327879016311003
Tan Xiao Feng,34524,Squash Busters,375.8619308526795,12,593.9654827131699,101.4487200599509,0.05996751253330618
Mak Jaden,34673,United Services Recreation Club 4,375.6608454190032,68,593.9152113547508,76.57892158500925,0.059797148044189424
Chak King Man,35548,Physical Chess 5,375.649890031988,16,593.912472507997,94.19533894353091,0.059955169567909514
Tam Hoi Man,34852,"North District Sports Association 3, Physical Chess 5",375.34953990743406,16,593.8373849768585,106.25565079122595,0.059956007738996196
Chiu Koli,35336,Kwai Tsing District Squash Club L4,374.94272807273546,12,593.7356820181839,99.05018781708458,0.0599675991359171
Chow Qing,34269,"Squashathon Ladies, Squashathon One, United Services Recreation Club 4",374.1664229243979,64,593.5416057310995,75.63858410144283,0.059815393406203385
Lam Tsz Ching,35474,Bravo D13,374.1216856757583,16,593.5304214189396,92.0770034900551,0.05995913890740065
Fan Ethan Zheming,34251,Squash-On,373.7103899227345,64,593.4275974806836,76.89251920554989,0.05981060833355778
Tsang Ka Lei Carrie,30714,"Squashathon MeGa, Squashathon X",373.39226105684975,68,593.3480652642124,74.05741402536745,0.059797839381923186
Chan Nathan Tze Ho,34246,"Squashathon One, Squashathon PLZ, Squashathon X",372.7216995583449,68,593.1804248895862,70.5426903236344,0.05979677203645398
Tam Ka Yu,30813,"i-Mask Advance Squash Club 7, i-Mask Advance Squash Club L4",371.537256527969,24,592.8843141319923,94.24256521369807,0.05993354884471694
Lu Zi He,35217,Squashathon Junior,370.4846492753809,36,592.6211623188452,72.58264169245628,0.059897281016889785
Wong Chor Wai,35854,Squashathon Ladies,370.39039921016365,12,592.5975998025409,102.43336905917994,0.0599677034065689
Chong Ka Yuen Calix,35310,Squash Busters,369.713317446623,8,592.4283293616558,117.99629897894428,0.05998414469421339
Cheng Nic,34567,RELAY 2,368.2861274493225,72,592.0715318623306,74.09680788767943,0.059785321204646975
Yau Tsz Ching,35125,TKO Junior 1,367.90535202629235,16,591.9763380065731,91.38016381447763,0.05995966701017595
Chan Chun Yin Edwin,34910,Royal Hong Kong Yacht Club Div 15,366.7146779859859,32,591.6786694964965,73.27521511354229,0.05990562651082346
Lai Ming Sze Ashley,34601,Fusion Squash Club 4,366.33186104866036,20,591.5829652621651,86.15346844113434,0.05994419232849712
Chow Hoi Ying,35315,Squash Busters,365.872627656689,40,591.4681569141723,69.6876130992794,0.059881834768828315
Leung Kin Ho,34831,Sha Tin 7,364.32146298950465,16,591.0803657473762,90.99970208997857,0.05995578072189685
Lee Chak Long,34394,"X-Alpha 5, X-Alpha 6",363.7726139542092,40,590.9431534885523,81.28844337107533,0.05988666230307925
Tse Sheung Wa,34161,"RELAY 2, Squashathon One",362.67551689931634,68,590.6688792248291,71.05667934805138,0.05979779985811749
Tang Chor Yiu,35159,Kinetic 4,362.51344641654623,16,590.6283616041366,91.42861717006707,0.059955609675536994
Mui Wai Hin,35311,Squash Busters,360.7352643164727,8,590.1838160791182,123.98559695394175,0.05997983015444528
Zhang Yong Yuan,34170,8 Virtues + 1,359.9217779535061,16,589.9804444883765,95.59150678702328,0.059957127993613815
Fong Pak Kiu Gaspar,35227,Dream Catchers,359.4257285782546,32,589.8564321445637,75.28045737668832,0.059907575929827706
Fong Chun Hoi,34694,X-Alpha 6,358.66833473032875,4,589.6670836825822,158.4562781656024,0.059991178296720335
Yau Shanrui Esther,35849,Squashathon Ladies,358.10579012639437,8,589.5264475315986,117.57618142134082,0.05997954603114449
Lam Kwong Hei,34046,Smart Squash 3,357.29458869375503,12,589.3236471734388,103.38998016306044,0.05996777830738076
Lei Pui Wa,33729,Yuen Long District Sports Association Limited,356.55420016119933,56,589.1385500402998,78.28030353299508,0.05984007989327386
Lo Wing Yan,33418,"North District Sports Association 2, North District Sports Association 3",356.1940779329898,64,589.0485194832474,67.16159861116272,0.05981748631402696
Lam Tsz Wang,34660,"i-Mask Advance Squash Club 6, i-Mask Advance Squash Club 7",355.48674396947354,96,588.8716859923684,63.9716325527434,0.05971759278360499
Dangayach Abir,35442,Hong Kong Cricket Club D15,354.94926320453806,36,588.7373158011345,70.352252951735,0.05989471190539191
Hung Pak Hin,34300,RELAY 2,354.7101998079361,32,588.677549951984,75.26279298310011,0.059907489255236784
Chung Yin Lok Aiden,34273,United Services Recreation Club 4,353.5454945905817,40,588.3863736476454,84.92109138043966,0.05988769552104363
Kwok Yan Ming,35209,Dream Catchers,352.6615284537861,28,588.1653821134465,72.92905876907292,0.05992401242280817
Cheung Ching Yin,35343,Squash-On,351.07486337299906,24,587.7687158432498,80.98442272593265,0.05993564724815175
Wan Kang Hao,35117,TKO Junior 2,349.9572406599282,56,587.489310164982,63.622778406980125,0.05983348278414699
Chak Wai Suen,34870,"Squashathon Junior, Squashathon Ladies",348.60236705511716,52,587.1505917637793,64.93626941442314,0.05985161657456995
Shah Anaisha Malay,33625,United Services Recreation Club 4,346.5056820818054,72,586.6264205204513,73.2722699074482,0.059788047143066944
Tam Chuen Shing,35337,"North District Sports Association 3, Squashathon SocGen",345.1289414754219,68,586.2822353688555,60.27230094258166,0.05980672952996923
Chung King Lok Jacob,34184,"TNG 2, TNG 3",341.714069988705,48,585.4285174971762,84.26297637227167,0.05986125911139123
Wong Ho Yi,34958,"M&M Squash, MM Squash",341.40651834241453,40,585.3516295856036,82.87675792789896,0.059886880905095086
Wumaier Merjiana,34953,Squashathon MeGa,341.07005345247035,4,585.2675133631176,156.5371440534973,0.05999095995948013
Lam Yuk Ying,35421,"North District Sports Association 1, North District Sports Association 3",339.3087873565505,16,584.8271968391376,97.41068588522499,0.05995821882666591
Chiu Yee Ming,34909,Star River 3,339.0467541963935,16,584.7616885490984,93.61360967305615,0.059955118076017125
Leung Tsz Lam,34696,Kinetic 4,335.1792041339131,52,583.7948010334783,77.09010640515605,0.059849463063669534
Tam Ki Fung,34858,Smart Squash 3,334.2607247777546,24,583.5651811944387,80.60493694338385,0.0599365463615502
Chan Lok Man,34290,TNG 3,333.7057680053126,36,583.4264420013282,69.08693984388873,0.059892099117359265
Lam Hiu Tung,35433,"Squash Busters, Squashathon SocGen",333.2373652914612,8,583.3093413228653,118.672361915972,0.05997965737441196
Tam Erin,34575,HKIS Div 15,333.08084985547293,16,583.2702124638682,97.06034710387577,0.059957523912481415
Sun Hoi Ting,35410,TKO Junior 2,332.9748110650153,16,583.2437027662538,94.33359638448654,0.05995533361911756
Sra Jai Singh,34968,Serve - Ivors,332.17389628619276,32,583.0434740715482,70.01111410278712,0.05991167292757398
Yu Long Hei Jacko,34669,Fusion Squash Club 4,331.9647828882171,20,582.9911957220543,84.98568810836397,0.05994697849689095
Chan Lok Hang,35399,Yuen Long District Sports Association Limited,331.3924153182429,16,582.8481038295607,90.83237312082619,0.05995918369699629
Lam Johannes Peter,34714,"Kowloon Cricket Club 13, Kowloon Cricket Club 14",329.7500345781309,32,582.4375086445327,86.08236311341483,0.0599111128484295
Fan Yan Pui Jedidiah,35203,Happy Squash 5,328.87899399523667,28,582.2197484988092,78.31242356570723,0.05992022431159433
Wu Pat Lun Felix,34402,Greenfield,324.9495289957754,8,581.2373822489438,124.31650982394483,0.05997984898403841
Lee Tin Yau,34629,Fusion Squash Club 3,323.8822938333233,52,580.9705734583308,77.60838617770408,0.05984407914800729
Lu Tsz Him,35106,TNG 3,322.1296751599125,12,580.5324187899781,103.78793147924975,0.05996834021283104
Kwong Tsz Hang,35065,Smart Squash 3,321.89441633576826,20,580.4736040839421,83.91979517826228,0.05994474988245211
Yu Ka Chi,33965,X-Alpha 6,321.2125411682946,20,580.3031352920736,84.73373475262203,0.05994853243087268
Hui Chi Lok,33742,RELAY 2,319.17653350332193,64,579.7941333758305,75.99172017381919,0.05980917218583034
Laracy William,34779,Hong Kong Football Club 14,319.126086667201,32,579.7815216668002,71.19122821706159,0.059910747568725435
Wong Tsz Chun,34974,Serve - Ivors,317.5230102681494,28,579.3807525670373,73.01693557911588,0.05992199668776387
Liu Riley,35050,Fusion Squash Club 4,315.5491317868832,32,578.8872829467208,74.37733838511681,0.05991274500750071
Lam Ching Hang,34758,The Squash Club 4,314.64224915685827,12,578.6605622892146,102.85442128924548,0.05996781854653638
Chen Yat Long,35225,Yuen Long District Sports Association Limited,312.96537181082476,16,578.2413429527062,91.99086385413192,0.05995878377577719
Sze To Kai Fung,33385,X-Alpha 6,312.94176331714107,4,578.2354408292853,157.81488911710028,0.05999110774582029
Verma Tara,34598,"Fusion Squash Club 3, HKIS Div 13, HKIS Div 15, Hong Kong Cricket Club L4",312.7956851679278,104,578.198921291982,65.69908280210595,0.0597016206720751
Chan Ho Lok,34416,RC,312.5444433464477,20,578.1361108366119,87.25102918097336,0.059942782099982404
Chan Heng Yau,35207,Happy Squash 5,311.84742086646975,28,577.9618552166174,74.77166138818635,0.059922456673718254
Grewal Nimrita Noor,35149,Hong Kong Cricket Club 8,311.8463917975737,4,577.9615979493934,160.46177283964101,0.059991447883016184
Chiu Ho Yin,35363,Smart Squash 3,310.3755688366705,4,577.5938922091676,156.51826892868647,0.059991030548735176
Liu Cheuk Wang,34676,Smart Squash 2,309.309943815334,8,577.3274859538335,118.69045251743985,0.05997975325638401
Kwok Anders Ka Chun,34802,Fusion Squash Club 4,308.58007800076894,20,577.1450195001922,86.2358540356684,0.059942595366017815
Kwok Yan Yin,35195,Dream Catchers,306.3619646508887,16,576.5904911627222,90.85726786201798,0.05995512544892585
Zou Rongzan,34768,"TKO Junior 1, TKO Junior 2",306.18107877248303,36,576.5452696931208,66.45396161644439,0.059899106525051274
Ng Lok Ning Valerie,34137,United Services Recreation Club 4,305.4225831635381,60,576.3556457908845,77.26998519079879,0.059826010487715894
Jain Ankur,35553,Vitality Squash 3,304.98700690297574,20,576.2467517257439,85.60952321660088,0.05994578542109792
Li Asher,34611,Fusion Squash Club 4,304.70646445301554,24,576.1766161132539,78.9953881301284,0.05993406531746255
Lin Hei Chi Amber,34048,"i-Mask Advance Squash Club 6, i-Mask Advance Squash Club L4",304.03075801509704,56,576.0076895037743,78.79092650032388,0.05983762765967766
Fung Lai Wa,35299,North District Sports Association 3,303.9276943081295,20,575.9819235770324,89.24075531058199,0.05994302993213887
Hsu Ming Hin,35229,Dream Catchers,303.8332690647908,20,575.9583172661977,85.64434479848238,0.05994583814019366
Tam Hei Long,34681,Fusion Squash Club 3,302.59980881448155,24,575.6499522036204,80.73341319367614,0.059932802305521685
Wong Wing Sum,34916,RELAY 2,299.5410429392605,4,574.8852607348151,156.31109071427338,0.05999091574317323
Or  Caleb Ka Nok,34798,"Dream Catchers, Energy Squash Club 1",298.98463906400866,44,574.7461597660022,78.74026392598945,0.059874338213735126
Kwok Wai Yin,35441,"Kwai Tsing District Squash Club L4, Squash Busters",298.5582289061713,24,574.6395572265428,81.61011554307551,0.0599366407484968
Jain Advik,35554,Vitality Squash 3,298.2199872459678,24,574.554996811492,80.03303784654942,0.05993289210162823
Li Li,34832,Sha Tin 7,297.667290677618,12,574.4168226694045,104.25164779245348,0.05996749690827668
Lin Micah,34792,Ladies Recreation Club Div 14,297.2214428241873,36,574.3053607060468,69.6414516977309,0.059895455594259524
Lo Cheuk Fung,35371,TKO Junior 1,296.147940836177,12,574.0369852090442,102.82740375491277,0.0599679874658304
Lin Elizabeth,35426,HKIS Div 13,293.4627005980533,36,573.3656751495133,68.09844585312692,0.059899369715347005
Ho Ka Wing,34786,"Electrify Squash Div 15, Electrify Squash Ladies",292.8578433235043,88,573.2144608308761,71.78882301774046,0.05974613347921132
Chan Lap Pun Silas,34960,Squash-On,289.5340671681806,16,572.3835167920452,92.99045633876565,0.05995868030386686
Chan Cruz Ananda,35068,"Fusion Squash Club 3, Fusion Squash Club 4",287.7747855004736,28,571.9436963751184,80.6591580315618,0.059921811355780265
Chan Bernard Ming Shun,35035,"Hong Kong Cricket Club 8, Hong Kong Cricket Club D15",287.72351212867716,36,571.9308780321693,85.23371090004044,0.059894867883459775
Cohen Arlo,34961,"Hong Kong Cricket Club 8, Hong Kong Cricket Club D15",287.1442917922941,28,571.7860729480735,95.93844776556656,0.059922279293991444
Tam Emily,34574,HKIS Div 15,286.261977223312,16,571.565494305828,97.11201446978066,0.059957828508308365
To Lut Ting,34602,JSA 1,285.8269559454038,16,571.456738986351,90.56990606598595,0.05995554107018431
Ieong Chi Cheng,35098,United Services Recreation Club 4,285.50671270181556,24,571.3766781754539,90.51445791886295,0.059933976667951375
Chu Nathan Yian Zhe,34593,i-Mask Advance Squash Club 6,284.8717786002667,72,571.2179446500667,73.36034976415716,0.05978655961344139
Wu Jiang Johnny,34594,TKO Junior 2,283.76547072849826,12,570.9413676821246,99.68051991751473,0.05996743671213696
Chiu Amber Elisabeth,35173,"HKIS Div 15, Hong Kong Cricket Club L4",283.4749077588849,40,570.8687269397212,71.96134599605472,0.05989254228336079
Lau Pak Hei,35187,TKO Junior 1,280.5155069812513,4,570.1288767453128,156.90493158043915,0.059990996704010285
Chan Wai Chu,32701,TKO Junior 1,280.029494941738,20,570.0073737354345,90.31727803828372,0.059945862246826374
Choi Chin Lok,34415,Electrify Squash Div 15,279.4114576725865,24,569.8528644181466,93.06080003528926,0.0599336938549071
Tham Joy Hannah,35118,HKIS Div 15,278.8742077732941,32,569.7185519433235,85.40344279068972,0.059908845235896624
Tam Shaun,34683,Fusion Squash Club 3,277.0602359965533,24,569.2650589991383,79.39023748614903,0.05993282802164117
Ng Ho Fung Arthur,34751,i-Mask Advance Squash Club 7,276.8153927509875,24,569.2038481877469,76.9869553033086,0.05993624088379967
Mei Tianle,34771,"Fusion Squash Club 3, Fusion Squash Club 4",275.09410811717044,64,568.7735270292926,77.78178200958565,0.059814483624236706
Ho Matthias Isaac,34357,TNG 3,275.0818155858283,56,568.7704538964571,79.21088156202522,0.059839380848811005
Cao Rui,34367,"Bravo D13, TNG 2, TNG 3",274.27285948119516,56,568.5682148702988,76.37939869737977,0.059836240844636075
Yau Ching Yu,34588,Fusion Squash Club 3,272.440338452956,28,568.110084613239,77.54895710590262,0.05992094837170805
Chi Sum Yau,34897,"Happy Squash 5, United Services Recreation Club 4",272.4379775692496,64,568.1094943923124,74.70155361956816,0.0598145548437034
Wan Shing Yau,35136,Smart Squash 3,272.2695992388781,4,568.0673998097195,157.14194346149404,0.05999111385555956
Lin Hei Wo Howard,35048,i-Mask Advance Squash Club 6,271.6347372162945,8,567.9086843040736,119.41043277393577,0.0599795879653457
Chan Cassidy,34728,Squash-On,269.2745833381832,8,567.3186458345458,122.7108039616785,0.05997978941306036
Wang Wai Kuen,35440,Squash Busters,269.16267812002843,8,567.2906695300071,123.00727300985837,0.05997967663849929
Zhao Mindy ruimin,35040,HKIS Div 15,268.4343819732021,16,567.1085954933005,91.41501310262622,0.05995823379472123
Cheung Yu Pak,34314,"Happy Squash 4, Happy Squash 5",267.12504921965274,92,566.7812623049132,69.06466909066492,0.059730083053442344
Wang Philbert,29892,"Fusion Squash Club 3, Fusion Squash Club 4",266.19359769156654,40,566.5483994228916,71.21703085312191,0.05988846850801805
Wong Chi Ho,34352,"Sha Tin 6, Sha Tin 7",265.1567020105085,72,566.2891755026271,70.9134550027935,0.05978669820527205
Tse Ching Lam,34162,RELAY 2,262.8735102455553,52,565.7183775613888,78.40016220958867,0.05984567432824925
Wan Yiu Hong,34817,Physical Chess 5,257.5338469104436,28,564.3834617276109,78.06328543326076,0.05991887185023924
Adjemian Kasey,34078,Ladies Recreation Club Div 14,257.35634553120644,24,564.3390863828016,80.06438100990526,0.05993077833416796
Cheung Cheuk Yin Nathan,35186,Fusion Squash Club 4,255.65898595552608,24,563.9147464888815,83.84846988067369,0.059931997454327764
Leung Kai Man Stephen,35492,Royal Hong Kong Yacht Club Div 15,255.61575077738507,32,563.9039376943463,74.83168369098318,0.059910367065873875
Cheung Diana,35085,"Squashathon Junior, Squashathon Ladies, Squashathon One",253.83146675796615,44,563.4578666894915,67.6787402084737,0.05987621224874046
Xie Ho Yu,34799,"NEXUS 3, NEXUS 4",253.75329344593183,44,563.438323361483,68.94845078401714,0.059873298470433704
Tang Hugo,34656,"Squashathon One, Squashathon X",251.67084789157434,44,562.9177119728936,79.88355071293545,0.05987148857855992
Kwok Ansel William Ka Ching,34803,Fusion Squash Club 4,249.4595792506966,16,562.3648948126742,89.64669932136019,0.05995919819492473
Wang Alden,34763,"Fusion Squash Club 2, Fusion Squash Club 3",242.81441193711908,72,560.7036029842798,73.07566523184241,0.059787493344565595
Chung Yoon Ah Abigail,34329,"Squashathon One, Squashathon X",240.96081889834068,36,560.2402047245852,86.10500581759558,0.05989519374558136
Mak Wing Sze,34646,"Hong Kong Cricket Club L4, Hong Kong Cricket Club Rockettes",239.75391036572182,24,559.9384775914305,90.73481468266701,0.05993459325277658
Kwong Alexander,34345,Electrify Squash Div 15,239.45046824468182,16,559.8626170611705,93.85449653537859,0.059955152657738556
Chong Hoi Pui,34772,TKO Junior 2,238.66439643171634,36,559.6660991079291,72.99370278153984,0.05989713241049282
Cheng Chi Yung,34757,North District Sports Association 3,238.2220997315403,32,559.5555249328851,71.0296973367999,0.059912502626535295
Ye Liangliang,35030,"Squashathon Ladies, Squashathon MeGa, Squashathon X",236.22667101953584,24,559.056667754884,98.84532176171504,0.05993299664131233
Shi Tuofu,35021,Squashathon MeGa,235.06213131512686,32,558.7655328287817,72.69536713511685,0.05990941529169379
Lau Tsz Lok,34597,TKO Junior 1,234.8425767126928,8,558.7106441781732,117.74218871736846,0.05997962708643355
Cheung Hei Sun,33691,"JESSICA Smashin' Mochi, TNG 3",234.75495666115876,44,558.6887391652897,64.87388556857947,0.05987634739458955
Chan Yu Hin,34418,RC,234.4102305244828,28,558.6025576311207,78.78227162648523,0.05992087406095962
Soo En Yan Ethan,35140,Ladies Recreation Club Div 14,233.75081041187332,8,558.4377026029683,117.16351171112566,0.05998397855669861
Lee Yin Lok Charleston,35396,Dream Catchers,233.6338440613431,16,558.4084610153358,93.91171767698138,0.05995542524126913
Lam Ching Feng,35282,Dream Catchers,232.95071099648158,12,558.2376777491204,105.91744050905872,0.05996754875826308
Tang Yat Ming,34867,RC,226.29356921486897,16,556.5733923037172,90.45426030627813,0.05995512359230956
Chiu Yi Hing,26724,North District Sports Association 3,224.7955249465963,28,556.1988812366491,76.9893006490339,0.05991856753034988
Wong Sung Chit,34216,Squashathon One,223.43503665918888,20,555.8587591647972,85.97287620520156,0.05994302159604971
Wong Ying Tung,34535,Kowloon Cricket Club 14,223.2534356155693,4,555.8133589038923,156.2312052258186,0.059990941254324644
Chu Tsz Pik,34353,RELAY 2,223.07122324151214,12,555.767805810378,104.09045984540971,0.05996817358083279
Wong Megan Yat Hei,34445,Dream Catchers,220.54510679980604,16,555.1362766999515,89.24097635960945,0.05995569101000758
Ng Ka Wai Devana,35344,"JESSICA L4, Yuen Long District Sports Association Limited",220.40972070241742,24,555.1024301756044,79.59193688569415,0.0599316458850105
Mirapuri Veeraj,35446,United Services Recreation Club 4,220.1073535409264,4,555.0268383852316,156.49979770277017,0.05999092925900014
Kuo Chin Yu,34658,RELAY 2,217.8070657185135,40,554.4517664296284,81.16227148905038,0.05988623109828725
Lau Sai Chak Elson,35110,"i-Mask Advance Squash Club 6, i-Mask Advance Squash Club 7",216.251336992309,28,554.0628342480773,93.6472310028676,0.059919355538649216
Shi Tianyi,34936,Squash-On,215.84032449115193,8,553.960081122788,117.32204194126085,0.059979495757692174
Wan Aiden,35356,Vitality Squash 3,215.62185574625983,20,553.905463936565,84.63978420918689,0.0599452985428958
Chan Pak Ho Ryan,34862,RC,214.3709277316434,8,553.5927319329109,117.20322910001452,0.059979392883123366
Leung Hing Chung,33164,North District Sports Association 3,213.56733788366682,72,553.3918344709167,69.0703189830506,0.05979151783285754
Nie Rongrong,35572,Royal Hong Kong Yacht Club Div 15,211.47175484219042,8,552.8679387105476,116.53452557037707,0.059983743985107724
Wong Hoi Shan,34981,"Royal Hong Kong Yacht Club Div 15, Squash Busters",211.37605967999343,24,552.8440149199984,95.1351574561647,0.05993248047595513
Fu Isabelle,35153,Vitality Squash 3,210.88396413629107,40,552.7209910340728,70.77416947223153,0.059885534594285535
Wong Hiu Lam,34403,Sha Tin 7,209.81462750687933,28,552.4536568767198,80.7709786341245,0.05992645361764598
Chui Wai Shing,35303,TKO Junior 2,208.6986301830825,48,552.1746575457706,65.58568518565113,0.059858956336518755
Wong Wing Lam,35280,TKO Junior 2,207.3398316252733,24,551.8349579063183,83.89879452703013,0.059930282424470176
Sam Chi Ho Tristan,34117,Hong Kong Cricket Club 8,204.61011512233472,12,551.1525287805837,100.70177080917819,0.05996771657852156
Ko Tsun Kiu,34879,"SocGen Squash, Squashathon MeGa",204.32089844312395,20,551.080224610781,89.36237605253388,0.05994850166789327
Li Han Ming,35126,Electrify Squash Div 15,198.74018690985076,12,549.6850467274627,101.85577980400718,0.05996778944483498
Lai Man Po,35351,Electrify Squash Div 15,198.66186727417335,32,549.6654668185433,74.36185300569883,0.05990651341194711
Chan Gerard Ming Shing,35034,"Hong Kong Cricket Club 8, Hong Kong Cricket Club D15",197.11772987704444,36,549.2794324692611,85.80629806860694,0.05989568493970556
Chiu Norah,34368,"Fusion Squash Club 2, Fusion Squash Club 3",192.27776406599332,44,548.0694410164983,80.91641931627389,0.059875143839044534
Wong Nathaniel Sheung Him,35834,Ladies Recreation Club Div 14,191.72840269824655,4,547.9321006745616,156.18374207543275,0.05999094958932033
Lau Man Kit,35827,Electrify Squash Div 15,189.6653073588027,16,547.4163268397007,91.7620231083818,0.05995539992040451
Krefman Kylie Judith,34789,HKIS Div 15,184.65044279466292,20,546.1626106986657,85.47466918444262,0.05994556276695419
Chuard Louis Kun Kai,35567,Ladies Recreation Club Div 14,182.94575193697074,12,545.7364379842427,104.13090485670713,0.059967776514301324
Lai Long Kin,35828,Electrify Squash Div 15,182.72697291960185,24,545.6817432299005,82.00682360063576,0.05993322270475399
Carlsson Rosa,34788,"HKIS Div 15, Hong Kong Cricket Club L4",181.96901321606174,48,545.4922533040154,67.64352495147864,0.05986700115520994
Cheng Chi Yan Jocelyn,34657,Physical Chess 5,181.65881281162956,16,545.4147032029074,93.5103876310758,0.059956979574926406
Law Nga Mang,34405,"Sha Tin 6, Sha Tin 7",181.63438394066634,44,545.4085959851666,78.27880488107662,0.059877247555538485
Wei Shi Yuan,35350,Electrify Squash Div 15,181.6139047676761,20,545.403476191919,81.69736962500197,0.059945772190866393
Chan Yin Hei,34898,Sha Tin 7,178.96759588764644,16,544.7418989719116,95.97786119477688,0.05995708862221543
Chen Zimo Ethan,34905,Vitality Squash 3,178.6778076156038,20,544.669451903901,83.47360622249651,0.05994586391109069
Chi Ho Sum,34896,"Happy Squash 5, United Services Recreation Club 4",178.37650518043074,52,544.5941262951077,75.0399490541191,0.05985306386525117
Li Hiu Ching,34748,Smart Squash 2,176.4948433710406,8,544.1237108427601,121.32614927667528,0.05997990234594698
Wu James,35479,TKO Junior 2,175.65238116272485,8,543.9130952906812,118.75748650195155,0.05997955276456111
Cheung Pok Kit,35502,Squashathon Junior,173.9650693271633,4,543.4912673317908,156.70880657030008,0.05999094993194451
Wong Carter Yat Long,34911,Dream Catchers,170.74913892115956,24,542.6872847302899,79.88734806358526,0.05992991405098299
Rumjahn Trisha,34197,Squash-On,168.65201784495002,36,542.1630044612375,86.0644624461307,0.05989354900196251
Lee Yee Ching,34299,TNG 3,168.34378695606347,32,542.0859467390159,73.58756097711134,0.05990851231572885
Shao Jun Jie,35127,Kinetic 4,163.15257031439842,12,540.7881425785996,102.36180401496489,0.059967876858394366
Cai Hok Hei,35382,Squashathon Junior,163.07432399965,20,540.7685809999125,85.37923398781963,0.05994275548643348
Ha Kong Ho Addison,34994,"Royal Hong Kong Yacht Club Div 13, Royal Hong Kong Yacht Club Div 15",162.63527469901146,28,540.6588186747529,91.3660049032518,0.059923007592384094
Chan Yan Lam,34685,Squashathon One,155.45826156880457,4,538.8645653922011,159.29318402561762,0.0599912968972433
Hong Xue Yan,35335,"North District Sports Association 3, Squashathon SocGen",154.5578627839268,24,538.6394656959817,82.18117489333656,0.059930738506687425
Hui Ming Sen Brown,35342,Squash-On,153.42330518325298,8,538.3558262958132,117.92076313639036,0.059979639816543626
Breton Felix Nicolas,34966,Serve - Ivors,153.0052955285064,12,538.2513238821266,102.65038244179547,0.05997195430706432
Lam Sin Lai,35009,Electrify Squash Div 15,151.45993923144079,8,537.8649848078602,119.89797102692452,0.05997950616846714
Cheung Oliver Nathaniel Yen Chak,35406,Vitality Squash 3,145.6436583608479,12,536.410914590212,104.64895667060607,0.05997182766232915
Hong Qiaona,35029,"Squashathon MeGa, Squashathon One, Squashathon X",145.6168208375202,24,536.40420520938,99.36707961776779,0.05993362386015715
Cheng Ho Yan,34708,Electrify Squash Div 15,145.0317888836712,12,536.2579472209178,100.74129529432564,0.059967585866205354
Lo Lok Him,34908,Sha Tin 6,143.05699205609835,24,535.7642480140246,78.57878357748068,0.05993234412121973
Yeoh Shu Ting Alexandra,34884,"Fusion Squash Club 4, HKIS Div 15",142.420808681391,36,535.6052021703478,90.7836055625774,0.059901305696154435
Shah Myrah,33714,United Services Recreation Club 4,142.0618412482745,44,535.5154603120686,80.34769547390376,0.0598736596678486
Yu Hoi Yi,34979,NEXUS 4,136.2421653922488,40,534.0605413480622,65.17207036356058,0.05988527195955303
Fung Kwun Shing,33002,Squashathon MeGa,135.17309956275676,32,533.7932748906892,71.15126093514586,0.05990973961363619
Lo Ching Yin,34807,Sha Tin 7,131.46473892221593,28,532.866184730554,76.1447463125719,0.059920549073277235
Ho Lok Hei,33325,Physical Chess 5,129.59168754293023,8,532.3979218857326,119.99396622152373,0.059979689292654736
Chong Tsz Yuen,35387,United Services Recreation Club 4,129.01932672736893,8,532.2548316818422,121.21653404228235,0.05997953469164445
Song Evan,34720,Sha Tin 6,128.496595660004,16,532.124148915001,94.3998412723369,0.059959285977062085
Luk Omen,35185,Vitality Squash 3,128.1985024972023,20,532.0496256243006,83.59123676409389,0.05994282240927066
Zhao Michael Ziyu,34973,Serve - Ivors,126.43574301836816,4,531.608935754592,156.70185616204537,0.05999095960704744
Bai Boson,35001,HKIS Div 15,126.43258205444226,4,531.6081455136106,157.59542671197337,0.05999107201899959
Zhu Youwei,34971,Serve - Ivors,122.38039438152555,12,530.5950985953814,99.10410084012264,0.059971320308651335
Cheung Man Xin Monica,35300,Squash Busters,121.88253943644258,4,530.4706348591106,157.9275438626938,0.05999111839891382
Ho Yau Pang,35750,NEXUS 4,121.11796089929248,12,530.2794902248231,102.35504302418502,0.059967691825187644
Wong See Yui Alistair,34733,Vitality Squash 3,120.81842094295826,24,530.2046052357396,84.59230250507572,0.05993375129999543
Chun Yuen Man,34954,Squashathon MeGa,120.11522968596364,28,530.0288074214909,76.25171222330864,0.059921598254015065
Chan Ho Ching,33567,Physical Chess 5,116.1740519142204,16,529.0435129785551,94.66133278439908,0.05995671092764948
Su Heng,34970,Serve - Ivors,111.9115744486212,4,527.9778936121553,157.32614863367513,0.05999104133304918
Leekha Reyansh,35000,HKIS Div 15,111.67664918662695,60,527.9191622966567,74.01863445860809,0.059828528668719204
Or  Hin Kin,35320,Dream Catchers,110.92740013230059,28,527.7318500330751,78.85681936057914,0.05992020901087095
Ho William Mason,34999,Hong Kong Cricket Club 8,104.48571531596872,8,526.1214288289922,121.26697709404311,0.05998015117610357
Lam Chak Him,34853,RC,103.95293309274348,16,525.9882332731859,89.07736211662721,0.05995526545953977
Cheung Chi Yiu,35223,Electrify Squash Div 15,102.39046293655883,36,525.5976157341397,71.74668841316918,0.059897971010160415
Lee Ian,35428,Vitality Squash 3,100.92299892937262,8,525.2307497323432,119.08863844550554,0.05997981879528536
Li Yik Wai,35412,RC,100.4010850473419,4,525.1002712618355,157.02857507851584,0.05999100576442851
Chung Lincoln Sing Fun,34125,i-Mask Advance Squash Club 6,94.72859155204742,16,523.6821478880119,97.2132354290269,0.059960682140836025
Leung Thomas Si MIng,35070,Vitality Squash 3,90.80392378442548,16,522.7009809461064,93.79221350631731,0.059955443159811675
Chung Cheuk Hei,34637,Electrify Squash Div 15,86.82578801421187,8,521.706447003553,120.29923278893023,0.05997977200055695
Li Hoi Lee,35039,Royal Hong Kong Yacht Club Div 15,86.24571354108275,28,521.5614283852707,94.51935129391875,0.059921515134071596
Morris Edwin,35468,United Services Recreation Club 4,84.6728930539457,4,521.1682232634864,157.38775811857974,0.05999105679078838
Leung Alexandria Si Qing,35069,Vitality Squash 3,83.51661578246603,12,520.8791539456165,102.6995962739897,0.059967633415905365
Lin Pinya,34935,Squash-On,81.60729427748402,28,520.401823569371,79.2744159938736,0.05992215589751713
Wang Jin Xuan,36052,Electrify Squash Div 15,81.57747757151219,4,520.394369392878,156.6359189939854,0.05999096458693382
Lee Julia,35378,HKIS Div 15,80.22258304479101,24,520.0556457611978,81.9340153432603,0.059931503449902626
Fung Pak To,35232,Squashathon Junior,79.17560591913889,16,519.7939014797847,88.01571814504017,0.059958623546119624
Cheng Hoi Ching,34404,Sha Tin 7,77.60881942595915,16,519.4022048564898,95.73721046806578,0.05995653222934274
Li Hoi Ying Kylie,35028,Royal Hong Kong Yacht Club Div 15,77.37861004764272,8,519.3446525119107,120.1724559134125,0.05997998699636272
Wu Zhi Xian,35364,HKIS Div 15,76.10950237179622,24,519.027375592949,82.50177088361224,0.05993516800694475
Tsang Pui Ki,34993,Royal Hong Kong Yacht Club Div 15,73.21606867054061,20,518.3040171676352,104.84996867161553,0.05994377617107166
Lau Yee Ching,35413,RC,67.56575122817867,4,516.8914378070447,156.835475619972,0.059990992037727196
Garg Shashwat,34972,Serve - Ivors,66.5237209488505,8,516.6309302372126,117.55589420650476,0.0599840637306428
Gupta Kalash,34967,Serve - Ivors,58.77277387202548,4,514.6931934680064,156.6123173149246,0.05999096924460208
Liu Hong Da,35349,Electrify Squash Div 15,53.63537313913366,4,513.4088432847834,156.06128540760568,0.05999090483455002
Lam Wan Tung,36014,NEXUS 4,52.55670885461177,8,513.1391772136529,119.93171095615635,0.05997965089240796
Huang Yian,35432,HKIS Div 15,51.678488624642796,20,512.9196221561607,84.61168795974555,0.0599469664678019
Cheng Chit Yu,36013,Royal Hong Kong Yacht Club Div 15,48.703295983489625,16,512.1758239958724,90.77396461566248,0.059955657850520996
Lee Yee Hang Bosco,36317,Royal Hong Kong Yacht Club Div 15,38.81621759758309,4,509.7040543993958,156.5552053850378,0.059990968432437466
Hung Lok Chun,35218,TKO Junior 2,35.408878596901104,12,508.8522196492253,101.43928231444441,0.059967823735206614
Lai Mei Wang,35361,RC,32.78970905597089,20,508.1974272639927,89.15471292000045,0.05994349156586386
Joshi Arjun Rohan,36039,Hong Kong Cricket Club D15,32.61173729769962,4,508.1529343244249,156.7810398346294,0.059990996081657005
Lun Hiu Yan Charlmane,34965,Serve - Ivors,20.16359867314486,12,505.0408996682862,102.06620522979073,0.059971688886022445
Au Wan Ching,35155,NEXUS 4,3.08256055901893,40,500.77064013975473,70.54054634652813,0.059888685186911574
Leung Tsz Ngo Daren,34868,RC,0.9246281453624761,8,500.2311570363406,120.38798333315582,0.05997963904971021
Wong Wing Lam,35383,NEXUS 4,0.5842621904039333,16,500.146065547601,96.2966094225867,0.059955745524346286
Lee Hiu Fung Alvin,35423,NEXUS 4,-0.6980867566767301,8,499.8254783108308,119.19820092366498,0.0599796381335691
Qi Jun De Franz,35114,TKO Junior 2,-2.948128825828917,8,499.26296779354277,119.86791995443753,0.059979423172272034
Fung Tsz Kiu Clare,35097,HKIS Div 15,-4.033707552742726,20,498.9915731118143,90.38770974091437,0.05994414170348762
Lee Mei Chi,34931,Royal Hong Kong Yacht Club Div 15,-4.851390959214314,16,498.7871522601964,89.64908773755954,0.05995843380140431
Chan Pak Ching Winky,35362,RC,-20.57986751676981,12,494.85503312080755,100.06376833891217,0.059971415142641385
Ren Zhi Yi,36005,Squashathon Junior,-20.772383886871012,4,494.80690402828225,156.26036288718373,0.059990961888617515
Au Wan Man,35208,NEXUS 4,-50.74501885572272,28,487.3137452860693,78.76134570879613,0.05992347473112877
Peirse Adrian,26919,Royal Hong Kong Yacht Club Div 15,-59.44402361376024,16,485.13899409655994,93.99900593943093,0.05995581465085013
