Team Name,Home,Average Home Score,Average Away Score,Difference
Kinetic 4,Yuen Long Jockey Club (YLJCSC),3.5,2.0833333333333335,1.4166666666666665
Phresh 3,Pei Ho Street (PHSSC),3.111111111111111,2.2222222222222223,0.8888888888888888
i-MASK Advance Squash Club 9,Cornwall Street (CSPSC),1.6666666666666667,0.8333333333333334,0.8333333333333334
Police 2,Police Sports & Recreation Club (PSRC),1.7777777777777777,1.4444444444444444,0.33333333333333326
Yuen Long Jr 2,Kwun Chung (KCSC),4.416666666666667,4.166666666666667,0.25
The Zero Squash Club 3,Cornwall Street (CSPSC),3.5,3.4,0.10000000000000009
Friend Club 6,Cornwall Street (CSPSC),1.1666666666666667,1.2,-0.033333333333333215
