Team Name,Home,Average Home Score,Average Away Score,Difference
i-MASK Advance Squash Club 13,Cornwall Street (CSPSC),3.5,2.8333333333333335,0.6666666666666665
Relay 1,Yau Oi (YOSC),4.142857142857143,3.5,0.6428571428571432
Everlast 2,HK Squash Centre (HKSC),2.5714285714285716,2.142857142857143,0.4285714285714288
GS 3,HK Squash Centre (HKSC),3.857142857142857,3.4285714285714284,0.4285714285714288
KWTDSC 3,Cornwall Street (CSPSC),2.5,2.1666666666666665,0.3333333333333335
Yuen Long Jr 3,Yuen Long Jockey Club (YLJCSC),2.4285714285714284,2.25,0.17857142857142838
Kinetic 7,Yuen Long Jockey Club (YLJCSC),1.25,1.1428571428571428,0.1071428571428572
Fung King 4,Tai Wo Hau (TWHSC),1.625,1.875,-0.25
Striving,Cornwall Street (CSPSC),1.5,2.6,-1.1
