Team Name,Home,Average Home Score,Average Away Score,Difference
Alpha CUHK Master,Chinese University of HK (CUHK),2.4,1.3636363636363635,1.0363636363636364
The Hong Kong Jockey Club Master 3,HKJC Sha Tin Club House (HKJC),4.090909090909091,3.3,0.790909090909091
Sovereign Group LRC Master 3,Ladies Recreation Club (LRC),3.090909090909091,2.4,0.6909090909090909
Hong Kong Cricket Club M3,Hong Kong Cricket Club (HKCC),1.6363636363636365,1.0,0.6363636363636365
Hong Kong Football Club M3B,Hong Kong Football Club (HKFC),2.25,1.8,0.44999999999999996
Perrier KCC M3,Kowloon Cricket Club (KCC),3.5454545454545454,3.1,0.4454545454545453
American Club,American Club,2.0833333333333335,1.8888888888888888,0.19444444444444464
Hong Kong Football Club M3A,Hong Kong Football Club (HKFC),2.857142857142857,3.090909090909091,-0.23376623376623362
