Team,Rubber 1 Win %,Rubber 2 Win %,Rubber 3 Win %,Rubber 4 Win %,Rubber 5 Win %,avg_win_perc,Total Rubbers
Royal Hong Kong Yacht Club Div 15,55.55555555555556,100.0,88.88888888888889,66.66666666666666,16.666666666666664,65.55555555555556,42
Squashathon One,66.66666666666666,62.5,50.0,62.5,83.33333333333334,65.0,39
Physical Chess 5,55.55555555555556,33.33333333333333,25.0,62.5,85.71428571428571,52.42063492063492,41
United Services Recreation Club 4,55.55555555555556,55.55555555555556,33.33333333333333,62.5,16.666666666666664,44.72222222222222,41
Hong Kong Cricket Club 8,36.36363636363637,36.36363636363637,54.54545454545454,45.45454545454545,42.857142857142854,43.11688311688312,51
HKIS Div 15,66.66666666666666,50.0,50.0,14.285714285714285,33.33333333333333,42.857142857142854,38
Sha Tin 7,20.0,20.0,44.44444444444444,33.33333333333333,62.5,36.05555555555556,46
