Team,Rubber 1 Win %,Rubber 2 Win %,Rubber 3 Win %,Rubber 4 Win %,Rubber 5 Win %,avg_win_perc,Total Rubbers
X-Alpha 1,100.0,100.0,54.54545454545454,100.0,81.81818181818183,87.27272727272727,55
Kowloon Cricket Club 4,60.0,70.0,90.0,60.0,80.0,72.0,50
United Services Recreation Club 1,81.81818181818183,54.54545454545454,63.63636363636363,40.0,30.0,54.0,53
Hong Kong Football Club 4A,18.181818181818183,72.72727272727273,54.54545454545454,54.54545454545454,60.0,52.0,54
Hong Kong Football Club 4B,30.0,20.0,70.0,60.0,60.0,48.0,50
NEXUS 2,72.72727272727273,36.36363636363637,27.27272727272727,36.36363636363637,12.5,37.04545454545455,52
Hong Kong Cricket Club 3,30.0,40.0,30.0,30.0,37.5,33.5,48
Sha Tin 2,0.0,0.0,10.0,11.11111111111111,14.285714285714285,7.079365079365078,46
