Team,Rubber 1 Win %,Rubber 2 Win %,Rubber 3 Win %,Rubber 4 Win %,avg_win_perc,Total Rubbers
Hong Kong Football Club M2B,54.54545454545454,81.81818181818183,54.54545454545454,88.88888888888889,69.94949494949495,42
Hong Kong Football Club M2A,72.72727272727273,27.27272727272727,70.0,70.0,60.0,42
Hong Kong Cricket Club M2A,45.45454545454545,54.54545454545454,54.54545454545454,45.45454545454545,50.0,44
Hong Kong Cricket Club M2B,36.36363636363637,54.54545454545454,63.63636363636363,37.5,48.01136363636363,41
Ladies Recreation Club M2A,81.81818181818183,27.27272727272727,27.27272727272727,12.5,37.21590909090909,41
Ladies Recreation Club M2B,9.090909090909092,54.54545454545454,30.0,33.33333333333333,31.74242424242424,38
