Team,Rubber 1 Win %,Rubber 2 Win %,Rubber 3 Win %,Rubber 4 Win %,Rubber 5 Win %,avg_win_perc
YLJR 2,77.77777777777779,88.88888888888889,100.0,55.55555555555556,50.0,74.44444444444444
TNG 1,55.55555555555556,66.66666666666666,66.66666666666666,75.0,100.0,72.77777777777777
Physical Chess 3,66.66666666666666,66.66666666666666,44.44444444444444,77.77777777777779,100.0,71.11111111111111
Smart Squash 1,71.42857142857143,71.42857142857143,57.14285714285714,42.857142857142854,20.0,52.57142857142858
JAVA,57.14285714285714,14.285714285714285,42.857142857142854,28.57142857142857,25.0,33.57142857142857
i-Mask Advance Squash Club 4,0.0,22.22222222222222,22.22222222222222,37.5,33.33333333333333,23.055555555555554
Friend Club 4,25.0,12.5,12.5,25.0,0.0,15.0
