Team,Rubber 1 Win %,Rubber 2 Win %,Rubber 3 Win %,Rubber 4 Win %,Rubber 5 Win %,avg_win_perc
X-Alpha 1,75.0,75.0,75.0,100.0,85.71428571428571,82.14285714285714
Kowloon Cricket Club 4,37.5,75.0,75.0,75.0,62.5,65.0
Friend Club 1,87.5,50.0,37.5,50.0,14.285714285714285,47.857142857142854
Hong Kong Football Club 4B,62.5,25.0,75.0,12.5,25.0,40.0
TNGX,37.5,62.5,25.0,25.0,42.857142857142854,38.57142857142857
Hong Kong Football Club 4A,0.0,12.5,12.5,37.5,71.42857142857143,26.78571428571429
