Team,Rubber 1 Win %,Rubber 2 Win %,Rubber 3 Win %,Rubber 4 Win %,Rubber 5 Win %,avg_win_perc,Total Rubbers
Kowloon Cricket Club 3A,83.33333333333334,60.0,100.0,80.0,75.0,79.66666666666667,25
Young Player 3,57.14285714285714,71.42857142857143,57.14285714285714,71.42857142857143,100.0,71.42857142857142,35
Kowloon Cricket Club 3B,0.0,83.33333333333334,83.33333333333334,83.33333333333334,80.0,66.0,29
Hong Kong Football Club 3A,42.857142857142854,42.857142857142854,71.42857142857143,83.33333333333334,66.66666666666666,61.42857142857142,33
Happy Squash 1,100.0,75.0,0.0,25.0,66.66666666666666,53.33333333333333,19
NEXUS 1,40.0,60.0,20.0,20.0,75.0,43.0,24
Sha Tin 1,60.0,40.0,20.0,0.0,0.0,24.0,24
Hong Kong Football Club 3B,0.0,42.857142857142854,28.57142857142857,16.666666666666664,25.0,22.619047619047613,31
TNGX,40.0,0.0,40.0,0.0,0.0,16.0,24
