Team,Rubber 1 Win %,Rubber 2 Win %,Rubber 3 Win %,Rubber 4 Win %,Rubber 5 Win %,avg_win_perc,Total Rubbers
Electrify Squash Div 15,100.0,75.0,87.5,75.0,71.42857142857143,81.78571428571429,39
RELAY 2,33.33333333333333,66.66666666666666,66.66666666666666,100.0,40.0,61.33333333333333,29
Squash-On,62.5,62.5,25.0,66.66666666666666,33.33333333333333,50.0,36
Squashathon MeGa,66.66666666666666,50.0,33.33333333333333,20.0,50.0,44.0,27
TNG 3,0.0,28.57142857142857,71.42857142857143,28.57142857142857,83.33333333333334,42.38095238095238,34
Fusion Squash Club 3,28.57142857142857,42.857142857142854,42.857142857142854,50.0,40.0,40.857142857142854,32
Serve - Ivors,85.71428571428571,42.857142857142854,42.857142857142854,20.0,0.0,38.285714285714285,29
i-Mask Advance Squash Club 6,14.285714285714285,28.57142857142857,28.57142857142857,20.0,50.0,28.285714285714285,30
