Team,Rubber 1 Win %,Rubber 2 Win %,Rubber 3 Win %,Rubber 4 Win %,avg_win_perc,Total Rubbers
Kowloon Cricket Club 2,83.33333333333334,100.0,100.0,80.0,90.83333333333334,23
Hong Kong Football Club 2A,83.33333333333334,83.33333333333334,50.0,16.666666666666664,58.333333333333336,24
Hong Kong Football Club 2B,28.57142857142857,42.857142857142854,71.42857142857143,57.14285714285714,49.99999999999999,28
Hong Kong Cricket Club 2,40.0,20.0,20.0,60.0,35.0,20
Young Player 2,16.666666666666664,0.0,0.0,40.0,14.166666666666666,23
