Team,Rubber 1 Win %,Rubber 2 Win %,Rubber 3 Win %,Rubber 4 Win %,Rubber 5 Win %,avg_win_perc,Total Rubbers
Hong Kong Football Club 7B,42.857142857142854,42.857142857142854,71.42857142857143,85.71428571428571,71.42857142857143,62.857142857142854,35
Kowloon Cricket Club 7,85.71428571428571,85.71428571428571,28.57142857142857,57.14285714285714,42.857142857142854,59.999999999999986,35
The Squash Club 2,57.14285714285714,100.0,85.71428571428571,14.285714285714285,42.857142857142854,59.999999999999986,35
Xavier,57.14285714285714,71.42857142857143,57.14285714285714,71.42857142857143,42.857142857142854,59.999999999999986,35
Physical Chess 2,57.14285714285714,0.0,57.14285714285714,71.42857142857143,57.14285714285714,48.57142857142857,35
Hong Kong Cricket Club 6,50.0,33.33333333333333,33.33333333333333,33.33333333333333,60.0,42.0,29
Twister 2,0.0,14.285714285714285,14.285714285714285,14.285714285714285,33.33333333333333,15.238095238095235,34
