Team,Rubber 1 Win %,Rubber 2 Win %,Rubber 3 Win %,Rubber 4 Win %,Rubber 5 Win %,avg_win_perc,Total Rubbers
The Squash Club 2,66.66666666666666,100.0,100.0,16.666666666666664,50.0,66.66666666666666,30
Hong Kong Football Club 7B,42.857142857142854,42.857142857142854,71.42857142857143,85.71428571428571,71.42857142857143,62.857142857142854,35
Kowloon Cricket Club 7,85.71428571428571,85.71428571428571,28.57142857142857,57.14285714285714,42.857142857142854,59.999999999999986,35
Xavier,50.0,66.66666666666666,50.0,66.66666666666666,33.33333333333333,53.33333333333333,30
Physical Chess 2,50.0,0.0,50.0,66.66666666666666,50.0,43.33333333333333,30
Hong Kong Cricket Club 6,50.0,33.33333333333333,33.33333333333333,33.33333333333333,60.0,42.0,29
Twister 2,0.0,16.666666666666664,16.666666666666664,16.666666666666664,40.0,18.0,29
