Team,Rubber 1 Win %,Rubber 2 Win %,Rubber 3 Win %,Rubber 4 Win %,Rubber 5 Win %,avg_win_perc,Total Rubbers
Dynamos Squash,100.0,100.0,83.33333333333334,83.33333333333334,100.0,93.33333333333334,28
Fusion Squash Club 1,62.5,50.0,75.0,62.5,85.71428571428571,67.14285714285714,39
NEXUS 3,50.0,83.33333333333334,50.0,60.0,50.0,58.66666666666667,25
X-Alpha 4,62.5,50.0,50.0,37.5,33.33333333333333,46.666666666666664,38
Vitality Squash 2,28.57142857142857,28.57142857142857,71.42857142857143,71.42857142857143,25.0,45.0,32
MERCURY,37.5,12.5,25.0,50.0,57.14285714285714,36.42857142857143,39
Happy Squash 3,62.5,62.5,25.0,0.0,16.666666666666664,33.33333333333333,37
LONGVIEW,0.0,28.57142857142857,28.57142857142857,42.857142857142854,33.33333333333333,26.666666666666664,34
