Team,Rubber 1 Win %,Rubber 2 Win %,Rubber 3 Win %,Rubber 4 Win %,Rubber 5 Win %,avg_win_perc,Total Rubbers
Royal Hong Kong Yacht Club Div 15,55.55555555555556,88.88888888888889,88.88888888888889,77.77777777777779,50.0,72.22222222222223,42
Squashathon One,33.33333333333333,33.33333333333333,50.0,66.66666666666666,80.0,52.666666666666664,29
United Services Recreation Club 4,66.66666666666666,33.33333333333333,50.0,62.5,42.857142857142854,51.07142857142857,41
Hong Kong Cricket Club 8,22.22222222222222,77.77777777777779,33.33333333333333,57.14285714285714,60.0,50.09523809523809,39
Physical Chess 5,28.57142857142857,14.285714285714285,42.857142857142854,50.0,100.0,47.142857142857146,33
Sha Tin 7,16.666666666666664,0.0,50.0,83.33333333333334,83.33333333333334,46.66666666666667,30
HKIS Div 15,44.44444444444444,50.0,50.0,42.857142857142854,42.857142857142854,46.03174603174604,39
