Team Name,Home,Average Home Score,Average Away Score,Difference
Perrier Sergio Tacchini KCC 7,Kowloon Cricket Club (KCC),3.3846153846153846,2.25,1.1346153846153846
Twister 2,Cornwall Street (CSPSC),3.75,3.125,0.625
Head Sha Tin 4,Cornwall Street (CSPSC),3.25,3.111111111111111,0.13888888888888884
Banbil,HK Squash Centre (HKSC),0.42857142857142855,0.375,0.05357142857142855
Honey Badger 1,HK Squash Centre (HKSC),2.75,2.7142857142857144,0.03571428571428559
HKU 2,HK Squash Centre (HKSC),1.3333333333333333,1.5555555555555556,-0.22222222222222232
Studio Pro,Java Road (JRSC),1.9090909090909092,2.3,-0.39090909090909065
The Squash Club 2,Cornwall Street (CSPSC),3.0,3.888888888888889,-0.8888888888888888
