Team,Rubber 1 Win %,Rubber 2 Win %,Rubber 3 Win %,Rubber 4 Win %,Rubber 5 Win %,avg_win_perc
Craigengower Cricket Club,5.555555555555557,11.11111111111111,33.33333333333333,11.11111111111111,0.0,12.222222222222221
Bravo D10,31.42857142857143,-2.857142857142854,5.714285714285715,-8.57142857142857,-26.666666666666657,-0.1904761904761827
United Services Recreation Club 3,0.0,11.111111111111114,11.1111111111111,16.666666666666657,-43.05555555555556,-0.8333333333333357
The Hong Kong Jockey Club Div 10,0.0,22.222222222222214,0.0,-11.111111111111114,-25.0,-2.7777777777777857
Sha Tin 4,-33.33333333333333,6.666666666666671,-20.0,10.0,-46.66666666666667,-16.666666666666664
RELAY 1,-13.333333333333343,-33.33333333333334,-13.333333333333343,-6.666666666666671,-43.333333333333336,-22.000000000000007
Banbil,-26.388888888888886,-50.0,-23.809523809523803,-34.92063492063493,-52.38095238095237,-37.5
