Team,Rubber 1 Win %,Rubber 2 Win %,Rubber 3 Win %,Rubber 4 Win %,Rubber 5 Win %,avg_win_perc,Total Rubbers
X-Alpha 3,100.0,100.0,100.0,50.0,100.0,90.0,13
Hong Kong Football Club 7A,33.33333333333333,60.0,66.66666666666666,50.0,83.33333333333334,58.66666666666667,29
Hong Kong Cricket Club 5,16.666666666666664,66.66666666666666,83.33333333333334,60.0,40.0,53.33333333333333,28
UST,66.66666666666666,100.0,0.0,33.33333333333333,66.66666666666666,53.33333333333333,15
Vitality Squash 1,20.0,80.0,40.0,0.0,100.0,48.0,21
Kinetic 1,80.0,20.0,20.0,20.0,80.0,44.0,25
The Best Group 1,66.66666666666666,66.66666666666666,0.0,33.33333333333333,50.0,43.33333333333333,14
