Team,Rubber 1 Win %,Rubber 2 Win %,Rubber 3 Win %,Rubber 4 Win %,avg_win_perc,Total Rubbers
Kowloon Cricket Club L2,60.0,80.0,100.0,75.0,78.75,19
JESSICA L2,100.0,62.5,75.0,28.57142857142857,66.51785714285714,31
Hong Kong Football Club L2B,50.0,50.0,50.0,75.0,56.25,16
Hong Kong Football Club L2A,75.0,0.0,50.0,50.0,43.75,16
Hong Kong Football Club L2C,33.33333333333333,0.0,33.33333333333333,50.0,29.166666666666664,11
Hong Kong Cricket Club L2,16.666666666666664,16.666666666666664,16.666666666666664,0.0,12.499999999999998,23
