Team,Rubber 1 Win %,Rubber 2 Win %,Rubber 3 Win %,Rubber 4 Win %,Rubber 5 Win %,avg_win_perc,Total Rubbers
Electrify Squash Div 15,100.0,60.0,80.0,80.0,60.0,76.0,25
RELAY 2,40.0,60.0,80.0,100.0,25.0,61.0,24
Squash-On,60.0,80.0,20.0,50.0,50.0,52.0,23
Fusion Squash Club 3,33.33333333333333,50.0,50.0,60.0,50.0,48.666666666666664,27
TNG 3,0.0,20.0,60.0,40.0,100.0,44.0,24
Squashathon MeGa,75.0,50.0,50.0,0.0,33.33333333333333,41.666666666666664,18
Serve - Ivors,80.0,40.0,40.0,25.0,0.0,37.0,21
i-Mask Advance Squash Club 6,20.0,40.0,20.0,20.0,50.0,30.0,24
