Team Name,Home,Average Home Score,Average Away Score,home_away_diff
JESSICA Smashin' Mochi,HK Squash Centre,1.5,0.3333333333333333,1.1666666666666667
Electrify Squash Ladies,HK Squash Centre,1.3333333333333333,0.3333333333333333,1.0
Hong Kong Football Club L4,Hong Kong Football Club,2.0,1.3333333333333333,0.6666666666666667
i-Mask Advance Squash Club L4,Cornwall Street Squash Centre,0.6666666666666666,0.25,0.41666666666666663
Hong Kong Cricket Club L4,Hong Kong Cricket Club,2.1666666666666665,2.0,0.16666666666666652
JESSICA L4,HK Squash Centre,2.5,2.6666666666666665,-0.16666666666666652
Hong Kong Football Club JSA,Hong Kong Football Club,2.0,2.3333333333333335,-0.3333333333333335
