Team,Rubber 1 Win %,Rubber 2 Win %,Rubber 3 Win %,Rubber 4 Win %,Rubber 5 Win %,avg_win_perc,Total Rubbers
X-Alpha 1,100.0,100.0,60.0,100.0,100.0,92.0,23
Kowloon Cricket Club 4,42.857142857142854,57.14285714285714,85.71428571428571,71.42857142857143,85.71428571428571,68.57142857142858,35
Hong Kong Football Club 4A,16.666666666666664,66.66666666666666,83.33333333333334,66.66666666666666,83.33333333333334,63.33333333333333,30
Hong Kong Football Club 4B,42.857142857142854,71.42857142857143,42.857142857142854,85.71428571428571,66.66666666666666,61.904761904761905,34
United Services Recreation Club 1,77.77777777777779,55.55555555555556,44.44444444444444,44.44444444444444,22.22222222222222,48.88888888888889,45
NEXUS 2,83.33333333333334,50.0,33.33333333333333,33.33333333333333,0.0,40.0,28
Hong Kong Cricket Club 3,25.0,50.0,37.5,25.0,50.0,37.5,38
Sha Tin 2,0.0,0.0,0.0,14.285714285714285,50.0,12.857142857142856,37
