Team,Rubber 1 Win %,Rubber 2 Win %,Rubber 3 Win %,Rubber 4 Win %,Rubber 5 Win %,avg_win_perc,Total Rubbers
X-Alpha 3,100.0,100.0,100.0,50.0,100.0,90.0,13
Hong Kong Football Club 7A,42.857142857142854,66.66666666666666,57.14285714285714,42.857142857142854,85.71428571428571,59.04761904761905,34
UST,75.0,75.0,25.0,25.0,75.0,55.0,20
Vitality Squash 1,16.666666666666664,66.66666666666666,50.0,25.0,100.0,51.666666666666664,25
Hong Kong Cricket Club 5,28.57142857142857,57.14285714285714,71.42857142857143,50.0,50.0,51.42857142857142,33
The Best Group 1,50.0,75.0,25.0,25.0,66.66666666666666,48.33333333333333,19
Kinetic 1,80.0,20.0,20.0,20.0,80.0,44.0,25
