Team,Rubber 1 Win %,Rubber 2 Win %,Rubber 3 Win %,Rubber 4 Win %,Rubber 5 Win %,avg_win_perc
North District Sports Association 3,37.5,0.0,46.42857142857143,-5.357142857142861,23.809523809523803,20.476190476190467
Electrify Squash Div 14,9.722222222222221,9.722222222222221,17.85714285714286,-8.57142857142857,41.66666666666667,14.079365079365086
Kowloon Cricket Club 14,4.761904761904773,-17.85714285714286,-29.16666666666667,42.85714285714286,45.714285714285715,9.261904761904766
Ladies Recreation Club Div 14,-22.22222222222223,-16.666666666666657,20.833333333333343,45.714285714285715,10.0,7.531746031746032
X-Alpha 6,-20.83333333333333,-17.142857142857146,0.0,25.0,50.0,7.404761904761909
8 Virtues + 1,-32.14285714285714,0.0,30.0,6.666666666666657,-40.0,-7.095238095238095
Hong Kong Football Club 14A,-12.5,-9.523809523809518,23.80952380952381,-7.142857142857146,-41.66666666666667,-9.404761904761905
Hong Kong Football Club 14B,11.904761904761912,-9.523809523809526,10.0,-66.66666666666667,0.0,-10.857142857142854
