Team,Rubber 1 Win %,Rubber 2 Win %,Rubber 3 Win %,Rubber 4 Win %,Rubber 5 Win %,avg_win_perc
NEXUS 2,0.0,16.66666666666667,33.33333333333333,33.33333333333333,0.0,16.666666666666664
Hong Kong Football Club 4B,16.66666666666667,58.333333333333336,-33.33333333333334,27.5,-2.857142857142861,13.261904761904752
X-Alpha 1,0.0,0.0,2.857142857142861,14.285714285714292,42.85714285714286,12.0
Kowloon Cricket Club 4,-7.142857142857146,7.142857142857139,25.714285714285708,11.42857142857143,15.714285714285708,10.571428571428584
Hong Kong Cricket Club 3,2.7777777777777786,38.888888888888886,-6.944444444444443,-8.333333333333329,25.0,10.277777777777782
Hong Kong Football Club 4A,-20.833333333333336,-8.333333333333343,33.33333333333334,4.166666666666657,16.666666666666686,5.0
United Services Recreation Club 1,2.7777777777777857,5.555555555555557,-30.555555555555557,15.873015873015873,5.555555555555557,-0.15873015873015106
Sha Tin 2,0.0,0.0,-33.33333333333333,-19.047619047619044,0.0,-10.476190476190476
