Team,Rubber 1 Win %,Rubber 2 Win %,Rubber 3 Win %,Rubber 4 Win %,avg_win_perc
Hong Kong Cricket Club M2A,50.0,16.66666666666667,-33.33333333333333,23.333333333333336,14.166666666666664
Hong Kong Football Club M2B,55.55555555555556,2.2222222222222143,-35.0,20.0,10.694444444444443
Hong Kong Football Club M2A,-11.904761904761912,23.80952380952381,3.333333333333343,-16.666666666666657,-0.3571428571428612
Hong Kong Cricket Club M2B,-2.5,2.5,15.0,-19.047619047619044,-1.0119047619047592
Ladies Recreation Club M2A,5.714285714285708,-11.42857142857143,-5.714285714285715,-6.666666666666671,-4.523809523809533
Ladies Recreation Club M2B,-14.285714285714285,-22.857142857142854,33.33333333333333,-25.0,-7.2023809523809526
