Team Name,Home,Average Home Score,Average Away Score,home_away_diff
North District Sports Association 3,Cornwall Street Squash Centre,3.5714285714285716,2.375,1.1964285714285716
Electrify Squash Div 14,HK Squash Centre,2.625,1.7142857142857142,0.9107142857142858
Kowloon Cricket Club 14,Kowloon Cricket Club,3.6666666666666665,3.111111111111111,0.5555555555555554
X-Alpha 6,Cornwall Street Squash Centre,0.75,0.5,0.25
Hong Kong Football Club 14A,Hong Kong Football Club,2.5714285714285716,2.3333333333333335,0.23809523809523814
Ladies Recreation Club Div 14,Ladies Recreation Club,4.0,3.857142857142857,0.1428571428571428
Hong Kong Football Club 14B,Hong Kong Football Club,2.3333333333333335,2.7142857142857144,-0.38095238095238093
8 Virtues + 1,Java Road Sports Centre,1.5714285714285714,2.0,-0.4285714285714286
