Team,Rubber 1 Win %,Rubber 2 Win %,Rubber 3 Win %,Rubber 4 Win %,Rubber 5 Win %,avg_win_perc,Total Rubbers
Kowloon Cricket Club 5,100.0,87.5,87.5,85.71428571428571,100.0,92.14285714285714,37
ERROR,100.0,66.66666666666666,100.0,66.66666666666666,100.0,86.66666666666666,14
Hong Kong Football Club 5,42.857142857142854,57.14285714285714,57.14285714285714,80.0,33.33333333333333,54.095238095238095,29
Physical Chess 1,0.0,50.0,50.0,50.0,100.0,50.0,10
United Services Recreation Club 2,60.0,40.0,60.0,40.0,25.0,45.0,24
Sha Tin 2,0.0,0.0,50.0,100.0,50.0,40.0,10
Squashathon,66.66666666666666,33.33333333333333,33.33333333333333,0.0,66.66666666666666,39.99999999999999,15
NEXUS 2,0.0,50.0,100.0,0.0,0.0,30.0,8
Happy Squash 2,33.33333333333333,0.0,66.66666666666666,0.0,0.0,19.999999999999996,9
