Team,Rubber 1 Win %,Rubber 2 Win %,Rubber 3 Win %,Rubber 4 Win %,avg_win_perc,Total Rubbers
Kowloon Cricket Club 2,86.66666666666667,86.66666666666667,80.0,71.42857142857143,81.19047619047619,59
Hong Kong Football Club 2A,85.71428571428571,78.57142857142857,64.28571428571429,35.714285714285715,66.07142857142857,56
Hong Kong Football Club 2B,20.0,40.0,66.66666666666666,73.33333333333333,50.0,60
Hong Kong Cricket Club 2,42.857142857142854,35.714285714285715,14.285714285714285,28.57142857142857,30.357142857142858,56
Young Player 2,14.285714285714285,7.142857142857142,21.428571428571427,38.46153846153847,20.32967032967033,55
