Team,Rubber 1 Win %,Rubber 2 Win %,Rubber 3 Win %,Rubber 4 Win %,avg_win_perc,Total Rubbers
Kowloon Cricket Club 2,92.85714285714286,85.71428571428571,78.57142857142857,69.23076923076923,81.59340659340658,55
Hong Kong Football Club 2A,84.61538461538461,84.61538461538461,69.23076923076923,38.46153846153847,69.23076923076923,52
Hong Kong Football Club 2B,20.0,40.0,66.66666666666666,73.33333333333333,50.0,60
Hong Kong Cricket Club 2,42.857142857142854,35.714285714285715,14.285714285714285,28.57142857142857,30.357142857142858,56
Young Player 2,14.285714285714285,7.142857142857142,21.428571428571427,38.46153846153847,20.32967032967033,55
