Team,Rubber 1 Win %,Rubber 2 Win %,Rubber 3 Win %,Rubber 4 Win %,Rubber 5 Win %,avg_win_perc,Total Rubbers
Kowloon Cricket Club 3A,62.5,53.333333333333336,86.66666666666667,73.33333333333333,83.33333333333334,71.83333333333333,73
Young Player 3,56.25,75.0,43.75,81.25,78.57142857142857,66.96428571428571,78
Hong Kong Football Club 3A,56.25,62.5,75.0,86.66666666666667,50.0,66.08333333333334,77
Happy Squash 1,87.5,87.5,25.0,33.33333333333333,75.0,61.666666666666664,75
Kowloon Cricket Club 3B,31.25,56.25,68.75,62.5,64.28571428571429,56.607142857142854,78
NEXUS 1,68.75,31.25,31.25,35.714285714285715,27.27272727272727,38.8474025974026,73
TNGX,31.25,12.5,68.75,26.666666666666668,28.57142857142857,33.54761904761905,77
Sha Tin 1,50.0,33.33333333333333,20.0,21.428571428571427,8.333333333333332,26.61904761904762,72
Hong Kong Football Club 3B,6.25,37.5,31.25,21.428571428571427,27.27272727272727,24.740259740259738,73
