Team,Rubber 1 Win %,Rubber 2 Win %,Rubber 3 Win %,Rubber 4 Win %,avg_win_perc,Total Rubbers
Hong Kong Football Club M2B,55.55555555555556,83.33333333333334,62.5,84.61538461538461,71.50106837606839,65
Hong Kong Football Club M2A,81.25,37.5,71.42857142857143,76.92307692307693,66.77541208791209,59
Hong Kong Cricket Club M2B,29.411764705882355,61.111111111111114,64.70588235294117,28.57142857142857,45.950046685340794,66
Hong Kong Cricket Club M2A,37.5,47.05882352941176,52.94117647058824,33.33333333333333,42.70833333333333,65
Ladies Recreation Club M2A,83.33333333333334,33.33333333333333,17.647058823529413,36.36363636363637,42.66934046345811,64
Ladies Recreation Club M2B,11.76470588235294,35.294117647058826,30.76923076923077,37.5,28.832013574660635,55
