Team,Rubber 1 Win %,Rubber 2 Win %,Rubber 3 Win %,Rubber 4 Win %,Rubber 5 Win %,avg_win_perc,Total Rubbers
Hong Kong Cricket Club M2,100.0,66.66666666666666,100.0,100.0,66.66666666666666,86.66666666666666,15
Hong Kong Football Club M2A,0.0,100.0,100.0,100.0,100.0,80.0,5
Hong Kong Football Club M2B,66.66666666666666,33.33333333333333,66.66666666666666,33.33333333333333,100.0,59.999999999999986,15
Ladies Recreation Club M2,66.66666666666666,66.66666666666666,66.66666666666666,33.33333333333333,33.33333333333333,53.33333333333333,15
United Services Recreation Club M2,25.0,50.0,25.0,0.0,33.33333333333333,26.666666666666664,19
