Team,Rubber 1 Win %,Rubber 2 Win %,Rubber 3 Win %,Rubber 4 Win %,Rubber 5 Win %,avg_win_perc
Kowloon Cricket Club 4,0.0,12.5,27.5,15.0,17.5,14.5
NEXUS 2,-11.904761904761912,9.523809523809526,28.57142857142857,28.57142857142857,0.0,10.952380952380942
Hong Kong Football Club 4B,7.142857142857146,46.42857142857143,-35.71428571428571,20.833333333333343,-9.523809523809518,5.833333333333336
Hong Kong Cricket Club 3,0.0,33.33333333333333,-11.111111111111114,-11.111111111111107,17.857142857142854,5.793650793650794
Hong Kong Football Club 4A,-16.666666666666664,-11.111111111111128,38.8888888888889,0.0,11.904761904761912,4.603174603174608
X-Alpha 1,0.0,-16.666666666666657,9.523809523809518,-5.714285714285708,22.85714285714286,2.0
Sha Tin 2,0.0,0.0,-25.0,-10.714285714285715,16.66666666666667,-3.8095238095238084
United Services Recreation Club 1,0.0,0.0,-33.33333333333334,6.944444444444443,5.555555555555557,-4.166666666666671
