Team,Rubber 1 Win %,Rubber 2 Win %,Rubber 3 Win %,Rubber 4 Win %,Rubber 5 Win %,avg_win_perc,Total Rubbers
X-Alpha 1,66.66666666666666,100.0,66.66666666666666,100.0,100.0,86.66666666666666,12
Hong Kong Football Club 3A,33.33333333333333,0.0,100.0,66.66666666666666,66.66666666666666,53.33333333333333,15
Happy Squash 1,66.66666666666666,100.0,33.33333333333333,0.0,50.0,50.0,14
NEXUS 1,66.66666666666666,100.0,33.33333333333333,33.33333333333333,0.0,46.666666666666664,15
United Services Recreation Club 1,0.0,33.33333333333333,50.0,50.0,100.0,46.666666666666664,11
Hong Kong Football Club 3B,66.66666666666666,0.0,33.33333333333333,66.66666666666666,50.0,43.33333333333333,14
Kowloon Cricket Club 3B,33.33333333333333,66.66666666666666,50.0,0.0,50.0,40.0,12
Kowloon Cricket Club 3A,50.0,0.0,0.0,50.0,50.0,30.0,10
