Team,Rubber 1 Win %,Rubber 2 Win %,Rubber 3 Win %,Rubber 4 Win %,Rubber 5 Win %,avg_win_perc,Total Rubbers
Kowloon Cricket Club 5,66.66666666666666,100.0,66.66666666666666,100.0,50.0,76.66666666666666,13
Happy Squash 2,100.0,66.66666666666666,0.0,33.33333333333333,100.0,60.0,14
Physical Chess 1,50.0,50.0,50.0,100.0,0.0,50.0,10
Hong Kong Football Club 5,0.0,66.66666666666666,33.33333333333333,66.66666666666666,50.0,43.33333333333333,14
United Services Recreation Club 2,75.0,66.66666666666666,33.33333333333333,0.0,33.33333333333333,41.666666666666664,16
NEXUS 2,0.0,0.0,0.0,0.0,0.0,0.0,3
Sha Tin 2,0.0,0.0,0.0,0.0,0.0,0.0,5
