Team,Rubber 1 Win %,Rubber 2 Win %,Rubber 3 Win %,avg_win_perc,Total Rubbers
Kowloon Cricket Club L1A,66.66666666666666,66.66666666666666,100.0,77.77777777777777,8
Hong Kong Football Club L1,50.0,0.0,50.0,33.333333333333336,6
JESSICA L1,66.66666666666666,0.0,0.0,22.222222222222218,9
Kowloon Cricket Club L1B,0.0,0.0,50.0,16.666666666666668,6
Hong Kong Cricket Club L1,50.0,0.0,0.0,16.666666666666668,10
