Team,Rubber 1 Win %,Rubber 2 Win %,Rubber 3 Win %,Rubber 4 Win %,Rubber 5 Win %,avg_win_perc,Total Rubbers
FC 3,50.0,57.14285714285714,92.85714285714286,92.85714285714286,92.3076923076923,77.03296703296704,69
Hong Kong Football Club 10A,71.42857142857143,78.57142857142857,71.42857142857143,71.42857142857143,75.0,73.57142857142858,68
Kowloon Cricket Club 10,80.0,80.0,60.0,53.333333333333336,53.333333333333336,65.33333333333333,75
Social Squash Team,57.14285714285714,42.857142857142854,71.42857142857143,57.14285714285714,42.857142857142854,54.28571428571429,70
Twister 2,35.714285714285715,42.857142857142854,28.57142857142857,50.0,69.23076923076923,45.27472527472527,69
Hong Kong Football Club 10B,38.46153846153847,46.15384615384615,53.84615384615385,38.46153846153847,30.76923076923077,41.53846153846153,65
HKU,53.333333333333336,40.0,26.666666666666668,33.33333333333333,15.384615384615385,33.743589743589745,73
The Best Group,35.714285714285715,35.714285714285715,14.285714285714285,28.57142857142857,35.714285714285715,30.0,70
The Hong Kong Jockey Club Div 10,23.076923076923077,23.076923076923077,30.76923076923077,23.076923076923077,38.46153846153847,27.69230769230769,65
