Team,Rubber 1 Win %,Rubber 2 Win %,Rubber 3 Win %,Rubber 4 Win %,Rubber 5 Win %,avg_win_perc,Total Rubbers
FC 3,58.333333333333336,66.66666666666666,91.66666666666666,91.66666666666666,90.9090909090909,79.84848484848484,59
Hong Kong Football Club 10A,66.66666666666666,83.33333333333334,66.66666666666666,66.66666666666666,70.0,70.66666666666666,58
Kowloon Cricket Club 10,76.92307692307693,76.92307692307693,69.23076923076923,61.53846153846154,53.84615384615385,67.69230769230771,65
Social Squash Team,50.0,33.33333333333333,75.0,58.333333333333336,41.66666666666667,51.666666666666664,60
Hong Kong Football Club 10B,41.66666666666667,50.0,50.0,33.33333333333333,33.33333333333333,41.666666666666664,60
HKU,61.53846153846154,38.46153846153847,30.76923076923077,38.46153846153847,18.181818181818183,37.48251748251748,63
Twister 2,25.0,33.33333333333333,16.666666666666664,41.66666666666667,63.63636363636363,36.06060606060606,59
The Hong Kong Jockey Club Div 10,27.27272727272727,27.27272727272727,36.36363636363637,27.27272727272727,45.45454545454545,32.72727272727273,55
The Best Group,38.46153846153847,38.46153846153847,15.384615384615385,30.76923076923077,38.46153846153847,32.30769230769231,65
