Team,Rubber 1 Win %,Rubber 2 Win %,Rubber 3 Win %,Rubber 4 Win %,Rubber 5 Win %,avg_win_perc,Total Rubbers
FC 3,63.63636363636363,63.63636363636363,90.9090909090909,90.9090909090909,90.0,79.81818181818183,54
Hong Kong Football Club 10A,66.66666666666666,83.33333333333334,66.66666666666666,66.66666666666666,70.0,70.66666666666666,58
Kowloon Cricket Club 10,75.0,75.0,66.66666666666666,66.66666666666666,58.333333333333336,68.33333333333333,60
Social Squash Team,54.54545454545454,27.27272727272727,72.72727272727273,54.54545454545454,36.36363636363637,49.09090909090909,55
Hong Kong Football Club 10B,36.36363636363637,54.54545454545454,54.54545454545454,36.36363636363637,36.36363636363637,43.63636363636364,55
HKU,58.333333333333336,41.66666666666667,33.33333333333333,41.66666666666667,20.0,39.0,58
Twister 2,27.27272727272727,36.36363636363637,18.181818181818183,36.36363636363637,60.0,35.63636363636364,54
The Hong Kong Jockey Club Div 10,30.0,30.0,40.0,20.0,40.0,32.0,50
The Best Group,33.33333333333333,33.33333333333333,8.333333333333332,33.33333333333333,41.66666666666667,30.0,60
