Team,Rubber 1 Win %,Rubber 2 Win %,Rubber 3 Win %,Rubber 4 Win %,Rubber 5 Win %,avg_win_perc,Total Rubbers
FC 3,60.0,60.0,100.0,90.0,88.88888888888889,79.77777777777779,49
Hong Kong Football Club 10A,60.0,80.0,60.0,70.0,66.66666666666666,67.33333333333333,49
Kowloon Cricket Club 10,70.0,70.0,60.0,60.0,50.0,62.0,50
Social Squash Team,66.66666666666666,33.33333333333333,77.77777777777779,55.55555555555556,33.33333333333333,53.33333333333333,45
Hong Kong Football Club 10B,40.0,60.0,50.0,30.0,40.0,44.0,50
HKU,60.0,40.0,40.0,50.0,12.5,40.5,48
Twister 2,30.0,40.0,20.0,40.0,60.0,38.0,50
The Hong Kong Jockey Club Div 10,33.33333333333333,33.33333333333333,33.33333333333333,22.22222222222222,44.44444444444444,33.33333333333333,45
The Best Group,30.0,30.0,10.0,30.0,50.0,30.0,50
