Team,Rubber 1 Win %,Rubber 2 Win %,Rubber 3 Win %,Rubber 4 Win %,Rubber 5 Win %,avg_win_perc,Total Rubbers
Xavier,94.11764705882352,88.23529411764706,94.11764705882352,52.94117647058824,42.857142857142854,74.45378151260503,82
Vitality Squash 1,40.0,50.0,71.42857142857143,92.3076923076923,90.0,68.74725274725276,66
Banbil,56.25,80.0,26.666666666666668,46.666666666666664,76.92307692307693,57.30128205128206,74
Hong Kong Football Club 11,35.294117647058826,58.82352941176471,52.94117647058824,62.5,50.0,51.911764705882355,83
RELAY 1,13.333333333333334,33.33333333333333,53.333333333333336,46.666666666666664,33.33333333333333,36.0,72
TOMCAT,75.0,37.5,31.25,18.75,7.6923076923076925,34.03846153846153,77
Hong Kong Cricket Club 5,31.25,0.0,18.75,37.5,60.0,29.5,74
