Team,Rubber 1 Win %,Rubber 2 Win %,Rubber 3 Win %,Rubber 4 Win %,Rubber 5 Win %,avg_win_perc,Total Rubbers
Xavier,100.0,83.33333333333334,100.0,50.0,40.0,74.66666666666667,58
Vitality Squash 1,33.33333333333333,50.0,66.66666666666666,90.9090909090909,87.5,65.68181818181817,55
Banbil,66.66666666666666,91.66666666666666,25.0,50.0,80.0,62.666666666666664,58
Hong Kong Football Club 11,30.76923076923077,61.53846153846154,61.53846153846154,75.0,58.333333333333336,57.43589743589744,63
TOMCAT,75.0,41.66666666666667,41.66666666666667,16.666666666666664,9.090909090909092,36.81818181818182,59
RELAY 1,8.333333333333332,25.0,50.0,41.66666666666667,27.27272727272727,30.454545454545457,59
Hong Kong Cricket Club 5,38.46153846153847,0.0,7.6923076923076925,30.76923076923077,60.0,27.384615384615387,62
