Team,Rubber 1 Win %,Rubber 2 Win %,Rubber 3 Win %,Rubber 4 Win %,Rubber 5 Win %,avg_win_perc,Total Rubbers
Xavier,100.0,81.81818181818183,100.0,54.54545454545454,44.44444444444444,76.16161616161617,53
Vitality Squash 1,40.0,50.0,60.0,100.0,85.71428571428571,67.14285714285714,46
Banbil,60.0,90.0,30.0,50.0,87.5,63.5,48
Hong Kong Football Club 11,27.27272727272727,54.54545454545454,63.63636363636363,70.0,50.0,53.090909090909086,53
TOMCAT,70.0,40.0,40.0,20.0,11.11111111111111,36.22222222222222,49
RELAY 1,10.0,30.0,50.0,30.0,22.22222222222222,28.444444444444446,49
Hong Kong Cricket Club 5,40.0,0.0,0.0,30.0,62.5,26.5,48
