Team,Rubber 1 Win %,Rubber 2 Win %,Rubber 3 Win %,Rubber 4 Win %,Rubber 5 Win %,avg_win_perc,Total Rubbers
Xavier,92.85714285714286,85.71428571428571,92.85714285714286,42.857142857142854,33.33333333333333,69.52380952380952,68
Vitality Squash 1,38.46153846153847,46.15384615384615,69.23076923076923,91.66666666666666,88.88888888888889,66.88034188034187,60
Banbil,61.53846153846154,84.61538461538461,23.076923076923077,53.84615384615385,81.81818181818183,60.97902097902098,63
Hong Kong Football Club 11,35.714285714285715,64.28571428571429,57.14285714285714,69.23076923076923,53.84615384615385,56.043956043956044,68
TOMCAT,76.92307692307693,46.15384615384615,38.46153846153847,15.384615384615385,9.090909090909092,37.20279720279721,63
RELAY 1,7.6923076923076925,23.076923076923077,53.84615384615385,46.15384615384615,33.33333333333333,32.82051282051282,64
Hong Kong Cricket Club 5,35.714285714285715,0.0,14.285714285714285,35.714285714285715,60.0,29.142857142857146,66
