Team,Rubber 1 Win %,Rubber 2 Win %,Rubber 3 Win %,Rubber 4 Win %,Rubber 5 Win %,avg_win_perc,Total Rubbers
Xavier,100.0,80.0,100.0,50.0,37.5,73.5,48
Vitality Squash 1,33.33333333333333,55.55555555555556,66.66666666666666,100.0,85.71428571428571,68.25396825396825,43
Banbil,55.55555555555556,88.88888888888889,22.22222222222222,44.44444444444444,85.71428571428571,59.365079365079374,43
Hong Kong Football Club 11,30.0,50.0,60.0,70.0,50.0,52.0,50
TOMCAT,77.77777777777779,44.44444444444444,44.44444444444444,22.22222222222222,12.5,40.277777777777786,44
Hong Kong Cricket Club 5,44.44444444444444,0.0,0.0,33.33333333333333,71.42857142857143,29.841269841269842,43
RELAY 1,10.0,30.0,50.0,30.0,22.22222222222222,28.444444444444446,49
