Team,Rubber 1 Win %,Rubber 2 Win %,Rubber 3 Win %,Rubber 4 Win %,Rubber 5 Win %,avg_win_perc,Total Rubbers
i-Mask Advance Squash Club 3,84.61538461538461,61.53846153846154,69.23076923076923,69.23076923076923,45.45454545454545,66.01398601398601,63
Squashathon Zero,92.3076923076923,69.23076923076923,53.84615384615385,50.0,63.63636363636363,65.8041958041958,62
Hong Kong Cricket Club 6,58.333333333333336,91.66666666666666,58.333333333333336,83.33333333333334,27.27272727272727,63.78787878787879,59
Sha Tin Squash Rackets Club 3,38.46153846153847,69.23076923076923,61.53846153846154,46.15384615384615,72.72727272727273,57.62237762237762,63
Studio Pro,54.54545454545454,36.36363636363637,0.0,54.54545454545454,50.0,39.090909090909086,52
MERCURY,0.0,16.666666666666664,58.333333333333336,50.0,66.66666666666666,38.33333333333333,60
Ladies Recreation Club Div 12,27.27272727272727,9.090909090909092,54.54545454545454,22.22222222222222,37.5,30.126262626262626,50
Kinetic 1,36.36363636363637,36.36363636363637,36.36363636363637,10.0,30.0,29.81818181818182,53
