Team,Rubber 1 Win %,Rubber 2 Win %,Rubber 3 Win %,Rubber 4 Win %,Rubber 5 Win %,avg_win_perc,Total Rubbers
Squashathon Zero,87.5,75.0,62.5,53.333333333333336,69.23076923076923,69.51282051282051,76
Hong Kong Cricket Club 6,60.0,93.33333333333333,66.66666666666666,80.0,42.857142857142854,68.57142857142857,74
i-Mask Advance Squash Club 3,87.5,50.0,68.75,75.0,35.714285714285715,63.392857142857146,78
Sha Tin Squash Rackets Club 3,31.25,68.75,56.25,37.5,71.42857142857143,53.03571428571429,78
Kinetic 1,46.666666666666664,40.0,40.0,21.428571428571427,33.33333333333333,36.28571428571428,71
Ladies Recreation Club Div 12,30.76923076923077,15.384615384615385,53.84615384615385,36.36363636363637,40.0,35.27272727272727,60
MERCURY,6.666666666666667,20.0,46.666666666666664,40.0,60.0,34.666666666666664,75
Studio Pro,42.857142857142854,28.57142857142857,0.0,50.0,40.0,32.285714285714285,66
