Team,Rubber 1 Win %,Rubber 2 Win %,Rubber 3 Win %,Rubber 4 Win %,Rubber 5 Win %,avg_win_perc,Total Rubbers
Squashathon Zero,91.66666666666666,66.66666666666666,50.0,54.54545454545454,70.0,66.57575757575758,57
Hong Kong Cricket Club 6,60.0,100.0,60.0,90.0,22.22222222222222,66.44444444444444,49
i-Mask Advance Squash Club 3,90.9090909090909,54.54545454545454,63.63636363636363,72.72727272727273,33.33333333333333,63.030303030303024,53
Sha Tin Squash Rackets Club 3,41.66666666666667,66.66666666666666,58.333333333333336,41.66666666666667,72.72727272727273,56.21212121212121,59
Studio Pro,44.44444444444444,44.44444444444444,0.0,66.66666666666666,57.14285714285714,42.53968253968254,43
MERCURY,0.0,18.181818181818183,63.63636363636363,45.45454545454545,63.63636363636363,38.18181818181818,55
Ladies Recreation Club Div 12,30.0,10.0,60.0,12.5,42.857142857142854,31.071428571428573,45
Kinetic 1,36.36363636363637,36.36363636363637,36.36363636363637,10.0,30.0,29.81818181818182,53
