Team,Rubber 1 Win %,Rubber 2 Win %,Rubber 3 Win %,Rubber 4 Win %,Rubber 5 Win %,avg_win_perc,Total Rubbers
Hong Kong Cricket Club 6,66.66666666666666,88.88888888888889,72.22222222222221,83.33333333333334,52.94117647058824,72.81045751633987,89
Squashathon Zero,89.47368421052632,73.68421052631578,68.42105263157895,55.55555555555556,75.0,72.42690058479532,91
i-Mask Advance Squash Club 3,84.21052631578947,52.63157894736842,68.42105263157895,78.94736842105263,41.17647058823529,65.07739938080496,93
Sha Tin Squash Rackets Club 3,26.31578947368421,63.1578947368421,52.63157894736842,33.33333333333333,62.5,47.58771929824561,91
Ladies Recreation Club Div 12,31.25,31.25,56.25,35.714285714285715,46.15384615384615,40.12362637362638,75
MERCURY,11.11111111111111,22.22222222222222,44.44444444444444,41.17647058823529,58.82352941176471,35.55555555555556,88
Kinetic 1,44.44444444444444,33.33333333333333,33.33333333333333,23.52941176470588,26.666666666666668,32.261437908496724,86
Studio Pro,41.17647058823529,29.411764705882355,0.0,41.17647058823529,30.76923076923077,28.50678733031674,81
