Team,Rubber 1 Win %,Rubber 2 Win %,Rubber 3 Win %,Rubber 4 Win %,Rubber 5 Win %,avg_win_perc,Total Rubbers
Hong Kong Cricket Club 6,68.42105263157895,89.47368421052632,73.68421052631578,84.21052631578947,50.0,73.15789473684211,94
Squashathon Zero,85.0,70.0,65.0,52.63157894736842,76.47058823529412,69.82043343653251,96
i-Mask Advance Squash Club 3,85.0,50.0,70.0,75.0,44.44444444444444,64.88888888888889,98
Sha Tin Squash Rackets Club 3,30.0,65.0,55.00000000000001,31.57894736842105,62.5,48.815789473684205,95
Ladies Recreation Club Div 12,29.411764705882355,35.294117647058826,52.94117647058824,40.0,42.857142857142854,40.10084033613445,80
MERCURY,10.526315789473683,21.052631578947366,47.368421052631575,44.44444444444444,61.111111111111114,36.90058479532164,93
Kinetic 1,47.368421052631575,36.84210526315789,31.57894736842105,22.22222222222222,25.0,32.60233918128655,91
Studio Pro,38.88888888888889,27.77777777777778,0.0,44.44444444444444,30.76923076923077,28.37606837606838,85
