Team,Rubber 1 Win %,Rubber 2 Win %,Rubber 3 Win %,Rubber 4 Win %,Rubber 5 Win %,avg_win_perc,Total Rubbers
YLJR 2,87.5,87.5,100.0,66.66666666666666,63.63636363636363,81.06060606060605,74
TNG 1,66.66666666666666,55.55555555555556,70.58823529411765,75.0,81.81818181818183,69.92572786690434,80
Physical Chess 3,56.25,62.5,25.0,81.25,84.61538461538461,61.92307692307693,77
Smart Squash 1,66.66666666666666,80.0,71.42857142857143,42.857142857142854,30.0,58.19047619047618,68
JAVA,46.15384615384615,23.076923076923077,46.15384615384615,23.076923076923077,30.0,33.69230769230769,62
Friend Club 4,20.0,20.0,20.0,21.428571428571427,10.0,18.285714285714285,69
i-Mask Advance Squash Club 4,0.0,13.333333333333334,13.333333333333334,25.0,33.33333333333333,17.0,66
