Team,Rubber 1 Win %,Rubber 2 Win %,Rubber 3 Win %,Rubber 4 Win %,Rubber 5 Win %,avg_win_perc,Total Rubbers
YLJR 2,83.33333333333334,91.66666666666666,100.0,66.66666666666666,55.55555555555556,79.44444444444443,57
TNG 1,58.333333333333336,58.333333333333336,72.72727272727273,80.0,100.0,73.87878787878788,52
Physical Chess 3,58.333333333333336,58.333333333333336,33.33333333333333,75.0,90.0,63.0,58
Smart Squash 1,81.81818181818183,81.81818181818183,70.0,50.0,28.57142857142857,62.441558441558435,49
JAVA,40.0,20.0,40.0,20.0,28.57142857142857,29.71428571428571,47
i-Mask Advance Squash Club 4,0.0,18.181818181818183,18.181818181818183,30.0,28.57142857142857,18.98701298701299,50
Friend Club 4,20.0,10.0,10.0,20.0,0.0,12.0,47
