Team,Rubber 1 Win %,Rubber 2 Win %,Rubber 3 Win %,Rubber 4 Win %,Rubber 5 Win %,avg_win_perc,Total Rubbers
YLJR 2,87.5,87.5,100.0,66.66666666666666,63.63636363636363,81.06060606060605,74
TNG 1,64.70588235294117,58.82352941176471,68.75,80.0,81.81818181818183,70.81951871657753,76
Physical Chess 3,60.0,60.0,26.666666666666668,80.0,84.61538461538461,62.256410256410255,73
Smart Squash 1,66.66666666666666,80.0,71.42857142857143,42.857142857142854,30.0,58.19047619047618,68
JAVA,46.15384615384615,23.076923076923077,46.15384615384615,23.076923076923077,30.0,33.69230769230769,62
i-Mask Advance Squash Club 4,0.0,14.285714285714285,14.285714285714285,25.0,33.33333333333333,17.38095238095238,63
Friend Club 4,14.285714285714285,14.285714285714285,14.285714285714285,21.428571428571427,10.0,14.857142857142856,66
