Team,Rubber 1 Win %,Rubber 2 Win %,Rubber 3 Win %,Rubber 4 Win %,Rubber 5 Win %,avg_win_perc,Total Rubbers
YLJR 2,85.71428571428571,85.71428571428571,100.0,64.28571428571429,63.63636363636363,79.87012987012987,67
TNG 1,64.28571428571429,64.28571428571429,76.92307692307693,83.33333333333334,100.0,77.76556776556777,62
Physical Chess 3,53.84615384615385,61.53846153846154,30.76923076923077,76.92307692307693,81.81818181818183,60.97902097902098,63
Smart Squash 1,76.92307692307693,76.92307692307693,66.66666666666666,50.0,25.0,59.10256410256411,58
JAVA,36.36363636363637,18.181818181818183,36.36363636363637,18.181818181818183,25.0,26.81818181818182,52
i-Mask Advance Squash Club 4,0.0,16.666666666666664,16.666666666666664,27.27272727272727,25.0,17.121212121212118,55
Friend Club 4,18.181818181818183,9.090909090909092,9.090909090909092,18.181818181818183,0.0,10.90909090909091,51
