Team,Rubber 1 Win %,Rubber 2 Win %,Rubber 3 Win %,Rubber 4 Win %,Rubber 5 Win %,avg_win_perc,Total Rubbers
YLJR 2,81.81818181818183,90.9090909090909,100.0,63.63636363636363,50.0,77.27272727272728,52
TNG 1,58.333333333333336,58.333333333333336,72.72727272727273,80.0,100.0,73.87878787878788,52
Physical Chess 3,54.54545454545454,63.63636363636363,36.36363636363637,72.72727272727273,88.88888888888889,63.23232323232323,53
Smart Squash 1,80.0,80.0,66.66666666666666,44.44444444444444,28.57142857142857,59.93650793650793,45
JAVA,44.44444444444444,11.11111111111111,33.33333333333333,22.22222222222222,33.33333333333333,28.888888888888893,42
i-Mask Advance Squash Club 4,0.0,20.0,20.0,33.33333333333333,28.57142857142857,20.38095238095238,46
Friend Club 4,22.22222222222222,11.11111111111111,11.11111111111111,22.22222222222222,0.0,13.333333333333332,42
