Team,Rubber 1 Win %,Rubber 2 Win %,Rubber 3 Win %,Rubber 4 Win %,Rubber 5 Win %,avg_win_perc,Total Rubbers
YLJR 2,81.81818181818183,90.9090909090909,100.0,63.63636363636363,50.0,77.27272727272728,52
TNG 1,54.54545454545454,63.63636363636363,70.0,77.77777777777779,100.0,73.1919191919192,47
Physical Chess 3,60.0,60.0,40.0,80.0,100.0,68.0,48
Smart Squash 1,77.77777777777779,77.77777777777779,62.5,37.5,16.666666666666664,54.44444444444444,40
JAVA,50.0,12.5,37.5,25.0,40.0,33.0,37
i-Mask Advance Squash Club 4,0.0,20.0,20.0,33.33333333333333,28.57142857142857,20.38095238095238,46
Friend Club 4,22.22222222222222,11.11111111111111,11.11111111111111,22.22222222222222,0.0,13.333333333333332,42
