Team,Rubber 1 Win %,Rubber 2 Win %,Rubber 3 Win %,Rubber 4 Win %,Rubber 5 Win %,avg_win_perc,Total Rubbers
TNG 1,60.0,70.0,70.0,77.77777777777779,100.0,75.55555555555556,45
YLJR 2,80.0,90.0,100.0,60.0,42.857142857142854,74.57142857142857,47
Physical Chess 3,66.66666666666666,66.66666666666666,44.44444444444444,77.77777777777779,100.0,71.11111111111111,43
Smart Squash 1,71.42857142857143,71.42857142857143,57.14285714285714,42.857142857142854,20.0,52.57142857142858,33
JAVA,50.0,12.5,37.5,25.0,40.0,33.0,37
i-Mask Advance Squash Club 4,0.0,22.22222222222222,22.22222222222222,37.5,33.33333333333333,23.055555555555554,41
Friend Club 4,22.22222222222222,11.11111111111111,11.11111111111111,22.22222222222222,0.0,13.333333333333332,42
