Team,Rubber 1 Win %,Rubber 2 Win %,Rubber 3 Win %,Rubber 4 Win %,Rubber 5 Win %,avg_win_perc,Total Rubbers
YLJR 2,85.71428571428571,85.71428571428571,100.0,64.28571428571429,63.63636363636363,79.87012987012987,67
TNG 1,64.28571428571429,64.28571428571429,76.92307692307693,83.33333333333334,100.0,77.76556776556777,62
Physical Chess 3,57.14285714285714,64.28571428571429,28.57142857142857,78.57142857142857,83.33333333333334,62.38095238095239,68
Smart Squash 1,76.92307692307693,76.92307692307693,66.66666666666666,50.0,25.0,59.10256410256411,58
JAVA,41.66666666666667,25.0,41.66666666666667,25.0,22.22222222222222,31.111111111111114,57
i-Mask Advance Squash Club 4,0.0,15.384615384615385,15.384615384615385,25.0,33.33333333333333,17.82051282051282,60
Friend Club 4,16.666666666666664,8.333333333333332,16.666666666666664,16.666666666666664,0.0,11.666666666666664,56
