Team,Rubber 1 Win %,Rubber 2 Win %,Rubber 3 Win %,Rubber 4 Win %,Rubber 5 Win %,avg_win_perc,Total Rubbers
Greenfield,75.0,83.33333333333334,83.33333333333334,75.0,36.36363636363637,70.60606060606061,59
Kinetic 2,91.66666666666666,50.0,36.36363636363637,90.0,44.44444444444444,62.494949494949495,54
Kowloon Cricket Club 13,54.54545454545454,90.9090909090909,54.54545454545454,54.54545454545454,40.0,58.9090909090909,54
Hong Kong Football Club 13,72.72727272727273,36.36363636363637,40.0,50.0,90.0,57.81818181818183,52
Friend Club 5,18.181818181818183,54.54545454545454,63.63636363636363,66.66666666666666,77.77777777777779,56.16161616161615,51
i-Mask Advance Squash Club 5,36.36363636363637,27.27272727272727,27.27272727272727,36.36363636363637,55.55555555555556,36.56565656565657,53
ATM,70.0,40.0,33.33333333333333,28.57142857142857,0.0,34.38095238095237,37
BOSS,0.0,36.36363636363637,70.0,20.0,37.5,32.77272727272727,50
Centre Squash,27.27272727272727,27.27272727272727,28.57142857142857,0.0,0.0,16.623376623376622,40
