Team,Rubber 1 Win %,Rubber 2 Win %,Rubber 3 Win %,Rubber 4 Win %,Rubber 5 Win %,avg_win_perc,Total Rubbers
Greenfield,71.42857142857143,85.71428571428571,85.71428571428571,71.42857142857143,30.76923076923077,69.01098901098901,69
Kinetic 2,80.0,53.333333333333336,35.714285714285715,91.66666666666666,54.54545454545454,63.05194805194806,67
Hong Kong Football Club 13,76.92307692307693,38.46153846153847,50.0,58.333333333333336,83.33333333333334,61.41025641025642,62
Kowloon Cricket Club 13,53.84615384615385,84.61538461538461,53.84615384615385,53.84615384615385,45.45454545454545,58.32167832167831,63
Friend Club 5,21.428571428571427,50.0,64.28571428571429,58.333333333333336,80.0,54.80952380952381,64
ATM,75.0,50.0,36.36363636363637,37.5,0.0,39.77272727272727,44
i-Mask Advance Squash Club 5,38.46153846153847,30.76923076923077,23.076923076923077,30.76923076923077,54.54545454545454,35.52447552447553,63
BOSS,0.0,28.57142857142857,61.53846153846154,15.384615384615385,30.0,27.0989010989011,64
Centre Squash,33.33333333333333,25.0,25.0,14.285714285714285,0.0,19.523809523809526,44
