Team,Rubber 1 Win %,Rubber 2 Win %,Rubber 3 Win %,Rubber 4 Win %,Rubber 5 Win %,avg_win_perc,Total Rubbers
North District Sports Association 1,36.84210526315789,42.10526315789473,73.68421052631578,89.47368421052632,76.47058823529412,63.715170278637764,93
HKPF Squash Team,94.73684210526315,89.47368421052632,42.10526315789473,42.10526315789473,38.88888888888889,61.46198830409357,94
Sha Tin Squash Rackets Club 4,52.63157894736842,42.10526315789473,63.1578947368421,63.1578947368421,77.77777777777779,59.76608187134504,94
Alpha CUHK,78.94736842105263,21.052631578947366,68.42105263157895,52.63157894736842,52.63157894736842,54.73684210526316,95
Craigengower Cricket Club,57.89473684210527,47.368421052631575,68.42105263157895,42.10526315789473,42.10526315789473,51.578947368421055,95
Star River 1,36.84210526315789,63.1578947368421,36.84210526315789,52.63157894736842,42.10526315789473,46.315789473684205,95
Sea Bear,31.57894736842105,52.63157894736842,26.31578947368421,52.63157894736842,50.0,42.63157894736842,94
Hong Kong Racketlon Association 2,10.526315789473683,42.10526315789473,21.052631578947366,5.263157894736842,18.75,19.539473684210524,92
