Team,Rubber 1 Win %,Rubber 2 Win %,Rubber 3 Win %,Rubber 4 Win %,Rubber 5 Win %,avg_win_perc,Total Rubbers
North District Sports Association 1,38.46153846153847,53.84615384615385,76.92307692307693,92.3076923076923,83.33333333333334,68.97435897435898,64
HKPF Squash Team,92.3076923076923,84.61538461538461,46.15384615384615,46.15384615384615,41.66666666666667,62.17948717948718,64
Sha Tin Squash Rackets Club 4,50.0,41.66666666666667,50.0,66.66666666666666,81.81818181818183,58.03030303030304,59
Craigengower Cricket Club,66.66666666666666,50.0,83.33333333333334,50.0,33.33333333333333,56.666666666666664,60
Alpha CUHK,84.61538461538461,23.076923076923077,53.84615384615385,46.15384615384615,53.84615384615385,52.30769230769231,65
Star River 1,38.46153846153847,76.92307692307693,30.76923076923077,46.15384615384615,46.15384615384615,47.69230769230769,65
Sea Bear,30.76923076923077,46.15384615384615,38.46153846153847,46.15384615384615,46.15384615384615,41.53846153846154,65
Hong Kong Racketlon Association 2,0.0,23.076923076923077,23.076923076923077,7.6923076923076925,16.666666666666664,14.102564102564102,64
