Team,Rubber 1 Win %,Rubber 2 Win %,Rubber 3 Win %,Rubber 4 Win %,Rubber 5 Win %,avg_win_perc,Total Rubbers
North District Sports Association 1,37.5,50.0,68.75,87.5,80.0,64.75,79
HKPF Squash Team,93.75,87.5,50.0,37.5,33.33333333333333,60.416666666666664,79
Sha Tin Squash Rackets Club 4,56.25,37.5,62.5,62.5,80.0,59.75,79
Alpha CUHK,81.25,25.0,62.5,56.25,50.0,55.0,80
Craigengower Cricket Club,56.25,50.0,75.0,50.0,43.75,55.0,80
Star River 1,37.5,68.75,31.25,50.0,50.0,47.5,80
Sea Bear,31.25,50.0,31.25,50.0,50.0,42.5,80
Hong Kong Racketlon Association 2,6.25,31.25,18.75,6.25,13.333333333333334,15.166666666666666,79
