Team,Rubber 1 Win %,Rubber 2 Win %,Rubber 3 Win %,Rubber 4 Win %,Rubber 5 Win %,avg_win_perc,Total Rubbers
X-Alpha 4,83.33333333333334,91.66666666666666,91.66666666666666,100.0,100.0,93.33333333333333,59
Fusion Squash Club 2,54.54545454545454,63.63636363636363,90.9090909090909,66.66666666666666,71.42857142857143,69.43722943722943,49
Vitality Squash 2,66.66666666666666,58.333333333333336,50.0,41.66666666666667,28.57142857142857,49.04761904761905,55
Smart Squash 2,40.0,60.0,37.5,37.5,16.666666666666664,38.33333333333333,42
Happy Squash 3,36.36363636363637,36.36363636363637,30.0,40.0,44.44444444444444,37.43434343434344,51
i-Mask Advance Squash Club 8,77.77777777777779,11.11111111111111,33.33333333333333,37.5,20.0,35.94444444444444,40
i-Mask Advance Squash Club 7,11.11111111111111,33.33333333333333,25.0,28.57142857142857,50.0,29.6031746031746,35
Friend Club 6,25.0,33.33333333333333,20.0,30.0,33.33333333333333,28.333333333333332,53
