Team,Rubber 1 Win %,Rubber 2 Win %,Rubber 3 Win %,Rubber 4 Win %,Rubber 5 Win %,avg_win_perc,Total Rubbers
X-Alpha 4,81.81818181818183,100.0,90.9090909090909,100.0,100.0,94.54545454545455,54
Fusion Squash Club 2,50.0,60.0,90.0,66.66666666666666,71.42857142857143,67.61904761904762,46
Vitality Squash 2,70.0,50.0,50.0,40.0,33.33333333333333,48.666666666666664,46
i-Mask Advance Squash Club 8,85.71428571428571,14.285714285714285,28.57142857142857,33.33333333333333,25.0,37.38095238095237,31
Happy Squash 3,40.0,30.0,33.33333333333333,44.44444444444444,37.5,37.05555555555556,46
Smart Squash 2,33.33333333333333,55.55555555555556,28.57142857142857,42.857142857142854,0.0,32.06349206349206,37
i-Mask Advance Squash Club 7,12.5,37.5,28.57142857142857,28.57142857142857,50.0,31.428571428571427,32
Friend Club 6,27.27272727272727,36.36363636363637,22.22222222222222,22.22222222222222,37.5,29.116161616161616,48
