Team,Rubber 1 Win %,Rubber 2 Win %,Rubber 3 Win %,Rubber 4 Win %,Rubber 5 Win %,avg_win_perc,Total Rubbers
X-Alpha 4,75.0,87.5,93.75,100.0,100.0,91.25,79
Fusion Squash Club 2,64.70588235294117,70.58823529411765,82.35294117647058,64.28571428571429,72.72727272727273,70.93200916730329,76
Vitality Squash 2,56.25,62.5,40.0,40.0,30.0,45.75,72
Happy Squash 3,47.05882352941176,47.05882352941176,35.714285714285715,50.0,45.45454545454545,45.05729564553094,73
i-Mask Advance Squash Club 8,76.92307692307693,15.384615384615385,38.46153846153847,36.36363636363637,28.57142857142857,39.14085914085914,57
i-Mask Advance Squash Club 7,25.0,33.33333333333333,27.27272727272727,33.33333333333333,33.33333333333333,30.45454545454545,47
Smart Squash 2,33.33333333333333,40.0,41.66666666666667,25.0,11.11111111111111,30.22222222222222,63
Friend Club 6,18.75,31.25,21.428571428571427,30.76923076923077,30.0,26.439560439560445,69
