Team,Rubber 1 Win %,Rubber 2 Win %,Rubber 3 Win %,Rubber 4 Win %,Rubber 5 Win %,avg_win_perc,Total Rubbers
X-Alpha 4,72.22222222222221,88.88888888888889,88.88888888888889,100.0,100.0,90.0,89
Fusion Squash Club 2,64.70588235294117,70.58823529411765,82.35294117647058,64.28571428571429,72.72727272727273,70.93200916730329,76
Vitality Squash 2,55.55555555555556,61.111111111111114,47.05882352941176,41.17647058823529,33.33333333333333,47.647058823529406,82
Happy Squash 3,47.368421052631575,47.368421052631575,31.25,43.75,46.15384615384615,43.178137651821864,83
i-Mask Advance Squash Club 8,78.57142857142857,14.285714285714285,42.857142857142854,41.66666666666667,25.0,40.47619047619048,62
Smart Squash 2,37.5,43.75,46.15384615384615,25.0,11.11111111111111,32.702991452991455,66
i-Mask Advance Squash Club 7,23.076923076923077,30.76923076923077,25.0,30.0,25.0,26.769230769230766,52
Friend Club 6,17.647058823529413,29.411764705882355,20.0,30.76923076923077,30.0,25.56561085972851,72
