Team,Rubber 1 Win %,Rubber 2 Win %,Rubber 3 Win %,Rubber 4 Win %,Rubber 5 Win %,avg_win_perc,Total Rubbers
X-Alpha 4,71.42857142857143,92.85714285714286,92.85714285714286,100.0,100.0,91.42857142857142,69
Fusion Squash Club 2,64.28571428571429,64.28571428571429,92.85714285714286,75.0,80.0,75.28571428571429,64
Vitality Squash 2,57.14285714285714,64.28571428571429,42.857142857142854,42.857142857142854,33.33333333333333,48.095238095238095,65
Happy Squash 3,50.0,42.857142857142854,25.0,41.66666666666667,45.45454545454545,40.99567099567099,63
i-Mask Advance Squash Club 8,81.81818181818183,18.181818181818183,36.36363636363637,30.0,16.666666666666664,36.60606060606061,49
Smart Squash 2,38.46153846153847,46.15384615384615,40.0,30.0,12.5,33.42307692307692,54
i-Mask Advance Squash Club 7,10.0,30.0,33.33333333333333,25.0,33.33333333333333,26.333333333333332,40
Friend Club 6,21.428571428571427,28.57142857142857,16.666666666666664,33.33333333333333,30.0,26.0,62
