Team,Rubber 1 Win %,Rubber 2 Win %,Rubber 3 Win %,Rubber 4 Win %,Rubber 5 Win %,avg_win_perc,Total Rubbers
North District Sports Association 2,40.0,60.0,100.0,100.0,86.66666666666667,77.33333333333334,75
Squashathon 1,46.666666666666664,60.0,64.28571428571429,78.57142857142857,76.92307692307693,65.28937728937728,71
X-Alpha 5,68.75,66.66666666666666,46.15384615384615,46.15384615384615,50.0,55.5448717948718,67
Bravo,68.75,81.25,50.0,28.57142857142857,30.76923076923077,51.86813186813187,75
Humphrey Squash,62.5,25.0,40.0,30.76923076923077,55.55555555555556,42.76495726495726,69
HK Squash Gear,25.0,30.0,33.33333333333333,0.0,0.0,17.666666666666664,34
Yuen Long District Sports Association Limited,31.25,20.0,0.0,16.666666666666664,0.0,13.583333333333332,67
