Team,Rubber 1 Win %,Rubber 2 Win %,Rubber 3 Win %,Rubber 4 Win %,Rubber 5 Win %,avg_win_perc,Total Rubbers
North District Sports Association 2,27.27272727272727,63.63636363636363,100.0,100.0,90.9090909090909,76.36363636363635,55
Squashathon 1,54.54545454545454,63.63636363636363,63.63636363636363,72.72727272727273,70.0,64.9090909090909,54
Bravo,66.66666666666666,75.0,58.333333333333336,36.36363636363637,36.36363636363637,54.54545454545455,58
X-Alpha 5,83.33333333333334,63.63636363636363,33.33333333333333,44.44444444444444,37.5,52.449494949494955,49
Humphrey Squash,58.333333333333336,33.33333333333333,45.45454545454545,30.0,71.42857142857143,47.709956709956714,52
HK Squash Gear,20.0,25.0,33.33333333333333,0.0,0.0,15.666666666666666,30
Yuen Long District Sports Association Limited,33.33333333333333,18.181818181818183,0.0,22.22222222222222,0.0,14.747474747474746,50
