Team,Rubber 1 Win %,Rubber 2 Win %,Rubber 3 Win %,Rubber 4 Win %,Rubber 5 Win %,avg_win_perc,Total Rubbers
North District Sports Association 2,35.714285714285715,64.28571428571429,100.0,100.0,92.85714285714286,78.57142857142858,70
Squashathon 1,50.0,64.28571428571429,69.23076923076923,76.92307692307693,75.0,67.08791208791209,66
X-Alpha 5,73.33333333333333,64.28571428571429,50.0,50.0,44.44444444444444,56.41269841269841,62
Bravo,66.66666666666666,80.0,46.666666666666664,30.76923076923077,33.33333333333333,51.48717948717948,70
Humphrey Squash,62.5,25.0,40.0,30.76923076923077,55.55555555555556,42.76495726495726,69
HK Squash Gear,25.0,30.0,33.33333333333333,0.0,0.0,17.666666666666664,34
Yuen Long District Sports Association Limited,31.25,20.0,0.0,16.666666666666664,0.0,13.583333333333332,67
