Team,Rubber 1 Win %,Rubber 2 Win %,Rubber 3 Win %,Rubber 4 Win %,Rubber 5 Win %,avg_win_perc,Total Rubbers
North District Sports Association 2,30.76923076923077,69.23076923076923,100.0,100.0,92.3076923076923,78.46153846153847,65
Squashathon 1,53.84615384615385,61.53846153846154,66.66666666666666,75.0,72.72727272727273,65.95571095571096,61
X-Alpha 5,73.33333333333333,64.28571428571429,50.0,50.0,44.44444444444444,56.41269841269841,62
Bravo,71.42857142857143,78.57142857142857,50.0,33.33333333333333,36.36363636363637,53.93939393939394,65
Humphrey Squash,60.0,26.666666666666668,42.857142857142854,33.33333333333333,62.5,45.07142857142857,64
HK Squash Gear,27.27272727272727,33.33333333333333,33.33333333333333,0.0,0.0,18.787878787878785,32
Yuen Long District Sports Association Limited,26.666666666666668,14.285714285714285,0.0,16.666666666666664,0.0,11.523809523809522,65
