Team,Rubber 1 Win %,Rubber 2 Win %,Rubber 3 Win %,avg_win_perc,Total Rubbers
Hong Kong Football Club 1,57.14285714285714,100.0,83.33333333333334,80.15873015873017,20
FWD,71.42857142857143,28.57142857142857,75.0,58.333333333333336,18
Hong Kong Cricket Club 1,62.5,25.0,42.857142857142854,43.452380952380956,23
Kowloon Cricket Club 1A,28.57142857142857,57.14285714285714,20.0,35.238095238095234,19
Kowloon Cricket Club 1B,28.57142857142857,42.857142857142854,33.33333333333333,34.92063492063492,20
