Team,Rubber 1 Win %,Rubber 2 Win %,Rubber 3 Win %,avg_win_perc,Total Rubbers
Hong Kong Football Club 1,80.0,100.0,80.0,86.66666666666667,15
FWD,60.0,40.0,66.66666666666666,55.55555555555555,13
Kowloon Cricket Club 1A,33.33333333333333,66.66666666666666,20.0,39.99999999999999,17
Hong Kong Cricket Club 1,50.0,16.666666666666664,50.0,38.888888888888886,18
Kowloon Cricket Club 1B,33.33333333333333,33.33333333333333,40.0,35.55555555555555,17
