Team,Rubber 1 Win %,Rubber 2 Win %,Rubber 3 Win %,Rubber 4 Win %,Rubber 5 Win %,avg_win_perc,Total Rubbers
Kowloon Cricket Club 2A,75.0,37.5,50.0,75.0,85.71428571428571,64.64285714285714,39
Kowloon Cricket Club 2B,57.14285714285714,85.71428571428571,71.42857142857143,57.14285714285714,16.666666666666664,57.61904761904763,34
Hong Kong Football Club 2,50.0,37.5,50.0,62.5,85.71428571428571,57.142857142857146,39
Young Player 2,62.5,25.0,25.0,37.5,20.0,34.0,37
Hong Kong Cricket Club 2,0.0,71.42857142857143,57.14285714285714,14.285714285714285,20.0,32.57142857142857,33
