Team,Rubber 1 Win %,Rubber 2 Win %,Rubber 3 Win %,Rubber 4 Win %,Rubber 5 Win %,avg_win_perc,Total Rubbers
Kowloon Cricket Club 2A,66.66666666666666,33.33333333333333,55.55555555555556,77.77777777777779,87.5,64.16666666666666,44
Hong Kong Football Club 2,55.55555555555556,44.44444444444444,55.55555555555556,66.66666666666666,75.0,59.444444444444436,44
Kowloon Cricket Club 2B,66.66666666666666,88.88888888888889,66.66666666666666,55.55555555555556,12.5,58.05555555555556,44
Young Player 2,55.55555555555556,22.22222222222222,22.22222222222222,33.33333333333333,33.33333333333333,33.33333333333333,42
Hong Kong Cricket Club 2,0.0,62.5,50.0,12.5,33.33333333333333,31.666666666666664,38
