Team,Rubber 1 Win %,Rubber 2 Win %,Rubber 3 Win %,Rubber 4 Win %,Rubber 5 Win %,avg_win_perc,Total Rubbers
Kowloon Cricket Club 2A,80.0,53.333333333333336,46.666666666666664,80.0,92.3076923076923,70.46153846153847,73
Hong Kong Football Club 2,60.0,46.666666666666664,73.33333333333333,73.33333333333333,69.23076923076923,64.51282051282051,73
Kowloon Cricket Club 2B,46.666666666666664,80.0,60.0,46.666666666666664,25.0,51.666666666666664,72
Young Player 2,42.857142857142854,21.428571428571427,35.714285714285715,35.714285714285715,40.0,35.142857142857146,66
Hong Kong Cricket Club 2,20.0,46.666666666666664,33.33333333333333,13.333333333333334,16.666666666666664,25.999999999999993,72
