Team,Rubber 1 Win %,Rubber 2 Win %,Rubber 3 Win %,Rubber 4 Win %,Rubber 5 Win %,avg_win_perc,Total Rubbers
Kowloon Cricket Club 2A,76.92307692307693,46.15384615384615,46.15384615384615,76.92307692307693,90.9090909090909,67.41258741258741,63
Hong Kong Football Club 2,58.333333333333336,41.66666666666667,66.66666666666666,75.0,72.72727272727273,62.878787878787875,59
Kowloon Cricket Club 2B,53.84615384615385,84.61538461538461,61.53846153846154,53.84615384615385,18.181818181818183,54.4055944055944,63
Young Player 2,41.66666666666667,16.666666666666664,33.33333333333333,33.33333333333333,37.5,32.5,56
Hong Kong Cricket Club 2,16.666666666666664,58.333333333333336,41.66666666666667,8.333333333333332,22.22222222222222,29.444444444444446,57
