Team,Rubber 1 Win %,Rubber 2 Win %,Rubber 3 Win %,Rubber 4 Win %,Rubber 5 Win %,avg_win_perc,Total Rubbers
Kowloon Cricket Club 3,41.66666666666667,75.0,91.66666666666666,100.0,100.0,81.66666666666666,51
Hong Kong Football Club 3B,58.333333333333336,33.33333333333333,58.333333333333336,72.72727272727273,50.0,54.54545454545455,55
Hong Kong Football Club 3A,58.333333333333336,66.66666666666666,33.33333333333333,27.27272727272727,50.0,47.12121212121212,53
Young Player 3,7.6923076923076925,30.76923076923077,61.53846153846154,46.15384615384615,45.45454545454545,38.32167832167833,63
Happy Squash 1,84.61538461538461,46.15384615384615,7.6923076923076925,9.090909090909092,16.666666666666664,32.84382284382284,56
