Team,Rubber 1 Win %,Rubber 2 Win %,Rubber 3 Win %,Rubber 4 Win %,Rubber 5 Win %,avg_win_perc,Total Rubbers
Kowloon Cricket Club 3,41.66666666666667,75.0,91.66666666666666,100.0,100.0,81.66666666666666,51
Hong Kong Football Club 3B,58.333333333333336,33.33333333333333,58.333333333333336,72.72727272727273,50.0,54.54545454545455,55
Hong Kong Football Club 3A,58.333333333333336,66.66666666666666,33.33333333333333,27.27272727272727,50.0,47.12121212121212,53
Young Player 3,8.333333333333332,33.33333333333333,58.333333333333336,41.66666666666667,40.0,36.333333333333336,58
Happy Squash 1,83.33333333333334,41.66666666666667,8.333333333333332,10.0,20.0,32.66666666666667,51
