Team,Rubber 1 Win %,Rubber 2 Win %,Rubber 3 Win %,Rubber 4 Win %,Rubber 5 Win %,avg_win_perc,Total Rubbers
Kowloon Cricket Club 3,38.46153846153847,76.92307692307693,92.3076923076923,100.0,100.0,81.53846153846155,54
Hong Kong Football Club 3B,57.14285714285714,35.714285714285715,50.0,69.23076923076923,50.0,52.41758241758241,65
Hong Kong Football Club 3A,64.28571428571429,64.28571428571429,35.714285714285715,25.0,57.14285714285714,49.28571428571429,61
Young Player 3,7.142857142857142,28.57142857142857,64.28571428571429,50.0,41.66666666666667,38.333333333333336,68
Happy Squash 1,84.61538461538461,46.15384615384615,7.6923076923076925,9.090909090909092,16.666666666666664,32.84382284382284,56
