Team,Rubber 1 Win %,Rubber 2 Win %,Rubber 3 Win %,Rubber 4 Win %,Rubber 5 Win %,avg_win_perc,Total Rubbers
X-Alpha 1,71.42857142857143,64.28571428571429,85.71428571428571,100.0,81.81818181818183,80.64935064935065,67
Kowloon Cricket Club 4,28.57142857142857,71.42857142857143,78.57142857142857,78.57142857142857,64.28571428571429,64.28571428571428,70
Friend Club 1,85.71428571428571,42.857142857142854,35.714285714285715,50.0,23.076923076923077,47.47252747252747,69
TNGX,50.0,57.14285714285714,28.57142857142857,21.428571428571427,36.36363636363637,38.701298701298704,67
Hong Kong Football Club 4A,14.285714285714285,28.57142857142857,28.57142857142857,35.714285714285715,66.66666666666666,34.76190476190476,68
Hong Kong Football Club 4B,50.0,35.714285714285715,42.857142857142854,14.285714285714285,30.76923076923077,34.72527472527473,69
