Team,Rubber 1 Win %,Rubber 2 Win %,Rubber 3 Win %,Rubber 4 Win %,Rubber 5 Win %,avg_win_perc,Total Rubbers
X-Alpha 1,69.23076923076923,69.23076923076923,84.61538461538461,100.0,80.0,80.61538461538461,62
Kowloon Cricket Club 4,30.76923076923077,69.23076923076923,76.92307692307693,76.92307692307693,61.53846153846154,63.07692307692308,65
Friend Club 1,84.61538461538461,46.15384615384615,38.46153846153847,53.84615384615385,25.0,49.61538461538461,64
TNGX,46.15384615384615,53.84615384615385,30.76923076923077,15.384615384615385,40.0,37.23076923076923,62
Hong Kong Football Club 4B,53.84615384615385,30.76923076923077,46.15384615384615,15.384615384615385,33.33333333333333,35.8974358974359,64
Hong Kong Football Club 4A,15.384615384615385,30.76923076923077,23.076923076923077,38.46153846153847,63.63636363636363,34.26573426573427,63
