Team,Rubber 1 Win %,Rubber 2 Win %,Rubber 3 Win %,Rubber 4 Win %,Rubber 5 Win %,avg_win_perc,Total Rubbers
X-Alpha 1,72.72727272727273,72.72727272727273,81.81818181818183,100.0,77.77777777777779,81.01010101010101,53
Kowloon Cricket Club 4,36.36363636363637,63.63636363636363,81.81818181818183,81.81818181818183,63.63636363636363,65.45454545454545,55
Friend Club 1,81.81818181818183,54.54545454545454,36.36363636363637,45.45454545454545,10.0,45.63636363636364,54
TNGX,50.0,50.0,33.33333333333333,16.666666666666664,44.44444444444444,38.88888888888888,57
Hong Kong Football Club 4B,50.0,33.33333333333333,50.0,16.666666666666664,36.36363636363637,37.272727272727266,59
Hong Kong Football Club 4A,9.090909090909092,27.27272727272727,18.181818181818183,45.45454545454545,70.0,34.0,54
