Team,Rubber 1 Win %,Rubber 2 Win %,Rubber 3 Win %,Rubber 4 Win %,Rubber 5 Win %,avg_win_perc,Total Rubbers
X-Alpha 1,70.0,80.0,80.0,100.0,75.0,81.0,48
Kowloon Cricket Club 4,36.36363636363637,63.63636363636363,81.81818181818183,81.81818181818183,63.63636363636363,65.45454545454545,55
Friend Club 1,90.0,50.0,40.0,50.0,11.11111111111111,48.22222222222222,49
TNGX,45.45454545454545,54.54545454545454,27.27272727272727,18.181818181818183,44.44444444444444,37.97979797979798,53
Hong Kong Football Club 4B,50.0,20.0,60.0,10.0,40.0,36.0,50
Hong Kong Football Club 4A,10.0,30.0,10.0,40.0,66.66666666666666,31.333333333333332,49
