Team,Rubber 1 Win %,Rubber 2 Win %,Rubber 3 Win %,Rubber 4 Win %,Rubber 5 Win %,avg_win_perc,Total Rubbers
X-Alpha 1,63.1578947368421,68.42105263157895,78.94736842105263,89.47368421052632,87.5,77.5,92
Kowloon Cricket Club 4,30.0,80.0,70.0,84.21052631578947,68.42105263157895,66.52631578947368,98
Friend Club 1,84.21052631578947,31.57894736842105,47.368421052631575,47.368421052631575,23.52941176470588,46.81114551083591,93
TNGX,55.00000000000001,55.00000000000001,35.0,26.31578947368421,33.33333333333333,40.92982456140351,94
Hong Kong Football Club 4A,20.0,25.0,35.0,38.88888888888889,56.25,35.02777777777778,94
Hong Kong Football Club 4B,50.0,38.88888888888889,33.33333333333333,11.11111111111111,29.411764705882355,32.549019607843135,89
