Team,Rubber 1 Win %,Rubber 2 Win %,Rubber 3 Win %,Rubber 4 Win %,Rubber 5 Win %,avg_win_perc,Total Rubbers
X-Alpha 1,61.111111111111114,66.66666666666666,77.77777777777779,88.88888888888889,86.66666666666667,76.22222222222223,87
Kowloon Cricket Club 4,26.31578947368421,78.94736842105263,68.42105263157895,84.21052631578947,68.42105263157895,65.26315789473685,95
Friend Club 1,84.21052631578947,31.57894736842105,47.368421052631575,47.368421052631575,23.52941176470588,46.81114551083591,93
TNGX,57.89473684210527,57.89473684210527,36.84210526315789,27.77777777777778,35.714285714285715,43.22472848788639,89
Hong Kong Football Club 4A,21.052631578947366,26.31578947368421,36.84210526315789,38.88888888888889,56.25,35.869883040935676,91
Hong Kong Football Club 4B,50.0,38.88888888888889,33.33333333333333,11.11111111111111,29.411764705882355,32.549019607843135,89
