Team,Rubber 1 Win %,Rubber 2 Win %,Rubber 3 Win %,Rubber 4 Win %,Rubber 5 Win %,avg_win_perc,Total Rubbers
X-Alpha 1,61.111111111111114,66.66666666666666,77.77777777777779,88.88888888888889,86.66666666666667,76.22222222222223,87
Kowloon Cricket Club 4,27.77777777777778,77.77777777777779,72.22222222222221,83.33333333333334,66.66666666666666,65.55555555555554,90
Friend Club 1,83.33333333333334,33.33333333333333,44.44444444444444,50.0,25.0,47.22222222222222,88
TNGX,55.55555555555556,55.55555555555556,33.33333333333333,27.77777777777778,35.714285714285715,41.58730158730159,86
Hong Kong Football Club 4A,22.22222222222222,27.77777777777778,38.88888888888889,38.88888888888889,56.25,36.80555555555556,88
Hong Kong Football Club 4B,50.0,38.88888888888889,33.33333333333333,11.11111111111111,29.411764705882355,32.549019607843135,89
