Team,Rubber 1 Win %,Rubber 2 Win %,Rubber 3 Win %,Rubber 4 Win %,Rubber 5 Win %,avg_win_perc,Total Rubbers
X-Alpha 2,63.63636363636363,45.45454545454545,50.0,100.0,100.0,71.81818181818183,51
Hong Kong Football Club 5,54.54545454545454,81.81818181818183,81.81818181818183,63.63636363636363,63.63636363636363,69.0909090909091,55
Kowloon Cricket Club 5,90.9090909090909,72.72727272727273,36.36363636363637,72.72727272727273,50.0,64.54545454545455,52
United Services Recreation Club 1,58.333333333333336,58.333333333333336,63.63636363636363,54.54545454545454,54.54545454545454,57.878787878787875,57
i-Mask Advance Squash Club 1,54.54545454545454,81.81818181818183,54.54545454545454,27.27272727272727,60.0,55.63636363636364,54
Sha Tin Squash Rackets Club 1,40.0,50.0,60.0,30.0,44.44444444444444,44.88888888888889,49
YLJR 1,63.63636363636363,27.27272727272727,40.0,40.0,33.33333333333333,40.84848484848485,51
Electrify Squash Div 5,25.0,25.0,41.66666666666667,41.66666666666667,33.33333333333333,33.333333333333336,57
Squashathon,0.0,9.090909090909092,20.0,20.0,10.0,11.818181818181818,52
