Team,Rubber 1 Win %,Rubber 2 Win %,Rubber 3 Win %,Rubber 4 Win %,Rubber 5 Win %,avg_win_perc,Total Rubbers
X-Alpha 2,66.66666666666666,50.0,45.45454545454545,100.0,100.0,72.42424242424242,56
Hong Kong Football Club 5,61.53846153846154,84.61538461538461,83.33333333333334,66.66666666666666,63.63636363636363,71.95804195804196,61
Kowloon Cricket Club 5,92.3076923076923,76.92307692307693,38.46153846153847,76.92307692307693,60.0,68.92307692307693,62
United Services Recreation Club 1,61.53846153846154,61.53846153846154,66.66666666666666,58.333333333333336,50.0,59.61538461538462,62
i-Mask Advance Squash Club 1,50.0,75.0,58.333333333333336,25.0,54.54545454545454,52.57575757575758,59
Sha Tin Squash Rackets Club 1,38.46153846153847,53.84615384615385,61.53846153846154,33.33333333333333,44.44444444444444,46.32478632478633,60
YLJR 1,53.84615384615385,23.076923076923077,41.66666666666667,36.36363636363637,30.0,36.990675990675996,59
Electrify Squash Div 5,28.57142857142857,21.428571428571427,38.46153846153847,38.46153846153847,33.33333333333333,32.05128205128206,63
Squashathon,0.0,7.6923076923076925,16.666666666666664,16.666666666666664,16.666666666666664,11.538461538461537,62
