Team,Rubber 1 Win %,Rubber 2 Win %,Rubber 3 Win %,Rubber 4 Win %,Rubber 5 Win %,avg_win_perc,Total Rubbers
Hong Kong Football Club 5,54.54545454545454,81.81818181818183,81.81818181818183,63.63636363636363,63.63636363636363,69.0909090909091,55
X-Alpha 2,60.0,40.0,44.44444444444444,100.0,100.0,68.88888888888889,46
Kowloon Cricket Club 5,100.0,70.0,30.0,70.0,57.14285714285714,65.42857142857142,47
i-Mask Advance Squash Club 1,60.0,80.0,60.0,30.0,66.66666666666666,59.33333333333333,49
United Services Recreation Club 1,54.54545454545454,63.63636363636363,60.0,50.0,50.0,55.63636363636364,52
Sha Tin Squash Rackets Club 1,40.0,50.0,60.0,30.0,44.44444444444444,44.88888888888889,49
YLJR 1,60.0,30.0,44.44444444444444,44.44444444444444,25.0,40.777777777777786,46
Electrify Squash Div 5,27.27272727272727,27.27272727272727,45.45454545454545,45.45454545454545,37.5,36.590909090909086,52
Squashathon,0.0,9.090909090909092,20.0,20.0,10.0,11.818181818181818,52
