Team,Rubber 1 Win %,Rubber 2 Win %,Rubber 3 Win %,Rubber 4 Win %,Rubber 5 Win %,avg_win_perc,Total Rubbers
Hong Kong Football Club 8A,71.42857142857143,57.14285714285714,50.0,71.42857142857143,71.42857142857143,64.28571428571429,70
Kowloon Cricket Club 8,57.14285714285714,50.0,71.42857142857143,71.42857142857143,69.23076923076923,63.84615384615385,69
Hong Kong Cricket Club 3,78.57142857142857,42.857142857142854,57.14285714285714,71.42857142857143,61.53846153846154,62.30769230769231,69
Global Squash 1,86.66666666666667,53.333333333333336,46.666666666666664,33.33333333333333,57.14285714285714,55.42857142857142,74
United Services Recreation Club 2,57.14285714285714,57.14285714285714,78.57142857142857,42.857142857142854,23.076923076923077,51.75824175824175,69
Hong Kong Cricket Club 4,15.384615384615385,53.84615384615385,23.076923076923077,53.84615384615385,76.92307692307693,44.61538461538462,65
Physical Chess 2,23.076923076923077,61.53846153846154,38.46153846153847,46.15384615384615,38.46153846153847,41.53846153846153,65
Sha Tin Squash Rackets Club 2,40.0,73.33333333333333,40.0,26.666666666666668,21.428571428571427,40.28571428571428,74
Hong Kong Football Club 8B,14.285714285714285,0.0,42.857142857142854,35.714285714285715,27.27272727272727,24.025974025974026,67
