Team,Rubber 1 Win %,Rubber 2 Win %,Rubber 3 Win %,Rubber 4 Win %,Rubber 5 Win %,avg_win_perc,Total Rubbers
Hong Kong Football Club 8A,81.81818181818183,54.54545454545454,54.54545454545454,63.63636363636363,72.72727272727273,65.45454545454545,55
Global Squash 1,90.9090909090909,63.63636363636363,54.54545454545454,36.36363636363637,50.0,59.090909090909086,54
Hong Kong Cricket Club 3,80.0,40.0,60.0,70.0,44.44444444444444,58.88888888888889,49
Kowloon Cricket Club 8,50.0,40.0,60.0,60.0,66.66666666666666,55.33333333333333,49
United Services Recreation Club 2,60.0,50.0,80.0,50.0,33.33333333333333,54.666666666666664,49
Physical Chess 2,30.0,80.0,40.0,60.0,50.0,52.0,50
Hong Kong Cricket Club 4,18.181818181818183,54.54545454545454,27.27272727272727,45.45454545454545,72.72727272727273,43.63636363636364,55
Sha Tin Squash Rackets Club 2,30.0,70.0,40.0,30.0,20.0,38.0,50
Hong Kong Football Club 8B,9.090909090909092,0.0,36.36363636363637,36.36363636363637,33.33333333333333,23.03030303030303,53
