Team,Rubber 1 Win %,Rubber 2 Win %,Rubber 3 Win %,Rubber 4 Win %,Rubber 5 Win %,avg_win_perc,Total Rubbers
Hong Kong Football Club 8A,75.0,62.5,62.5,62.5,75.0,67.5,40
Global Squash 1,87.5,62.5,62.5,37.5,62.5,62.5,40
United Services Recreation Club 2,62.5,50.0,75.0,50.0,28.57142857142857,53.21428571428571,39
Kowloon Cricket Club 8,50.0,50.0,50.0,50.0,57.14285714285714,51.42857142857142,39
Hong Kong Cricket Club 3,75.0,37.5,50.0,62.5,28.57142857142857,50.71428571428571,39
Physical Chess 2,25.0,75.0,37.5,62.5,50.0,50.0,40
Hong Kong Cricket Club 4,25.0,37.5,25.0,50.0,87.5,45.0,40
Sha Tin Squash Rackets Club 2,37.5,75.0,37.5,37.5,12.5,40.0,40
Hong Kong Football Club 8B,12.5,0.0,50.0,37.5,42.857142857142854,28.571428571428573,39
