Team,Rubber 1 Win %,Rubber 2 Win %,Rubber 3 Win %,Rubber 4 Win %,Rubber 5 Win %,avg_win_perc,Total Rubbers
Kowloon Cricket Club 8,61.53846153846154,53.84615384615385,69.23076923076923,69.23076923076923,66.66666666666666,64.1025641025641,64
Hong Kong Football Club 8A,76.92307692307693,53.84615384615385,46.15384615384615,69.23076923076923,69.23076923076923,63.07692307692307,65
Hong Kong Cricket Club 3,78.57142857142857,42.857142857142854,57.14285714285714,71.42857142857143,61.53846153846154,62.30769230769231,69
Global Squash 1,85.71428571428571,57.14285714285714,50.0,35.714285714285715,61.53846153846154,58.02197802197802,69
United Services Recreation Club 2,53.84615384615385,53.84615384615385,84.61538461538461,46.15384615384615,25.0,52.69230769230769,64
Hong Kong Cricket Club 4,16.666666666666664,58.333333333333336,25.0,50.0,75.0,45.0,60
Physical Chess 2,23.076923076923077,61.53846153846154,38.46153846153847,46.15384615384615,38.46153846153847,41.53846153846153,65
Sha Tin Squash Rackets Club 2,30.76923076923077,69.23076923076923,38.46153846153847,30.76923076923077,23.076923076923077,38.46153846153846,65
Hong Kong Football Club 8B,15.384615384615385,0.0,38.46153846153847,30.76923076923077,27.27272727272727,22.37762237762238,63
