Team,Rubber 1 Win %,Rubber 2 Win %,Rubber 3 Win %,Rubber 4 Win %,Rubber 5 Win %,avg_win_perc,Total Rubbers
Hong Kong Football Club 8A,75.0,58.333333333333336,50.0,66.66666666666666,75.0,65.0,60
Hong Kong Cricket Club 3,83.33333333333334,41.66666666666667,58.333333333333336,75.0,54.54545454545454,62.575757575757585,59
Kowloon Cricket Club 8,54.54545454545454,45.45454545454545,63.63636363636363,63.63636363636363,70.0,59.45454545454545,54
Global Squash 1,83.33333333333334,58.333333333333336,50.0,33.33333333333333,54.54545454545454,55.909090909090914,59
United Services Recreation Club 2,63.63636363636363,45.45454545454545,81.81818181818183,45.45454545454545,30.0,53.27272727272727,54
Physical Chess 2,27.27272727272727,72.72727272727273,45.45454545454545,54.54545454545454,45.45454545454545,49.090909090909086,55
Hong Kong Cricket Club 4,18.181818181818183,54.54545454545454,27.27272727272727,45.45454545454545,72.72727272727273,43.63636363636364,55
Sha Tin Squash Rackets Club 2,33.33333333333333,75.0,41.66666666666667,33.33333333333333,16.666666666666664,39.99999999999999,60
Hong Kong Football Club 8B,8.333333333333332,0.0,33.33333333333333,33.33333333333333,30.0,20.999999999999996,58
