Team,Rubber 1 Win %,Rubber 2 Win %,Rubber 3 Win %,Rubber 4 Win %,Rubber 5 Win %,avg_win_perc,Total Rubbers
Hong Kong Football Club 8A,77.77777777777779,66.66666666666666,66.66666666666666,55.55555555555556,77.77777777777779,68.88888888888889,45
Global Squash 1,88.88888888888889,66.66666666666666,55.55555555555556,33.33333333333333,55.55555555555556,59.999999999999986,45
United Services Recreation Club 2,62.5,50.0,75.0,50.0,28.57142857142857,53.21428571428571,39
Kowloon Cricket Club 8,44.44444444444444,44.44444444444444,55.55555555555556,55.55555555555556,62.5,52.5,44
Hong Kong Cricket Club 3,75.0,37.5,50.0,62.5,28.57142857142857,50.71428571428571,39
Physical Chess 2,25.0,75.0,37.5,62.5,50.0,50.0,40
Hong Kong Cricket Club 4,25.0,37.5,25.0,50.0,87.5,45.0,40
Sha Tin Squash Rackets Club 2,37.5,75.0,37.5,37.5,12.5,40.0,40
Hong Kong Football Club 8B,11.11111111111111,0.0,44.44444444444444,44.44444444444444,37.5,27.5,44
