Team,Rubber 1 Win %,Rubber 2 Win %,Rubber 3 Win %,avg_win_perc,Total Rubbers
Hong Kong Football Club L1A,83.33333333333334,100.0,71.42857142857143,84.92063492063492,20
Kowloon Cricket Club L1B,62.5,62.5,57.14285714285714,60.714285714285715,23
Kowloon Cricket Club L1A,62.5,62.5,50.0,58.333333333333336,22
Jessica,37.5,42.857142857142854,83.33333333333334,54.56349206349207,21
Hong Kong Cricket Club L1,50.0,25.0,14.285714285714285,29.76190476190476,23
Hong Kong Football Club L1B,0.0,0.0,20.0,6.666666666666667,17
