Team,Rubber 1 Win %,Rubber 2 Win %,Rubber 3 Win %,avg_win_perc,Total Rubbers
Hong Kong Football Club L1A,85.71428571428571,100.0,75.0,86.90476190476191,23
Kowloon Cricket Club L1B,66.66666666666666,66.66666666666666,62.5,65.27777777777777,26
Kowloon Cricket Club L1A,66.66666666666666,66.66666666666666,50.0,61.11111111111111,24
Jessica,33.33333333333333,37.5,71.42857142857143,47.42063492063492,24
Hong Kong Cricket Club L1,44.44444444444444,22.22222222222222,14.285714285714285,26.984126984126977,25
Hong Kong Football Club L1B,0.0,0.0,16.666666666666664,5.5555555555555545,20
