Team,Rubber 1 Win %,Rubber 2 Win %,Rubber 3 Win %,Rubber 4 Win %,avg_win_perc,Total Rubbers
Kowloon Cricket Club L2,86.66666666666667,80.0,85.71428571428571,90.9090909090909,85.82251082251082,55
Hong Kong Football Club L2A,80.0,86.66666666666667,73.33333333333333,83.33333333333334,80.83333333333334,57
Hong Kong Cricket Club L2A,33.33333333333333,66.66666666666666,80.0,36.36363636363637,54.09090909090909,56
Hong Kong Football Club L2C,40.0,33.33333333333333,28.57142857142857,40.0,35.476190476190474,54
Hong Kong Football Club L2B,46.666666666666664,20.0,6.666666666666667,27.27272727272727,25.15151515151515,56
Hong Kong Cricket Club L2B,13.333333333333334,13.333333333333334,26.666666666666668,23.076923076923077,19.102564102564102,58
