Team,Rubber 1 Win %,Rubber 2 Win %,Rubber 3 Win %,Rubber 4 Win %,avg_win_perc,Total Rubbers
Kowloon Cricket Club L2,92.3076923076923,76.92307692307693,83.33333333333334,88.88888888888889,85.36324786324786,47
Hong Kong Football Club L2A,76.92307692307693,92.3076923076923,76.92307692307693,90.0,84.03846153846155,49
Hong Kong Cricket Club L2A,35.714285714285715,71.42857142857143,85.71428571428571,40.0,58.21428571428571,52
Hong Kong Football Club L2C,35.714285714285715,28.57142857142857,30.76923076923077,33.33333333333333,32.09706959706959,50
Hong Kong Football Club L2B,50.0,21.428571428571427,7.142857142857142,30.0,27.142857142857142,52
Hong Kong Cricket Club L2B,14.285714285714285,14.285714285714285,21.428571428571427,25.0,18.75,54
