Team,Rubber 1 Win %,Rubber 2 Win %,Rubber 3 Win %,Rubber 4 Win %,avg_win_perc,Total Rubbers
Kowloon Cricket Club L2,84.21052631578947,78.94736842105263,88.88888888888889,92.3076923076923,86.08861898335581,69
Hong Kong Football Club L2A,78.94736842105263,89.47368421052632,73.68421052631578,80.0,80.52631578947368,72
Hong Kong Cricket Club L2A,33.33333333333333,66.66666666666666,77.77777777777779,42.857142857142854,55.15873015873016,68
Hong Kong Football Club L2C,38.88888888888889,33.33333333333333,23.52941176470588,41.66666666666667,34.35457516339869,65
Hong Kong Football Club L2B,47.368421052631575,21.052631578947366,15.789473684210526,26.666666666666668,27.719298245614034,72
Hong Kong Cricket Club L2B,15.789473684210526,10.526315789473683,21.052631578947366,20.0,16.842105263157894,72
