Team,Rubber 1 Win %,Rubber 2 Win %,Rubber 3 Win %,Rubber 4 Win %,avg_win_perc,Total Rubbers
Hong Kong Football Club L3B,72.72727272727273,90.9090909090909,54.54545454545454,45.45454545454545,65.9090909090909,44
JESSICA Smashin' Mochi,27.27272727272727,36.36363636363637,100.0,90.9090909090909,63.63636363636363,44
Hong Kong Football Club L3A,63.63636363636363,63.63636363636363,63.63636363636363,60.0,62.72727272727273,43
Hong Kong Cricket Club Rockettes,36.36363636363637,54.54545454545454,60.0,66.66666666666666,54.39393939393939,41
Hong Kong Football Club L3C,66.66666666666666,75.0,16.666666666666664,33.33333333333333,47.91666666666666,48
Physical Chess Ladies,72.72727272727273,27.27272727272727,40.0,37.5,44.375,40
The Squash Club Ladies,9.090909090909092,0.0,18.181818181818183,18.181818181818183,11.363636363636363,44
