Team,Rubber 1 Win %,Rubber 2 Win %,Rubber 3 Win %,Rubber 4 Win %,avg_win_perc,Total Rubbers
Hong Kong Football Club L3B,72.72727272727273,90.9090909090909,54.54545454545454,45.45454545454545,65.9090909090909,44
Hong Kong Football Club L3A,60.0,60.0,60.0,66.66666666666666,61.666666666666664,39
JESSICA Smashin' Mochi,20.0,30.0,100.0,90.0,60.0,40
Hong Kong Cricket Club Rockettes,40.0,60.0,55.55555555555556,62.5,54.513888888888886,37
Physical Chess Ladies,80.0,30.0,44.44444444444444,42.857142857142854,49.32539682539683,36
Hong Kong Football Club L3C,63.63636363636363,72.72727272727273,18.181818181818183,36.36363636363637,47.727272727272734,44
The Squash Club Ladies,10.0,0.0,20.0,10.0,10.0,40
