Team,Rubber 1 Win %,Rubber 2 Win %,Rubber 3 Win %,Rubber 4 Win %,avg_win_perc,Total Rubbers
Hong Kong Football Club L3B,62.5,93.75,50.0,62.5,67.1875,64
Hong Kong Football Club L3A,66.66666666666666,60.0,66.66666666666666,57.14285714285714,62.61904761904761,59
Hong Kong Cricket Club Rockettes,42.857142857142854,57.14285714285714,69.23076923076923,58.333333333333336,56.89102564102564,53
JESSICA Smashin' Mochi,20.0,33.33333333333333,80.0,86.66666666666667,55.0,60
Hong Kong Football Club L3C,73.33333333333333,68.75,18.75,33.33333333333333,48.54166666666666,62
Physical Chess Ladies,71.42857142857143,28.57142857142857,50.0,30.0,45.0,50
The Squash Club Ladies,13.333333333333334,6.25,20.0,14.285714285714285,13.467261904761905,60
