Team,Rubber 1 Win %,Rubber 2 Win %,Rubber 3 Win %,Rubber 4 Win %,avg_win_perc,Total Rubbers
Hong Kong Football Club L3B,70.0,100.0,60.0,50.0,70.0,40
JESSICA Smashin' Mochi,22.22222222222222,33.33333333333333,100.0,100.0,63.888888888888886,36
Hong Kong Football Club L3A,71.42857142857143,57.14285714285714,57.14285714285714,50.0,58.92857142857142,27
Hong Kong Cricket Club Rockettes,50.0,62.5,42.857142857142854,66.66666666666666,55.50595238095238,29
Physical Chess Ladies,77.77777777777779,33.33333333333333,50.0,50.0,52.77777777777778,32
Hong Kong Football Club L3C,55.55555555555556,66.66666666666666,22.22222222222222,33.33333333333333,44.44444444444444,36
The Squash Club Ladies,10.0,0.0,20.0,10.0,10.0,40
