Team,Rubber 1 Win %,Rubber 2 Win %,Rubber 3 Win %,Rubber 4 Win %,avg_win_perc
Hong Kong Football Club L3B,66.66666666666666,100.0,55.55555555555556,44.44444444444444,66.66666666666667
JESSICA Smashin' Mochi,22.22222222222222,33.33333333333333,100.0,100.0,63.888888888888886
Hong Kong Football Club L3A,71.42857142857143,57.14285714285714,57.14285714285714,50.0,58.92857142857142
Hong Kong Cricket Club Rockettes,50.0,62.5,42.857142857142854,66.66666666666666,55.50595238095238
Physical Chess Ladies,75.0,37.5,42.857142857142854,40.0,48.839285714285715
Hong Kong Football Club L3C,62.5,62.5,25.0,37.5,46.875
The Squash Club Ladies,11.11111111111111,0.0,22.22222222222222,11.11111111111111,11.11111111111111
