Team,Rubber 1 Win %,Rubber 2 Win %,Rubber 3 Win %,Rubber 4 Win %,avg_win_perc,Total Rubbers
Hong Kong Football Club L3B,66.66666666666666,91.66666666666666,50.0,50.0,64.58333333333333,48
Hong Kong Football Club L3A,66.66666666666666,66.66666666666666,66.66666666666666,54.54545454545454,63.636363636363626,47
Hong Kong Cricket Club Rockettes,46.15384615384615,61.53846153846154,66.66666666666666,63.63636363636363,59.4988344988345,49
JESSICA Smashin' Mochi,23.076923076923077,30.76923076923077,84.61538461538461,92.3076923076923,57.69230769230769,52
Hong Kong Football Club L3C,66.66666666666666,76.92307692307693,23.076923076923077,33.33333333333333,50.0,50
Physical Chess Ladies,75.0,25.0,45.45454545454545,33.33333333333333,44.69696969696969,44
The Squash Club Ladies,8.333333333333332,0.0,15.384615384615385,16.666666666666664,10.096153846153845,50
