Team,Rubber 1 Win %,Rubber 2 Win %,Rubber 3 Win %,Rubber 4 Win %,avg_win_perc,Total Rubbers
Hong Kong Football Club L3B,64.70588235294117,94.11764705882352,52.94117647058824,64.70588235294117,69.11764705882352,68
Hong Kong Football Club L3A,68.75,62.5,68.75,57.14285714285714,64.28571428571428,62
JESSICA Smashin' Mochi,25.0,37.5,81.25,87.5,57.8125,64
Hong Kong Cricket Club Rockettes,40.0,53.333333333333336,64.28571428571429,53.84615384615385,52.86630036630037,57
Hong Kong Football Club L3C,68.75,64.70588235294117,17.647058823529413,31.25,45.588235294117645,66
Physical Chess Ladies,66.66666666666666,26.666666666666668,46.15384615384615,30.0,42.37179487179487,53
The Squash Club Ladies,13.333333333333334,6.25,20.0,14.285714285714285,13.467261904761905,60
