Team,Rubber 1 Win %,Rubber 2 Win %,Rubber 3 Win %,Rubber 4 Win %,avg_win_perc,Total Rubbers
Hong Kong Football Club L3B,57.14285714285714,92.85714285714286,50.0,57.14285714285714,64.28571428571428,56
Hong Kong Football Club L3A,69.23076923076923,61.53846153846154,69.23076923076923,50.0,62.5,51
Hong Kong Cricket Club Rockettes,46.15384615384615,61.53846153846154,66.66666666666666,63.63636363636363,59.4988344988345,49
JESSICA Smashin' Mochi,21.428571428571427,35.714285714285715,78.57142857142857,92.85714285714286,57.142857142857146,56
Hong Kong Football Club L3C,69.23076923076923,71.42857142857143,21.428571428571427,30.76923076923077,48.214285714285715,54
Physical Chess Ladies,75.0,25.0,45.45454545454545,33.33333333333333,44.69696969696969,44
The Squash Club Ladies,15.384615384615385,0.0,21.428571428571427,15.384615384615385,13.04945054945055,54
