Team,Rubber 1 Win %,Rubber 2 Win %,Rubber 3 Win %,Rubber 4 Win %,avg_win_perc,Total Rubbers
Hong Kong Football Club L3B,60.0,93.33333333333333,46.666666666666664,60.0,65.0,60
Hong Kong Football Club L3A,64.28571428571429,57.14285714285714,71.42857142857143,53.84615384615385,61.675824175824175,55
Hong Kong Cricket Club Rockettes,46.15384615384615,61.53846153846154,66.66666666666666,63.63636363636363,59.4988344988345,49
JESSICA Smashin' Mochi,20.0,33.33333333333333,80.0,86.66666666666667,55.0,60
Hong Kong Football Club L3C,71.42857142857143,73.33333333333333,20.0,28.57142857142857,48.33333333333333,58
Physical Chess Ladies,76.92307692307693,23.076923076923077,45.45454545454545,33.33333333333333,44.6969696969697,46
The Squash Club Ladies,14.285714285714285,6.666666666666667,21.428571428571427,15.384615384615385,14.441391941391942,56
