Team,Rubber 1 Win %,Rubber 2 Win %,Rubber 3 Win %,Rubber 4 Win %,avg_win_perc,Total Rubbers
Hong Kong Football Club M1A,75.0,75.0,66.66666666666666,66.66666666666666,70.83333333333333,48
Hong Kong Football Club M1B,83.33333333333334,75.0,66.66666666666666,58.333333333333336,70.83333333333333,48
Ladies Recreation Club M1,16.666666666666664,50.0,83.33333333333334,66.66666666666666,54.166666666666664,48
Hong Kong Cricket Club M1A,61.53846153846154,7.6923076923076925,23.076923076923077,30.76923076923077,30.76923076923077,52
Hong Kong Cricket Club M1B,15.384615384615385,46.15384615384615,15.384615384615385,30.76923076923077,26.923076923076923,52
