Team,Rubber 1 Win %,Rubber 2 Win %,Rubber 3 Win %,Rubber 4 Win %,avg_win_perc,Total Rubbers
Hong Kong Football Club M1B,80.0,80.0,73.33333333333333,53.333333333333336,71.66666666666666,60
Hong Kong Football Club M1A,71.42857142857143,71.42857142857143,57.14285714285714,71.42857142857143,67.85714285714286,56
Ladies Recreation Club M1,13.333333333333334,40.0,86.66666666666667,66.66666666666666,51.666666666666664,60
Hong Kong Cricket Club M1A,60.0,13.333333333333334,20.0,26.666666666666668,30.0,60
Hong Kong Cricket Club M1B,26.666666666666668,46.666666666666664,13.333333333333334,33.33333333333333,29.999999999999996,60
