Team,Rubber 1 Win %,Rubber 2 Win %,Rubber 3 Win %,Rubber 4 Win %,Rubber 5 Win %,avg_win_perc,Total Rubbers
Hong Kong Football Club M2C,36.36363636363637,63.63636363636363,81.81818181818183,90.9090909090909,90.9090909090909,72.72727272727272,55
Hong Kong Football Club M2A,54.54545454545454,45.45454545454545,81.81818181818183,81.81818181818183,63.63636363636363,65.45454545454545,55
United Services Recreation Club M2,60.0,70.0,60.0,50.0,80.0,64.0,50
Hong Kong Cricket Club M2,63.63636363636363,54.54545454545454,63.63636363636363,81.81818181818183,54.54545454545454,63.63636363636364,55
Old Squash Fellows,88.88888888888889,77.77777777777779,33.33333333333333,22.22222222222222,25.0,49.44444444444444,44
Royal Hong Kong Yacht Club M2,80.0,20.0,40.0,50.0,50.0,48.0,50
Ladies Recreation Club M2,36.36363636363637,54.54545454545454,36.36363636363637,45.45454545454545,27.27272727272727,40.00000000000001,55
Hong Kong Football Club M2B,30.0,70.0,40.0,20.0,30.0,38.0,50
Titlows Squash Team,9.090909090909092,0.0,9.090909090909092,0.0,20.0,7.636363636363638,54
