Team,Rubber 1 Win %,Rubber 2 Win %,Rubber 3 Win %,Rubber 4 Win %,Rubber 5 Win %,avg_win_perc,Total Rubbers
Hong Kong Football Club M2C,38.46153846153847,61.53846153846154,76.92307692307693,92.3076923076923,92.3076923076923,72.3076923076923,65
Hong Kong Football Club M2A,53.84615384615385,46.15384615384615,76.92307692307693,84.61538461538461,69.23076923076923,66.15384615384616,65
Hong Kong Cricket Club M2,61.53846153846154,53.84615384615385,61.53846153846154,76.92307692307693,53.84615384615385,61.53846153846155,65
United Services Recreation Club M2,50.0,75.0,66.66666666666666,41.66666666666667,66.66666666666666,60.0,60
Old Squash Fellows,91.66666666666666,75.0,33.33333333333333,25.0,18.181818181818183,48.63636363636364,59
Royal Hong Kong Yacht Club M2,75.0,16.666666666666664,41.66666666666667,41.66666666666667,50.0,45.0,60
Ladies Recreation Club M2,33.33333333333333,58.333333333333336,41.66666666666667,50.0,25.0,41.666666666666664,60
Hong Kong Football Club M2B,38.46153846153847,61.53846153846154,30.76923076923077,23.076923076923077,46.15384615384615,40.0,65
Titlows Squash Team,8.333333333333332,0.0,16.666666666666664,8.333333333333332,18.181818181818183,10.303030303030303,59
