Team,Rubber 1 Win %,Rubber 2 Win %,Rubber 3 Win %,Rubber 4 Win %,Rubber 5 Win %,avg_win_perc,Total Rubbers
Phoenix,73.33333333333333,100.0,93.33333333333333,85.71428571428571,64.28571428571429,83.33333333333333,73
Kowloon Cricket Club M3,68.75,81.25,81.25,43.75,66.66666666666666,68.33333333333333,79
Hong Kong Football Club M3A,66.66666666666666,46.666666666666664,86.66666666666667,64.28571428571429,42.857142857142854,61.42857142857142,73
Hong Kong Cricket Club M3,68.75,37.5,43.75,56.25,62.5,53.75,80
Royal Hong Kong Yacht Club M3,46.666666666666664,53.333333333333336,40.0,40.0,66.66666666666666,49.33333333333333,75
United Services Recreation Club M3,31.25,43.75,43.75,56.25,60.0,47.0,79
Hong Kong Club Blue,61.53846153846154,23.076923076923077,23.076923076923077,38.46153846153847,23.076923076923077,33.84615384615385,65
Hong Kong Football Club M3B,31.25,37.5,18.75,31.25,31.25,30.0,80
Bolton,0.0,21.428571428571427,14.285714285714285,35.714285714285715,28.57142857142857,19.999999999999996,70
