Team,Rubber 1 Win %,Rubber 2 Win %,Rubber 3 Win %,Rubber 4 Win %,Rubber 5 Win %,avg_win_perc,Total Rubbers
Phoenix,90.9090909090909,100.0,100.0,81.81818181818183,63.63636363636363,87.27272727272727,55
Kowloon Cricket Club M3,66.66666666666666,83.33333333333334,83.33333333333334,33.33333333333333,72.72727272727273,67.87878787878789,59
Hong Kong Cricket Club M3,76.92307692307693,46.15384615384615,53.84615384615385,61.53846153846154,61.53846153846154,60.0,65
Hong Kong Football Club M3A,58.333333333333336,58.333333333333336,83.33333333333334,58.333333333333336,41.66666666666667,60.0,60
Royal Hong Kong Yacht Club M3,46.15384615384615,53.84615384615385,46.15384615384615,46.15384615384615,69.23076923076923,52.30769230769231,65
United Services Recreation Club M3,33.33333333333333,33.33333333333333,41.66666666666667,50.0,45.45454545454545,40.75757575757575,59
Hong Kong Club Blue,63.63636363636363,27.27272727272727,18.181818181818183,45.45454545454545,27.27272727272727,36.36363636363637,55
Hong Kong Football Club M3B,23.076923076923077,38.46153846153847,15.384615384615385,38.46153846153847,38.46153846153847,30.769230769230774,65
Bolton,0.0,15.384615384615385,15.384615384615385,38.46153846153847,30.76923076923077,20.000000000000004,65
