Team,Rubber 1 Win %,Rubber 2 Win %,Rubber 3 Win %,Rubber 4 Win %,Rubber 5 Win %,avg_win_perc,Total Rubbers
Phoenix,90.0,100.0,100.0,90.0,70.0,90.0,50
Kowloon Cricket Club M3,77.77777777777779,77.77777777777779,88.88888888888889,44.44444444444444,75.0,72.77777777777779,44
Hong Kong Football Club M3A,60.0,70.0,80.0,50.0,40.0,60.0,50
Hong Kong Cricket Club M3,70.0,40.0,40.0,70.0,60.0,56.0,50
Royal Hong Kong Yacht Club M3,40.0,60.0,50.0,30.0,70.0,50.0,50
Hong Kong Club Blue,66.66666666666666,22.22222222222222,11.11111111111111,44.44444444444444,33.33333333333333,35.55555555555556,45
United Services Recreation Club M3,20.0,20.0,40.0,50.0,33.33333333333333,32.666666666666664,49
Hong Kong Football Club M3B,30.0,40.0,20.0,40.0,30.0,32.0,50
Bolton,0.0,20.0,20.0,30.0,40.0,22.0,50
