Team,Rubber 1 Win %,Rubber 2 Win %,Rubber 3 Win %,Rubber 4 Win %,Rubber 5 Win %,avg_win_perc,Total Rubbers
RELAY 2,62.5,62.5,75.0,100.0,80.0,76.0,37
Electrify Squash Div 15,100.0,100.0,75.0,66.66666666666666,0.0,68.33333333333333,17
Squash-On,100.0,100.0,100.0,0.0,0.0,60.0,3
Squashathon MeGa,80.0,40.0,40.0,50.0,66.66666666666666,55.33333333333333,22
Fusion Squash Club 3,66.66666666666666,33.33333333333333,50.0,75.0,33.33333333333333,51.666666666666664,25
Serve - Ivors,100.0,0.0,100.0,50.0,0.0,50.0,9
TNG 3,0.0,50.0,50.0,37.5,100.0,47.5,38
i-Mask Advance Squash Club 6,16.666666666666664,16.666666666666664,33.33333333333333,40.0,75.0,36.33333333333333,27
