Team Name,Home,Average Home Score,Average Away Score,home_away_diff
Craigengower Cricket Club,Craigengower Cricket Club,0.7777777777777778,0.1111111111111111,0.6666666666666667
Bravo D10,Cornwall Street Squash Centre,1.8,1.7142857142857142,0.08571428571428585
The Hong Kong Jockey Club Div 10,HKJC Sha Tin Club House,3.888888888888889,4.0,-0.11111111111111116
United Services Recreation Club 3,United Services Recreation Club,2.6666666666666665,2.7777777777777777,-0.11111111111111116
Sha Tin 4,Cornwall Street Squash Centre,1.8333333333333333,2.0,-0.16666666666666674
RELAY 1,Cornwall Street Squash Centre,2.857142857142857,3.6,-0.7428571428571429
Banbil,HK Squash Centre,2.6666666666666665,4.0,-1.3333333333333335
