Team,Played,Won,Lost,Points,Playoffs,1,2,3,4,5,6,7
The Squash Club 2,18,12.06906906906907,5.930930930930931,64.7937937937938,97.3973973973974,52.552552552552555,26.926926926926924,12.912912912912914,5.005005005005005,1.8018018018018018,0.7007007007007007,0.10010010010010009
Hong Kong Football Club 7B,18,10.774774774774775,7.225225225225225,61.81981981981982,93.49349349349349,26.626626626626624,30.53053053053053,23.123123123123122,13.213213213213212,4.3043043043043046,2.1021021021021022,0.10010010010010009
Kowloon Cricket Club 7,18,10.694694694694695,7.305305305305305,58.446446446446444,82.08208208208208,13.113113113113112,23.223223223223226,27.427427427427425,18.31831831831832,12.312312312312311,4.904904904904905,0.7007007007007007
Xavier,18,9.263263263263264,8.736736736736738,54.771771771771775,61.56156156156156,5.805805805805806,11.21121121121121,18.71871871871872,25.825825825825827,24.324324324324326,12.312312312312311,1.8018018018018018
Physical Chess 2,18,7.597597597597598,10.402402402402402,50.549549549549546,34.73473473473474,0.9009009009009009,4.604604604604605,9.10910910910911,20.12012012012012,27.427427427427425,32.032032032032035,5.805805805805806
Hong Kong Cricket Club 6,18,7.56056056056056,10.43943943943944,49.566566566566564,29.229229229229226,1.001001001001001,3.4034034034034035,8.408408408408409,16.416416416416414,26.226226226226224,36.63663663663664,7.907907907907907
Twister 2,18,5.04004004004004,12.95995995995996,38.052052052052055,1.5015015015015014,0.0,0.10010010010010009,0.3003003003003003,1.1011011011011012,3.6036036036036037,11.31131131131131,83.58358358358359
