Team,Played,Won,Lost,Points,Playoffs,1,2,3,4,5,6
Kowloon Cricket Club 1A,10,6.673673673673674,3.3263263263263263,24.51751751751752,96.49649649649649,46.046046046046044,28.22822822822823,14.814814814814813,7.4074074074074066,3.1031031031031033,0.40040040040040037
Hong Kong Cricket Club 1,10,6.634634634634635,3.3653653653653652,23.46846846846847,95.39539539539538,33.233233233233236,30.53053053053053,19.21921921921922,12.412412412412413,4.404404404404405,0.20020020020020018
Hong Kong Football Club 1A,10,5.586586586586586,4.413413413413414,21.265265265265263,85.98598598598599,13.813813813813812,22.52252252252252,25.825825825825827,23.823823823823822,10.31031031031031,3.7037037037037033
FWD,10,4.58058058058058,5.41941941941942,20.17917917917918,75.47547547547548,6.106106106106106,14.114114114114114,25.425425425425423,29.82982982982983,18.01801801801802,6.506506506506507
Hong Kong Football Club 1B,10,3.3603603603603602,6.63963963963964,16.546546546546544,32.232232232232235,0.8008008008008007,3.4034034034034035,11.01101101101101,17.017017017017018,38.03803803803804,29.72972972972973
Kowloon Cricket Club 1B,10,3.164164164164164,6.8358358358358355,14.023023023023024,14.414414414414415,0.0,1.2012012012012012,3.7037037037037033,9.50950950950951,26.126126126126124,59.45945945945946
