Team,Played,Won,Lost,Points,Playoffs,1,2,3,4,5,6
Kowloon Cricket Club 1A,10,7.177835567113423,2.822164432886577,26.022204440888178,99.35987197439486,50.23004600920184,28.765753150630125,13.942788557711541,6.42128425685137,0.640128025605121,0.0
Hong Kong Cricket Club 1,10,7.06621324264853,2.9337867573514704,24.69753950790158,98.59971994398882,34.40688137627526,33.68673734746949,20.504100820164034,10.002000400080016,1.300260052010402,0.10002000400080016
Hong Kong Football Club 1A,10,5.880376075215043,4.119623924784957,22.14162832566513,93.67873574714943,10.842168433686737,23.88477695539108,34.02680536107221,24.9249849969994,5.601120224044809,0.7201440288057611
FWD,10,4.718543708741748,5.281456291258252,20.59891978395679,84.47689537907581,4.360872174434887,12.682536507301458,26.605321064212845,40.82816563312662,13.882776555311063,1.6403280656131225
Hong Kong Football Club 1B,10,2.858371674334867,7.141628325665133,15.168233646729346,19.72394478895779,0.14002800560112022,0.8601720344068814,4.240848169633927,14.482896579315863,55.611122224444884,24.664932986597318
Kowloon Cricket Club 1B,10,2.298659731946389,7.7013402680536105,11.371474294858972,4.160832166433287,0.020004000800160033,0.12002400480096019,0.6801360272054411,3.340668133626725,22.96459291858372,72.87457491498299
