Team,Played,Won,Lost,Points,Playoffs,1,2,3,4,5,6
Kowloon Cricket Club 1A,10,6.876876876876877,3.123123123123123,25.125125125125123,97.8978978978979,46.44644644644645,29.32932932932933,13.613613613613614,8.508508508508509,2.002002002002002,0.10010010010010009
Hong Kong Cricket Club 1,10,6.767767767767768,3.2322322322322323,23.864864864864863,95.7957957957958,33.233233233233236,30.930930930930934,21.12112112112112,10.51051051051051,3.8038038038038042,0.40040040040040037
Hong Kong Football Club 1A,10,5.702702702702703,4.297297297297297,21.55955955955956,89.08908908908909,12.412412412412413,22.22222222222222,29.629629629629626,24.824824824824827,8.708708708708707,2.2022022022022023
FWD,10,4.648648648648649,5.351351351351351,20.453453453453456,79.67967967967968,7.4074074074074066,14.514514514514515,25.425425425425423,32.33233233233233,17.117117117117118,3.203203203203203
Hong Kong Football Club 1B,10,3.235235235235235,6.764764764764765,16.17117117117117,29.32932932932933,0.5005005005005005,2.2022022022022023,8.008008008008009,18.61861861861862,44.24424424424424,26.426426426426424
Kowloon Cricket Club 1B,10,2.7687687687687688,7.231231231231231,12.825825825825826,8.208208208208209,0.0,0.8008008008008007,2.2022022022022023,5.205205205205205,24.124124124124123,67.66766766766766
