Team,Played,Won,Lost,Points,Playoffs,1,2,3,4,5
JESSICA L1,8,6.5811623246492985,1.4188376753507015,24.26452905811623,100.00000000000001,91.18236472945893,7.214428857715431,1.2024048096192386,0.4008016032064128,0.0
Kowloon Cricket Club L1A,8,3.9899799599198396,4.01002004008016,15.861723446893787,95.39078156312625,4.809619238476954,32.86573146292585,33.86773547094188,23.847695390781563,4.609218436873747
Kowloon Cricket Club L1B,8,3.7374749498997994,4.2625250501002006,15.703406813627254,95.59118236472945,3.2064128256513023,35.47094188376754,32.46492985971944,24.448897795591183,4.408817635270541
Hong Kong Football Club L1,8,3.781563126252505,4.218436873747494,14.27254509018036,83.56713426853707,0.6012024048096193,22.24448897795591,28.256513026052104,32.46492985971944,16.432865731462925
Hong Kong Cricket Club L1,8,1.9098196392785571,6.090180360721443,9.897795591182364,25.450901803607216,0.2004008016032064,2.2044088176352705,4.208416833667335,18.837675350701403,74.54909819639278
