Team,Played,Won,Lost,Points,Playoffs,1,2,3,4,5,6,7,8,9
Young Player 3,16,11.192596298149073,4.807403701850925,62.519259629814904,97.74887443721862,37.46873436718359,28.414207103551774,19.15957978989495,12.706353176588294,2.1010505252626315,0.1500750375187594,0.0,0.0,0.0
Hong Kong Football Club 3A,16,12.195597798899449,3.8044022011005505,62.456228114057026,98.04902451225612,38.46923461730866,28.46423211605803,20.460230115057527,10.655327663831917,1.900950475237619,0.0,0.05002501250625312,0.0,0.0
Kowloon Cricket Club 3B,16,11.2016008004002,4.7983991995998,59.423211605802905,93.04652326163082,15.807903951975987,25.062531265632813,29.164582291145575,23.011505752876438,6.603301650825413,0.3501750875437719,0.0,0.0,0.0
Kowloon Cricket Club 3A,16,10.222111055527764,5.777888944472236,57.62231115557779,89.74487243621812,8.15407703851926,16.758379189594798,26.813406703351678,38.019009504752376,9.304652326163081,0.750375187593797,0.2001000500250125,0.0,0.0
Happy Squash 1,16,8.82041020510255,7.179589794897448,49.30165082541271,19.909954977488745,0.10005002501250625,1.3006503251625814,4.352176088044022,14.157078539269635,63.2816408204102,13.706853426713355,2.9514757378689347,0.1500750375187594,0.0
NEXUS 1,16,6.307653826913457,9.692346173086543,42.33016508254127,1.0505252626313157,0.0,0.0,0.05002501250625312,1.0005002501250626,11.605802901450724,53.6768384192096,29.014507253626814,4.252126063031516,0.400200100050025
TNGX,16,5.529764882441221,10.47023511755878,39.40870435217609,0.4502251125562781,0.0,0.0,0.0,0.4502251125562781,5.002501250625312,28.31415707853927,55.02751375687844,10.055027513756878,1.150575287643822
Hong Kong Football Club 3B,16,3.507753876938469,12.49224612306153,30.39869934967484,0.0,0.0,0.0,0.0,0.0,0.1500750375187594,2.1510755377688846,8.754377188594297,55.727863931965985,33.21660830415208
Sha Tin 1,16,3.0225112556278138,12.977488744372186,27.539769884942473,0.0,0.0,0.0,0.0,0.0,0.05002501250625312,0.9004502251125562,4.00200100050025,29.814907453726864,65.23261630815408
