Team,Rubber 1 Win %,Rubber 2 Win %,Rubber 3 Win %,Rubber 4 Win %,Rubber 5 Win %,avg_win_perc,Total Rubbers
i-Mask Advance Squash Club 2,66.66666666666666,83.33333333333334,66.66666666666666,83.33333333333334,60.0,72.0,29
Sha Tin 3,85.71428571428571,71.42857142857143,71.42857142857143,71.42857142857143,50.0,70.0,34
Physical Chess 3,50.0,75.0,50.0,62.5,87.5,65.0,40
Squashathon Zero,57.14285714285714,57.14285714285714,57.14285714285714,57.14285714285714,85.71428571428571,62.857142857142854,35
Kinetic 2,28.57142857142857,14.285714285714285,42.857142857142854,71.42857142857143,33.33333333333333,38.095238095238095,34
TOMCAT,62.5,37.5,62.5,0.0,25.0,37.5,40
LONGVIEW,0.0,14.285714285714285,0.0,14.285714285714285,0.0,5.7142857142857135,34
