Team,Rubber 1 Win %,Rubber 2 Win %,Rubber 3 Win %,Rubber 4 Win %,avg_win_perc,Total Rubbers
Kowloon Cricket Club L2B,42.857142857142854,71.42857142857143,71.42857142857143,100.0,71.42857142857143,26
Hong Kong Football Club L2B,57.14285714285714,83.33333333333334,66.66666666666666,60.0,66.78571428571428,24
Kowloon Cricket Club L2A,50.0,60.0,40.0,33.33333333333333,45.83333333333333,21
Hong Kong Cricket Club L2,42.857142857142854,16.666666666666664,33.33333333333333,40.0,33.21428571428571,24
Hong Kong Football Club L2A,57.14285714285714,16.666666666666664,33.33333333333333,16.666666666666664,30.95238095238095,25
