Team,Rubber 1 Win %,Rubber 2 Win %,Rubber 3 Win %,Rubber 4 Win %,avg_win_perc,Total Rubbers
JESSICA L3,28.57142857142857,85.71428571428571,71.42857142857143,85.71428571428571,67.85714285714286,28
Hong Kong Football Club L3B,71.42857142857143,57.14285714285714,42.857142857142854,60.0,57.857142857142854,26
Hong Kong Cricket Club L3,57.14285714285714,42.857142857142854,57.14285714285714,66.66666666666666,55.95238095238095,27
Hong Kong Football Club L3A,85.71428571428571,42.857142857142854,28.57142857142857,20.0,44.28571428571428,26
Hong Kong Football Club L3C,12.5,25.0,50.0,14.285714285714285,25.44642857142857,31
