Team,Rubber 1 Win %,Rubber 2 Win %,Rubber 3 Win %,Rubber 4 Win %,avg_win_perc,Total Rubbers
Kowloon Cricket Club 2,100.0,100.0,80.0,80.0,90.0,20
Hong Kong Football Club 2A,33.33333333333333,66.66666666666666,66.66666666666666,33.33333333333333,49.999999999999986,12
Hong Kong Football Club 2B,25.0,50.0,50.0,50.0,43.75,16
Hong Kong Cricket Club 2,50.0,50.0,16.666666666666664,50.0,41.666666666666664,24
Young Player 2,0.0,0.0,0.0,33.33333333333333,8.333333333333332,15
