Team,Rubber 1 Win %,Rubber 2 Win %,Rubber 3 Win %,Rubber 4 Win %,Rubber 5 Win %,avg_win_perc,Total Rubbers
Kowloon Cricket Club L2B,41.66666666666667,75.0,75.0,87.5,100.0,75.83333333333334,45
Hong Kong Football Club L2B,61.53846153846154,83.33333333333334,80.0,77.77777777777779,0.0,60.529914529914535,44
Kowloon Cricket Club L2A,38.46153846153847,44.44444444444444,42.857142857142854,33.33333333333333,0.0,31.819291819291823,33
Hong Kong Football Club L2A,64.28571428571429,33.33333333333333,30.0,11.11111111111111,0.0,27.746031746031747,45
Hong Kong Cricket Club L2,41.66666666666667,9.090909090909092,18.181818181818183,33.33333333333333,0.0,20.454545454545457,43
