Team,Rubber 1 Win %,Rubber 2 Win %,Rubber 3 Win %,Rubber 4 Win %,Rubber 5 Win %,avg_win_perc,Total Rubbers
Kowloon Cricket Club M3,92.85714285714286,78.57142857142857,92.85714285714286,71.42857142857143,57.14285714285714,78.57142857142858,70
Hong Kong Football Club M3A,60.0,86.66666666666667,66.66666666666666,85.71428571428571,71.42857142857143,74.0952380952381,73
Hong Kong Cricket Club M3,35.714285714285715,64.28571428571429,78.57142857142857,76.92307692307693,81.81818181818183,67.46253746253747,66
Hong Kong Football Club M3B,53.333333333333336,66.66666666666666,46.666666666666664,46.666666666666664,57.14285714285714,54.095238095238095,74
Royal Hong Kong Yacht Club M3,64.28571428571429,28.57142857142857,35.714285714285715,42.857142857142854,42.857142857142854,42.85714285714286,70
OSF,28.57142857142857,14.285714285714285,14.285714285714285,7.6923076923076925,30.0,18.967032967032967,65
Titlows Squash Master,14.285714285714285,7.142857142857142,14.285714285714285,15.384615384615385,7.6923076923076925,11.758241758241757,68
