Team,Rubber 1 Win %,Rubber 2 Win %,Rubber 3 Win %,Rubber 4 Win %,Rubber 5 Win %,avg_win_perc
Squash Busters,14.285714285714285,42.85714285714286,0.0,80.0,55.0,38.42857142857143
North District Sports Association 3,20.83333333333333,-12.5,-4.166666666666671,66.66666666666666,50.0,24.166666666666664
HKIS Div 15,0.0,0.0,0.0,33.33333333333333,20.0,10.666666666666666
Hong Kong Cricket Club D15,-5.555555555555557,16.666666666666657,5.555555555555543,-11.111111111111114,40.0,9.1111111111111
United Services Recreation Club 4,-25.0,-5.555555555555557,12.5,0.0,33.33333333333333,3.055555555555557
Royal Hong Kong Yacht Club Div 15,-12.5,0.0,-35.714285714285715,20.83333333333333,21.42857142857143,-1.1904761904761898
Squashathon X,-49.99999999999999,16.66666666666667,6.666666666666657,-10.0,16.666666666666657,-4.000000000000007
Sha Tin 6,-22.222222222222214,0.0,-18.055555555555557,28.571428571428577,-23.333333333333336,-7.007936507936506
