Team,Played,Won,Lost,Points,Playoffs,1,2,3,4,5,6,7,8
Friend Club,21,12.51951951951952,8.48048048048048,71.07307307307308,86.08608608608608,39.83983983983984,22.52252252252252,14.014014014014014,9.70970970970971,8.008008008008009,3.003003003003003,2.1021021021021022,0.8008008008008007
i-Mask Advance Squash Club 3,21,12.466466466466466,8.533533533533534,69.69969969969969,83.38338338338339,30.930930930930934,25.325325325325327,16.116116116116117,11.01101101101101,7.6076076076076085,5.405405405405405,3.003003003003003,0.6006006006006006
Kwai Tsing District Squash Club,21,11.042042042042041,9.957957957957959,64.09809809809809,57.35735735735736,9.50950950950951,13.913913913913914,17.31731731731732,16.616616616616618,15.515515515515515,12.312312312312311,9.90990990990991,4.904904904904905
HKPF Squash Team,21,10.328328328328329,10.671671671671671,63.910910910910914,55.85585585585586,7.6076076076076085,13.213213213213212,18.01801801801802,17.017017017017018,16.016016016016017,14.014014014014014,9.10910910910911,5.005005005005005
Kowloon Cricket Club 9,21,10.072072072072071,10.927927927927929,62.34234234234234,45.04504504504504,5.405405405405405,11.411411411411411,13.413413413413414,14.814814814814813,16.416416416416414,17.51751751751752,13.713713713713712,7.307307307307307
The Best Group 2,21,10.326326326326326,10.673673673673674,61.326326326326324,41.24124124124124,4.804804804804805,9.00900900900901,11.911911911911911,15.515515515515515,15.415415415415415,16.516516516516518,16.616616616616618,10.21021021021021
Centre Squash,21,8.681681681681681,12.318318318318319,56.746746746746744,18.71871871871872,1.3013013013013013,2.8028028028028027,5.7057057057057055,8.90890890890891,12.112112112112113,15.715715715715717,23.923923923923923,29.52952952952953
Hong Kong Football Club 9,21,8.563563563563564,12.436436436436436,54.8028028028028,12.312312312312311,0.6006006006006006,1.8018018018018018,3.5035035035035036,6.406406406406406,8.90890890890891,15.515515515515515,21.62162162162162,41.64164164164164
