Team,Played,Won,Lost,Points,Playoffs,1,2,3,4,5,6,7,8,9
Hong Kong Football Club 3A,16,13.008004002001002,2.9919959979989996,64.70085042521261,99.79989994997499,55.77788894447223,24.662331165582792,12.456228114057028,6.903451725862932,0.2001000500250125,0.0,0.0,0.0,0.0
Kowloon Cricket Club 3A,16,10.925962981490745,5.074037018509255,61.422211105552776,98.1990995497749,19.85992996498249,30.61530765382691,26.263131565782892,21.46073036518259,1.8009004502251125,0.0,0.0,0.0,0.0
Kowloon Cricket Club 3B,16,11.604802401200601,4.3951975987994,60.21510755377689,98.09904952476238,15.70785392696348,23.21160580290145,32.16608304152076,27.01350675337669,1.7508754377188593,0.1500750375187594,0.0,0.0,0.0
Young Player 3,16,9.856428214107053,6.143571785892947,59.15407703851926,96.74837418709355,8.65432716358179,21.260630315157577,27.863931965982992,38.969484742371186,3.001500750375188,0.25012506253126565,0.0,0.0,0.0
Happy Squash 1,16,8.159579789894948,7.840420210105052,47.65232616308154,6.753376688344171,0.0,0.2001000500250125,1.250625312656328,5.302651325662831,72.28614307153578,17.75887943971986,3.0515257628814405,0.1500750375187594,0.0
NEXUS 1,16,6.212606303151576,9.787393696848424,41.86543271635818,0.3501750875437719,0.0,0.05002501250625312,0.0,0.3001500750375188,16.908454227113555,52.02601300650325,25.312656328164078,5.002501250625312,0.400200100050025
TNGX,16,5.711855927963982,10.288144072036019,38.096548274137064,0.05002501250625312,0.0,0.0,0.0,0.05002501250625312,3.851925962981491,25.662831415707853,55.82791395697849,13.606803401700851,1.0005002501250626
Sha Tin 1,16,4.0685342671335665,11.931465732866434,31.628314157078538,0.0,0.0,0.0,0.0,0.0,0.2001000500250125,4.052026013006503,14.007003501750875,62.98149074537268,18.75937968984492
Hong Kong Football Club 3B,16,2.452226113056528,13.547773886943471,26.265132566283143,0.0,0.0,0.0,0.0,0.0,0.0,0.10005002501250625,1.8009004502251125,18.25912956478239,79.83991995998
