Team,Rubber 1 Win %,Rubber 2 Win %,Rubber 3 Win %,avg_win_perc,Total Rubbers
PERRIER SERGIO TACCHINI KCC 1,55.55555555555556,77.77777777777779,100.0,77.77777777777779,27
Food Angel,66.66666666666666,55.55555555555556,44.44444444444444,55.55555555555555,27
Hong Kong Football Club 1,62.5,28.57142857142857,42.857142857142854,44.64285714285714,22
Young Player 1B,33.33333333333333,50.0,25.0,36.11111111111111,25
Young Player 1A,33.33333333333333,33.33333333333333,33.33333333333333,33.33333333333333,27
