Team,Rubber 1 Win %,Rubber 2 Win %,Rubber 3 Win %,Rubber 4 Win %,Rubber 5 Win %,avg_win_perc,Total Rubbers
PERRIER SERGIO TACCHINI KCC 3,55.55555555555556,88.88888888888889,75.0,87.5,71.42857142857143,75.67460317460318,41
United Services Recreation Club - FWD 1,75.0,62.5,75.0,71.42857142857143,71.42857142857143,71.07142857142858,38
Hong Kong Football Club 3B,37.5,87.5,50.0,50.0,71.42857142857143,59.28571428571429,39
Young Player 3,100.0,44.44444444444444,50.0,50.0,25.0,53.88888888888889,42
Hong Kong Football Club 3A,30.0,40.0,44.44444444444444,50.0,71.42857142857143,47.17460317460318,44
i-Mask Advance Squash Club 1,37.5,25.0,60.0,0.0,0.0,24.5,30
Raptors,12.5,0.0,0.0,25.0,16.666666666666664,10.833333333333332,38
