Team,Rubber 1 Win %,Rubber 2 Win %,Rubber 3 Win %,Rubber 4 Win %,Rubber 5 Win %,avg_win_perc,Total Rubbers
Hong Kong Football Club 8A,77.77777777777779,100.0,100.0,66.66666666666666,50.0,78.88888888888889,44
PERRIER SERGIO TACCHINI KCC 6,75.0,75.0,62.5,50.0,75.0,67.5,40
Hong Kong Cricket Club 8,66.66666666666666,55.55555555555556,44.44444444444444,77.77777777777779,55.55555555555556,60.0,45
Hong Kong Football Club 8B,40.0,40.0,60.0,70.0,60.0,54.0,50
HEAD SHATIN 3,22.22222222222222,33.33333333333333,33.33333333333333,12.5,50.0,30.27777777777778,43
i-Mask Advance Squash Club 5,22.22222222222222,0.0,0.0,12.5,0.0,6.944444444444445,42
