Team,Rubber 1 Win %,Rubber 2 Win %,Rubber 3 Win %,Rubber 4 Win %,Rubber 5 Win %,avg_win_perc,Total Rubbers
Alpha CUHK Master,100.0,90.0,90.0,80.0,66.66666666666666,85.33333333333333,49
PERRIER SERGIO TACCHINI KCC M4,90.0,70.0,50.0,90.0,100.0,80.0,50
WAKO Masters,45.45454545454545,63.63636363636363,81.81818181818183,72.72727272727273,63.63636363636363,65.45454545454547,55
Hong Kong Cricket Club M4,54.54545454545454,54.54545454545454,72.72727272727273,54.54545454545454,72.72727272727273,61.81818181818181,55
The Hong Kong Club Blue,45.45454545454545,45.45454545454545,36.36363636363637,27.27272727272727,40.0,38.909090909090914,54
Bolton,36.36363636363637,27.27272727272727,63.63636363636363,36.36363636363637,27.27272727272727,38.18181818181819,55
Hong Kong Football Club M4,18.181818181818183,27.27272727272727,9.090909090909092,36.36363636363637,36.36363636363637,25.454545454545457,55
Royal Hong Kong Yacht Club M4,18.181818181818183,27.27272727272727,0.0,9.090909090909092,0.0,10.90909090909091,55
