Team,Rubber 1 Win %,Rubber 2 Win %,Rubber 3 Win %,Rubber 4 Win %,Rubber 5 Win %,avg_win_perc
North District Sports Association 3,66.66666666666669,33.33333333333334,63.333333333333336,-10.0,10.0,32.66666666666668
Electrify Squash Div 14,25.714285714285715,40.0,33.33333333333334,-8.333333333333329,33.33333333333333,24.80952380952381
X-Alpha 6,0.0,-10.0,0.0,25.0,50.0,13.0
Kowloon Cricket Club 14,16.666666666666686,0.0,-10.0,20.0,30.0,11.333333333333336
Hong Kong Football Club 14A,20.0,15.0,10.0,0.0,-8.333333333333343,7.333333333333329
Ladies Recreation Club Div 14,-13.333333333333343,-16.666666666666657,8.333333333333343,26.66666666666667,10.0,3.000000000000014
Hong Kong Football Club 14B,20.0,0.0,16.66666666666667,-100.0,0.0,-12.666666666666664
8 Virtues + 1,-30.0,0.0,0.0,-33.33333333333333,-33.33333333333334,-19.333333333333336
