Team,Rubber 1 Win %,Rubber 2 Win %,Rubber 3 Win %,Rubber 4 Win %,Rubber 5 Win %,avg_win_perc
Hong Kong Cricket Club 6,-10.0,-15.0,35.0,-40.0,40.0,2.0
Kowloon Cricket Club 7,-10.714285714285708,28.57142857142857,35.714285714285715,-60.71428571428571,0.0,-1.4285714285714235
Physical Chess 2,-50.0,66.66666666666666,16.666666666666657,16.666666666666657,-100.0,-10.000000000000007
Hong Kong Football Club 7B,-20.0,0.0,-40.0,40.0,-40.0,-12.0
The Squash Club 2,-33.33333333333334,-33.33333333333334,-33.33333333333334,0.0,33.33333333333333,-13.333333333333336
Xavier,0.0,0.0,0.0,-66.66666666666666,-33.33333333333333,-20.0
Twister 2,0.0,0.0,-50.0,-66.66666666666667,0.0,-23.333333333333336
