Team,Rubber 1 Win %,Rubber 2 Win %,Rubber 3 Win %,Rubber 4 Win %,avg_win_perc
Hong Kong Football Club L2C,33.33333333333333,0.0,33.33333333333333,0.0,16.666666666666664
Hong Kong Football Club L2B,33.33333333333333,0.0,0.0,-33.33333333333334,0.0
Kowloon Cricket Club L2,-7.142857142857139,-25.0,42.85714285714286,-16.666666666666686,-1.4880952380952408
JESSICA L2,20.0,-22.85714285714286,5.714285714285708,-16.66666666666667,-3.452380952380963
Hong Kong Football Club L2A,16.666666666666657,0.0,33.33333333333333,-66.66666666666667,-4.166666666666671
Hong Kong Cricket Club L2,0.0,-33.333333333333336,0.0,-33.33333333333333,-16.666666666666664
