Team Name,Home,Average Home Score,Average Away Score,home_away_diff
Electrify Squash Div 14,HK Squash Centre,3.6666666666666665,1.25,2.4166666666666665
Kowloon Cricket Club 14,Kowloon Cricket Club,3.6666666666666665,3.0,0.6666666666666665
Ladies Recreation Club Div 14,Ladies Recreation Club,4.25,3.6666666666666665,0.5833333333333335
X-Alpha 6,Cornwall Street Squash Centre,1.0,0.6666666666666666,0.33333333333333337
North District Sports Association 3,Cornwall Street Squash Centre,2.6666666666666665,2.5,0.16666666666666652
Hong Kong Football Club 14A,Hong Kong Football Club,2.6666666666666665,3.0,-0.3333333333333335
8 Virtues + 1,Java Road Sports Centre,1.3333333333333333,2.0,-0.6666666666666667
Hong Kong Football Club 14B,Hong Kong Football Club,1.6666666666666667,3.0,-1.3333333333333333
