Team,Rubber 1 Win %,Rubber 2 Win %,Rubber 3 Win %,Rubber 4 Win %,Rubber 5 Win %,avg_win_perc,Total Rubbers
Hong Kong Football Club 14A,100.0,50.0,50.0,100.0,100.0,80.0,8
Ladies Recreation Club Div 14,100.0,100.0,66.66666666666666,33.33333333333333,50.0,69.99999999999999,15
8 Virtues + 1,50.0,50.0,50.0,50.0,100.0,60.0,9
Hong Kong Football Club 14B,100.0,33.33333333333333,50.0,100.0,0.0,56.666666666666664,11
Kowloon Cricket Club 14,50.0,75.0,75.0,66.66666666666666,0.0,53.33333333333333,18
North District Sports Association 3,20.0,60.0,20.0,60.0,50.0,42.0,24
Electrify Squash Div 14,20.0,0.0,60.0,40.0,20.0,28.0,25
X-Alpha 6,0.0,66.66666666666666,0.0,0.0,0.0,13.333333333333332,10
