Team,Rubber 1 Win %,Rubber 2 Win %,Rubber 3 Win %,Rubber 4 Win %,Rubber 5 Win %,avg_win_perc
North District Sports Association 3,48.21428571428571,8.92857142857143,41.66666666666666,-12.5,17.142857142857146,20.69047619047619
Electrify Squash Div 14,12.5,12.5,17.85714285714286,-8.57142857142857,41.66666666666667,15.190476190476193
X-Alpha 6,-7.5,-7.142857142857146,0.0,25.0,50.0,12.071428571428573
Kowloon Cricket Club 14,4.761904761904773,-17.85714285714286,-29.16666666666667,42.85714285714286,45.714285714285715,9.261904761904766
Ladies Recreation Club Div 14,-20.833333333333343,-16.666666666666657,11.904761904761912,43.333333333333336,0.0,3.547619047619051
8 Virtues + 1,-25.0,-2.3809523809523796,25.0,16.666666666666657,-40.0,-5.142857142857139
Hong Kong Football Club 14A,-7.142857142857146,-16.666666666666657,16.66666666666667,0.0,-35.0,-8.42857142857143
Hong Kong Football Club 14B,11.904761904761912,-9.523809523809526,10.0,-66.66666666666667,0.0,-10.857142857142854
