Team,Rubber 1 Win %,Rubber 2 Win %,Rubber 3 Win %,Rubber 4 Win %,Rubber 5 Win %,avg_win_perc,Total Rubbers
Royal Hong Kong Yacht Club Div 15,56.25,93.75,81.25,60.0,33.33333333333333,64.91666666666666,75
Squashathon One,68.75,53.333333333333336,46.666666666666664,46.666666666666664,61.53846153846154,55.391025641025635,74
Physical Chess 5,43.75,31.25,40.0,69.23076923076923,91.66666666666666,55.17948717948718,72
United Services Recreation Club 4,62.5,43.75,37.5,57.14285714285714,33.33333333333333,46.845238095238095,74
Hong Kong Cricket Club 8,33.33333333333333,50.0,44.44444444444444,56.25,50.0,46.80555555555556,82
HKIS Div 15,56.25,60.0,53.333333333333336,28.57142857142857,30.76923076923077,45.78479853479854,73
Sha Tin 7,31.25,18.75,46.666666666666664,30.76923076923077,50.0,35.48717948717949,72
