Team,Rubber 1 Win %,Rubber 2 Win %,Rubber 3 Win %,Rubber 4 Win %,Rubber 5 Win %,avg_win_perc,Total Rubbers
SKCSC,63.1578947368421,63.1578947368421,78.94736842105263,68.42105263157895,68.42105263157895,68.42105263157895,95
Hong Kong Football Club M4A,94.73684210526315,68.42105263157895,78.94736842105263,52.63157894736842,47.368421052631575,68.42105263157893,95
United Services Recreation Club M4,42.10526315789473,31.57894736842105,57.89473684210527,94.73684210526315,84.21052631578947,62.105263157894726,95
Hong Kong Football Club M4B,78.94736842105263,57.89473684210527,57.89473684210527,52.63157894736842,36.84210526315789,56.8421052631579,95
WAKO,21.052631578947366,78.94736842105263,47.368421052631575,36.84210526315789,36.84210526315789,44.210526315789465,95
Royal Hong Kong Yacht Club M4,21.052631578947366,36.84210526315789,42.10526315789473,47.368421052631575,61.111111111111114,41.69590643274854,94
Hong Kong Club Blue,47.368421052631575,26.31578947368421,0.0,26.31578947368421,44.44444444444444,28.888888888888886,94
Bolton,31.57894736842105,36.84210526315789,36.84210526315789,21.052631578947366,17.647058823529413,28.792569659442723,93
