Team,Rubber 1 Win %,Rubber 2 Win %,Rubber 3 Win %,Rubber 4 Win %,Rubber 5 Win %,avg_win_perc,Total Rubbers
Electrify Squash Div 15,93.33333333333333,86.66666666666667,78.57142857142857,76.92307692307693,54.54545454545454,78.007992007992,68
RELAY 2,50.0,64.28571428571429,64.28571428571429,78.57142857142857,72.72727272727273,65.97402597402598,67
Squash-On,80.0,66.66666666666666,46.666666666666664,58.333333333333336,44.44444444444444,59.222222222222214,66
TNG 3,0.0,42.857142857142854,57.14285714285714,38.46153846153847,80.0,43.69230769230769,65
Squashathon MeGa,53.333333333333336,40.0,42.857142857142854,33.33333333333333,40.0,41.904761904761905,66
i-Mask Advance Squash Club 6,21.428571428571427,35.714285714285715,35.714285714285715,30.0,42.857142857142854,33.142857142857146,59
Serve - Ivors,70.0,30.0,37.5,20.0,0.0,31.5,36
Fusion Squash Club 3,33.33333333333333,26.666666666666668,33.33333333333333,38.46153846153847,22.22222222222222,30.803418803418804,67
