Team,Rubber 1 Win %,Rubber 2 Win %,Rubber 3 Win %,Rubber 4 Win %,Rubber 5 Win %,avg_win_perc,Total Rubbers
Dynamos Squash,85.71428571428571,85.71428571428571,91.66666666666666,72.72727272727273,80.0,83.16450216450217,56
Fusion Squash Club 1,50.0,53.333333333333336,69.23076923076923,72.72727272727273,87.5,66.55827505827506,63
NEXUS 3,71.42857142857143,84.61538461538461,50.0,37.5,25.0,53.708791208791204,51
X-Alpha 4,42.857142857142854,50.0,63.63636363636363,50.0,50.0,51.2987012987013,57
Vitality Squash 2,35.714285714285715,28.57142857142857,61.53846153846154,77.77777777777779,40.0,48.72039072039072,55
MERCURY,37.5,25.0,25.0,46.666666666666664,66.66666666666666,40.166666666666664,75
Happy Squash 3,75.0,66.66666666666666,25.0,0.0,25.0,38.33333333333333,55
LONGVIEW,12.5,18.75,26.666666666666668,46.15384615384615,20.0,24.814102564102562,70
