Team,Rubber 1 Win %,Rubber 2 Win %,Rubber 3 Win %,Rubber 4 Win %,Rubber 5 Win %,avg_win_perc,Total Rubbers
United Services Recreation Club M3,66.66666666666666,80.0,86.66666666666667,93.33333333333333,93.33333333333333,83.99999999999999,75
Royal Hong Kong Yacht Club M3,93.33333333333333,93.33333333333333,53.333333333333336,60.0,66.66666666666666,73.33333333333333,75
Hong Kong Football Club M3A,50.0,68.75,68.75,75.0,78.57142857142857,68.21428571428571,78
Hong Kong Football Club M3B,66.66666666666666,46.666666666666664,66.66666666666666,40.0,53.333333333333336,54.666666666666664,75
Old Squash Fellows,86.66666666666667,73.33333333333333,26.666666666666668,33.33333333333333,30.76923076923077,50.15384615384615,73
Hong Kong Cricket Club M3,12.5,18.75,43.75,25.0,37.5,27.5,80
Kowloon Cricket Club M3,25.0,12.5,31.25,43.75,21.428571428571427,26.785714285714285,78
Titlows Squash Team,6.25,12.5,25.0,31.25,18.75,18.75,80
