Team,Rubber 1 Win %,Rubber 2 Win %,Rubber 3 Win %,Rubber 4 Win %,Rubber 5 Win %,avg_win_perc,Total Rubbers
X-Alpha 1,100.0,100.0,40.0,100.0,60.0,80.0,25
Kowloon Cricket Club 4,80.0,80.0,100.0,60.0,60.0,76.0,25
Hong Kong Football Club 4A,28.57142857142857,71.42857142857143,42.857142857142854,57.14285714285714,66.66666666666666,53.33333333333333,34
United Services Recreation Club 1,66.66666666666666,50.0,83.33333333333334,20.0,25.0,49.0,27
Hong Kong Football Club 4B,25.0,0.0,100.0,50.0,50.0,45.0,20
Sha Tin 2,0.0,0.0,33.33333333333333,33.33333333333333,50.0,23.333333333333332,14
Hong Kong Cricket Club 3,20.0,0.0,40.0,20.0,20.0,20.0,25
NEXUS 2,75.0,25.0,0.0,0.0,0.0,20.0,19
