Team,Rubber 1 Win %,Rubber 2 Win %,Rubber 3 Win %,Rubber 4 Win %,Rubber 5 Win %,avg_win_perc,Total Rubbers
United Services Recreation Club 2,85.71428571428571,85.71428571428571,76.19047619047619,71.42857142857143,80.0,79.80952380952381,104
Friend Club 4,95.23809523809523,76.19047619047619,71.42857142857143,50.0,38.88888888888889,66.34920634920636,101
Hong Kong Football Club 10A,42.857142857142854,42.857142857142854,52.38095238095239,57.14285714285714,70.0,53.04761904761905,104
Hong Kong Football Club 10B,28.57142857142857,61.904761904761905,52.38095238095239,76.19047619047619,45.0,52.80952380952381,104
Social Squash Team,52.38095238095239,57.14285714285714,42.857142857142854,52.38095238095239,47.61904761904761,50.476190476190474,105
Twister 2,33.33333333333333,42.857142857142854,42.857142857142854,33.33333333333333,35.0,37.47619047619047,104
The Hong Kong Jockey Club Div 10,42.857142857142854,14.285714285714285,28.57142857142857,33.33333333333333,47.61904761904761,33.33333333333333,105
Friend Club 3,19.047619047619047,19.047619047619047,33.33333333333333,25.0,35.0,26.285714285714285,103
