Team,Rubber 1 Win %,Rubber 2 Win %,Rubber 3 Win %,Rubber 4 Win %,Rubber 5 Win %,avg_win_perc,Total Rubbers
North District Sports Association 3,58.82352941176471,76.47058823529412,64.70588235294117,81.25,69.23076923076923,70.09615384615384,80
SKYERS,78.94736842105263,68.42105263157895,77.77777777777779,22.22222222222222,100.0,69.47368421052632,72
Hong Kong Football Club 18,44.44444444444444,77.77777777777779,66.66666666666666,75.0,71.42857142857143,67.06349206349208,84
Kwai Tsing District Squash Club,33.33333333333333,50.0,70.58823529411765,68.75,54.54545454545454,55.443404634581114,80
Fusion Squash Club 4,56.25,43.75,62.5,53.333333333333336,27.27272727272727,48.621212121212125,74
Big Fight,64.70588235294117,50.0,20.0,41.66666666666667,50.0,45.27450980392157,70
Fa Yuen Street,26.31578947368421,27.77777777777778,29.411764705882355,25.0,42.857142857142854,30.27249496289744,84
Vitality Squash 3,40.0,10.0,10.0,22.22222222222222,12.5,18.944444444444446,94
