Team,Rubber 1 Win %,Rubber 2 Win %,Rubber 3 Win %,avg_win_perc,Total Rubbers
Hong Kong Football Club 1,75.0,37.5,53.333333333333336,55.27777777777778,47
Sergio Tacchini KCC 1,25.0,75.0,60.0,53.333333333333336,47
Young Player 1B,56.25,43.75,60.0,53.333333333333336,47
Young Player 1A,50.0,43.75,46.666666666666664,46.80555555555555,47
FWD 1,43.75,50.0,31.25,41.666666666666664,48
