Team,Rubber 1 Win %,Rubber 2 Win %,Rubber 3 Win %,Rubber 4 Win %,Rubber 5 Win %,avg_win_perc,Total Rubbers
Hong Kong Football Club 3A,56.25,75.0,81.25,76.92307692307693,75.0,72.88461538461539,69
Sergio Tacchini KCC 3,31.25,28.57142857142857,83.33333333333334,60.0,50.0,50.63095238095239,49
Young Player 3B,56.25,75.0,42.857142857142854,41.66666666666667,25.0,48.154761904761905,66
Hong Kong Football Club 3B,56.25,33.33333333333333,26.666666666666668,53.84615384615385,60.0,46.01923076923077,69
Young Player 3A,50.0,33.33333333333333,20.0,18.181818181818183,37.5,31.8030303030303,65
