Team,Rubber 1 Win %,Rubber 2 Win %,Rubber 3 Win %,Rubber 4 Win %,Rubber 5 Win %,avg_win_perc,Total Rubbers
Sergio Tacchini KCC 4,65.0,75.0,95.0,80.0,70.58823529411765,77.11764705882354,97
Happy Squash 1,100.0,90.47619047619048,66.66666666666666,52.38095238095239,57.89473684210527,73.48370927318295,103
Friend Club 1,85.0,55.00000000000001,50.0,70.0,46.666666666666664,61.333333333333336,95
Hong Kong Football Club 4A,38.095238095238095,38.095238095238095,66.66666666666666,75.0,78.94736842105263,59.3609022556391,102
The New Generation X,35.0,55.00000000000001,40.0,31.57894736842105,38.88888888888889,40.093567251461984,97
Hong Kong Football Club 4B,9.523809523809524,33.33333333333333,47.61904761904761,45.0,47.368421052631575,36.56892230576441,102
TNG 1,41.17647058823529,29.411764705882355,11.76470588235294,28.57142857142857,57.14285714285714,33.61344537815126,72
United Services Recreation Club 1,25.0,20.0,15.0,10.0,5.555555555555555,15.11111111111111,98
