Team,Rubber 1 Win %,Rubber 2 Win %,Rubber 3 Win %,Rubber 4 Win %,Rubber 5 Win %,avg_win_perc,Total Rubbers
The Hong Kong Jockey Club Div 10,71.42857142857143,42.857142857142854,85.71428571428571,100.0,100.0,80.0,35
Banbil,83.33333333333334,100.0,50.0,66.66666666666666,50.0,70.0,30
United Services Recreation Club 3,33.33333333333333,50.0,50.0,66.66666666666666,83.33333333333334,56.666666666666664,30
RELAY 1,66.66666666666666,100.0,66.66666666666666,0.0,33.33333333333333,53.33333333333333,15
Sha Tin 4,25.0,25.0,25.0,25.0,75.0,35.0,20
Bravo D10,50.0,25.0,0.0,25.0,50.0,30.0,20
Craigengower Cricket Club,25.0,0.0,0.0,0.0,0.0,5.0,20
