Team,Rubber 1 Win %,Rubber 2 Win %,Rubber 3 Win %,Rubber 4 Win %,Rubber 5 Win %,avg_win_perc,Total Rubbers
X-Alpha 3,100.0,100.0,100.0,50.0,100.0,90.0,9
Hong Kong Football Club 7A,33.33333333333333,50.0,100.0,66.66666666666666,66.66666666666666,63.33333333333333,14
Hong Kong Cricket Club 5,0.0,66.66666666666666,66.66666666666666,100.0,50.0,56.666666666666664,13
UST,100.0,100.0,0.0,0.0,50.0,50.0,10
The Best Group 1,50.0,50.0,0.0,0.0,100.0,40.0,9
Kinetic 1,50.0,50.0,0.0,0.0,100.0,40.0,10
Vitality Squash 1,0.0,50.0,50.0,0.0,100.0,40.0,8
