Team,Rubber 1 Win %,Rubber 2 Win %,Rubber 3 Win %,Rubber 4 Win %,Rubber 5 Win %,avg_win_perc
ERROR,66.66666666666667,-33.33333333333334,33.33333333333334,33.33333333333333,66.66666666666667,33.33333333333333
Physical Chess 1,-50.0,50.0,50.0,0.0,100.0,30.0
NEXUS 2,0.0,50.0,100.0,0.0,0.0,30.0
Sha Tin 2,-66.66666666666666,-33.33333333333333,50.0,100.0,0.0,10.0
United Services Recreation Club 2,-6.666666666666657,0.0,20.0,20.0,5.0,7.666666666666671
Kowloon Cricket Club 5,25.0,-16.666666666666657,8.333333333333343,-20.0,33.33333333333334,6.000000000000014
Hong Kong Football Club 5,-5.0,-10.0,26.66666666666667,8.333333333333343,-16.66666666666667,0.6666666666666643
Happy Squash 2,-50.0,-33.33333333333333,50.0,-20.0,-100.0,-30.666666666666664
