Team,Rubber 1 Win %,Rubber 2 Win %,Rubber 3 Win %,Rubber 4 Win %,Rubber 5 Win %,avg_win_perc,Total Rubbers
The Hong Kong Jockey Club Div 10,83.33333333333334,50.0,100.0,100.0,100.0,86.66666666666667,30
Banbil,83.33333333333334,100.0,50.0,66.66666666666666,50.0,70.0,30
United Services Recreation Club 3,40.0,40.0,60.0,60.0,80.0,56.0,25
RELAY 1,66.66666666666666,100.0,66.66666666666666,0.0,33.33333333333333,53.33333333333333,15
Sha Tin 4,0.0,33.33333333333333,33.33333333333333,33.33333333333333,100.0,40.0,15
Bravo D10,66.66666666666666,33.33333333333333,0.0,33.33333333333333,33.33333333333333,33.33333333333333,15
Craigengower Cricket Club,33.33333333333333,0.0,0.0,0.0,0.0,6.666666666666666,15
