Team,Rubber 1 Win %,Rubber 2 Win %,Rubber 3 Win %,Rubber 4 Win %,Rubber 5 Win %,avg_win_perc,Total Rubbers
Ladies Recreation Club Div 8,80.0,100.0,100.0,40.0,100.0,84.0,23
Sha Tin 3,50.0,50.0,100.0,100.0,100.0,80.0,9
Hong Kong Football Club 8,40.0,80.0,40.0,100.0,100.0,72.0,22
Striving Squash,83.33333333333334,50.0,33.33333333333333,33.33333333333333,16.666666666666664,43.33333333333333,30
TOMCAT,100.0,100.0,0.0,0.0,0.0,40.0,8
Squashathon Zero,0.0,66.66666666666666,66.66666666666666,0.0,66.66666666666666,39.99999999999999,15
Physical Chess 3,0.0,33.33333333333333,33.33333333333333,66.66666666666666,66.66666666666666,39.99999999999999,15
i-Mask Advance Squash Club 2,25.0,25.0,50.0,0.0,0.0,20.0,18
Kinetic 2,0.0,0.0,16.666666666666664,0.0,33.33333333333333,9.999999999999998,30
