Team,Rubber 1 Win %,Rubber 2 Win %,Rubber 3 Win %,Rubber 4 Win %,Rubber 5 Win %,avg_win_perc,Total Rubbers
Kowloon Cricket Club 3B,100.0,100.0,50.0,50.0,100.0,80.0,10
Kowloon Cricket Club 3A,75.0,75.0,75.0,75.0,100.0,80.0,20
Hong Kong Football Club 3A,75.0,75.0,75.0,100.0,25.0,70.0,20
Young Player 3,60.0,80.0,40.0,100.0,33.33333333333333,62.666666666666664,23
Happy Squash 1,50.0,50.0,0.0,0.0,100.0,40.0,9
Hong Kong Football Club 3B,0.0,50.0,50.0,33.33333333333333,66.66666666666666,39.99999999999999,18
Sha Tin 1,66.66666666666666,0.0,33.33333333333333,33.33333333333333,33.33333333333333,33.33333333333333,15
TNGX,75.0,0.0,75.0,0.0,0.0,30.0,18
NEXUS 1,100.0,0.0,33.33333333333333,0.0,0.0,26.666666666666664,15
