Team,Rubber 1 Win %,Rubber 2 Win %,Rubber 3 Win %,Rubber 4 Win %,Rubber 5 Win %,avg_win_perc,Total Rubbers
X-Alpha 1,100.0,100.0,33.33333333333333,100.0,100.0,86.66666666666666,15
Kowloon Cricket Club 4,50.0,66.66666666666666,83.33333333333334,66.66666666666666,83.33333333333334,70.0,30
United Services Recreation Club 1,83.33333333333334,50.0,50.0,50.0,33.33333333333333,53.333333333333336,30
Hong Kong Football Club 4B,25.0,50.0,50.0,75.0,50.0,50.0,20
Hong Kong Football Club 4A,0.0,66.66666666666666,66.66666666666666,33.33333333333333,66.66666666666666,46.66666666666666,15
Hong Kong Cricket Club 3,33.33333333333333,66.66666666666666,33.33333333333333,33.33333333333333,50.0,43.33333333333333,28
NEXUS 2,75.0,25.0,25.0,50.0,0.0,35.0,19
Sha Tin 2,0.0,0.0,0.0,0.0,0.0,0.0,13
