Team,Rubber 1 Win %,Rubber 2 Win %,Rubber 3 Win %,Rubber 4 Win %,Rubber 5 Win %,avg_win_perc,Total Rubbers
Hong Kong Football Club 14A,60.0,60.0,50.0,100.0,50.0,64.0,19
Ladies Recreation Club Div 14,80.0,75.0,75.0,0.0,66.66666666666666,59.33333333333333,19
Kowloon Cricket Club 14,40.0,60.0,60.0,75.0,50.0,57.0,23
8 Virtues + 1,20.0,50.0,25.0,50.0,100.0,49.0,20
North District Sports Association 3,40.0,60.0,40.0,60.0,40.0,48.0,25
Electrify Squash Div 14,60.0,20.0,100.0,25.0,33.33333333333333,47.666666666666664,22
Hong Kong Football Club 14B,100.0,20.0,50.0,66.66666666666666,0.0,47.33333333333333,19
X-Alpha 6,0.0,60.0,0.0,25.0,50.0,27.0,21
