Team,Rubber 1 Win %,Rubber 2 Win %,Rubber 3 Win %,Rubber 4 Win %,Rubber 5 Win %,avg_win_perc,Total Rubbers
Young Player 3,100.0,100.0,25.0,100.0,66.66666666666666,78.33333333333333,19
Hong Kong Football Club 3A,50.0,75.0,75.0,100.0,75.0,75.0,20
Kowloon Cricket Club 3A,50.0,75.0,75.0,100.0,75.0,75.0,20
Kowloon Cricket Club 3B,66.66666666666666,66.66666666666666,66.66666666666666,33.33333333333333,50.0,56.666666666666664,14
Happy Squash 1,100.0,66.66666666666666,0.0,0.0,100.0,53.33333333333333,15
TNGX,20.0,0.0,100.0,25.0,50.0,39.0,23
NEXUS 1,60.0,20.0,60.0,40.0,0.0,36.0,25
Hong Kong Football Club 3B,0.0,50.0,0.0,0.0,66.66666666666666,23.333333333333332,18
Sha Tin 1,25.0,25.0,25.0,25.0,0.0,20.0,20
