Team,Rubber 1 Win %,Rubber 2 Win %,Rubber 3 Win %,Rubber 4 Win %,Rubber 5 Win %,avg_win_perc,Total Rubbers
Dynamos Squash,100.0,100.0,100.0,75.0,100.0,95.0,19
Fusion Squash Club 1,60.0,40.0,80.0,80.0,80.0,68.0,25
X-Alpha 4,60.0,60.0,40.0,40.0,50.0,50.0,24
NEXUS 3,50.0,75.0,50.0,66.66666666666666,0.0,48.33333333333333,16
MERCURY,40.0,20.0,40.0,60.0,80.0,48.0,25
Vitality Squash 2,40.0,40.0,60.0,60.0,33.33333333333333,46.666666666666664,23
Happy Squash 3,60.0,60.0,20.0,0.0,0.0,28.0,23
LONGVIEW,0.0,20.0,20.0,20.0,20.0,16.0,25
