Team,Rubber 1 Win %,Rubber 2 Win %,Rubber 3 Win %,Rubber 4 Win %,Rubber 5 Win %,avg_win_perc
Hong Kong Football Club 10B,75.0,50.0,66.66666666666666,-16.66666666666667,41.66666666666666,43.33333333333333
Hong Kong Football Club 10A,-10.0,40.0,40.0,-10.0,75.0,27.0
Kowloon Cricket Club 10,50.000000000000014,16.666666666666686,50.000000000000014,-50.0,33.33333333333333,20.0
Twister 2,-66.66666666666666,-33.33333333333333,33.33333333333333,33.33333333333333,66.66666666666667,6.666666666666671
Social Squash Team,-50.0,-16.66666666666667,33.33333333333334,66.66666666666666,-16.66666666666667,3.3333333333333357
The Hong Kong Jockey Club Div 10,30.0,-60.0,30.0,-40.0,55.0,3.0
HKU,25.0,0.0,50.0,-50.0,-50.0,-5.0
FC 3,-16.66666666666667,16.666666666666657,0.0,-33.33333333333334,0.0,-6.666666666666671
