Team,Rubber 1 Win %,Rubber 2 Win %,Rubber 3 Win %,Rubber 4 Win %,Rubber 5 Win %,avg_win_perc
Hong Kong Football Club 10A,0.0,40.0,40.0,0.0,75.0,31.0
Hong Kong Football Club 10B,60.0,0.0,40.0,0.0,0.0,20.0
Twister 2,-50.0,0.0,25.0,25.0,66.66666666666667,13.333333333333336
Social Squash Team,-17.142857142857146,22.857142857142854,25.714285714285708,31.42857142857143,2.857142857142854,13.142857142857132
Kowloon Cricket Club 10,11.904761904761912,11.904761904761912,26.190476190476204,-21.42857142857143,23.809523809523803,10.476190476190474
The Best Group,46.66666666666666,13.333333333333329,-20.0,46.66666666666666,-40.0,9.333333333333329
The Hong Kong Jockey Club Div 10,23.333333333333336,-50.0,6.666666666666671,-13.333333333333329,63.333333333333336,6.000000000000007
FC 3,16.66666666666667,8.333333333333343,-25.0,-25.0,0.0,-5.0
HKU,-15.0,-10.0,40.0,-10.0,-50.0,-9.0
