Team,Rubber 1 Win %,Rubber 2 Win %,Rubber 3 Win %,Rubber 4 Win %,Rubber 5 Win %,avg_win_perc
Hong Kong Football Club 10A,0.0,40.0,40.0,0.0,75.0,31.0
Hong Kong Football Club 10B,55.0,15.0,55.0,10.0,10.0,29.0
Twister 2,-50.0,0.0,25.0,25.0,66.66666666666667,13.333333333333336
Kowloon Cricket Club 10,16.666666666666686,16.666666666666686,33.33333333333334,-33.33333333333334,16.666666666666657,10.0
Social Squash Team,-10.0,13.333333333333329,23.333333333333343,26.666666666666657,-6.666666666666671,9.333333333333336
The Best Group,46.66666666666666,13.333333333333329,-20.0,46.66666666666666,-40.0,9.333333333333329
The Hong Kong Jockey Club Div 10,33.333333333333336,-50.0,16.66666666666667,-33.33333333333333,58.333333333333336,5.000000000000007
FC 3,0.0,25.0,-25.0,-25.0,0.0,-5.0
HKU,-6.666666666666657,-26.666666666666657,40.0,-26.666666666666657,-66.66666666666666,-17.33333333333333
