Team,Rubber 1 Win %,Rubber 2 Win %,Rubber 3 Win %,Rubber 4 Win %,Rubber 5 Win %,avg_win_perc
Hong Kong Football Club 10B,55.0,15.0,55.0,10.0,10.0,29.0
Hong Kong Football Club 10A,-10.0,40.0,40.0,-10.0,75.0,27.0
Kowloon Cricket Club 10,23.333333333333343,23.333333333333343,43.33333333333334,-30.0,26.666666666666657,17.33333333333333
Social Squash Team,-25.0,8.333333333333329,33.33333333333334,16.666666666666657,8.333333333333329,8.333333333333336
Twister 2,-66.66666666666666,-8.333333333333329,25.0,16.66666666666667,66.66666666666667,6.666666666666671
The Hong Kong Jockey Club Div 10,33.333333333333336,-50.0,16.66666666666667,-33.33333333333333,58.333333333333336,5.000000000000007
The Best Group,30.0,-20.0,-20.0,30.0,-40.0,-4.0
FC 3,0.0,25.0,-25.0,-25.0,0.0,-5.0
HKU,8.333333333333343,-16.666666666666657,50.0,-16.666666666666657,-66.66666666666666,-8.333333333333329
