Team,Rubber 1 Win %,Rubber 2 Win %,Rubber 3 Win %,Rubber 4 Win %,Rubber 5 Win %,avg_win_perc
RELAY 1,-20.0,5.0,10.0,50.0,50.0,19.0
Hong Kong Football Club 11,30.0,-10.0,15.0,60.0,-10.0,17.0
Vitality Squash 1,15.0,10.0,-15.0,0.0,50.0,12.0
Banbil,0.0,-25.0,-25.0,50.0,50.0,10.0
Hong Kong Cricket Club 5,-25.0,0.0,0.0,75.0,-25.0,5.0
TOMCAT,-20.0,-26.666666666666657,-26.666666666666657,40.0,25.0,-1.6666666666666643
Xavier,0.0,-5.0,0.0,10.0,-40.0,-7.0
