Team,Rubber 1 Win %,Rubber 2 Win %,Rubber 3 Win %,Rubber 4 Win %,Rubber 5 Win %,avg_win_perc
RELAY 1,-25.0,25.0,25.0,75.0,25.0,25.0
Hong Kong Football Club 11,4.761904761904759,9.523809523809518,9.523809523809518,42.85714285714286,2.857142857142861,13.904761904761905
Vitality Squash 1,0.0,20.0,0.0,25.0,0.0,9.0
Banbil,0.0,0.0,-20.0,40.0,-20.0,0.0
Xavier,0.0,0.0,0.0,25.0,-25.0,0.0
Hong Kong Cricket Club 5,-21.42857142857143,0.0,-16.666666666666664,57.14285714285714,-58.33333333333334,-7.857142857142858
TOMCAT,-25.0,-25.0,-50.0,25.0,0.0,-15.0
