Team,Rubber 1 Win %,Rubber 2 Win %,Rubber 3 Win %,Rubber 4 Win %,Rubber 5 Win %,avg_win_perc
Hong Kong Football Club 11,27.77777777777778,30.555555555555557,18.055555555555557,41.269841269841265,12.698412698412696,26.071428571428584
Xavier,20.0,5.714285714285708,20.0,37.14285714285714,5.0,17.571428571428584
Vitality Squash 1,17.14285714285714,17.14285714285714,11.42857142857143,25.0,0.0,14.142857142857139
Banbil,7.142857142857146,28.57142857142857,4.761904761904759,23.809523809523803,3.333333333333343,13.523809523809526
RELAY 1,-33.33333333333333,16.66666666666667,25.0,58.333333333333336,0.0,13.333333333333336
Hong Kong Cricket Club 5,-12.5,0.0,-12.5,50.0,-58.33333333333334,-6.666666666666668
TOMCAT,-20.0,0.0,-40.0,0.0,0.0,-12.0
