Team,Rubber 1 Win %,Rubber 2 Win %,Rubber 3 Win %,Rubber 4 Win %,Rubber 5 Win %,avg_win_perc
RELAY 1,-20.0,20.0,20.0,60.0,40.0,24.0
Hong Kong Football Club 11,33.333333333333336,0.0,25.0,50.0,0.0,21.66666666666667
Banbil,10.0,-20.0,-5.0,35.0,50.0,14.0
Vitality Squash 1,15.0,10.0,-15.0,0.0,50.0,12.0
TOMCAT,5.0,-10.0,-10.0,40.0,25.0,10.0
Xavier,0.0,0.0,0.0,20.0,-6.666666666666671,2.666666666666657
Hong Kong Cricket Club 5,-35.0,0.0,0.0,75.0,-30.0,2.0
