Team,Rubber 1 Win %,Rubber 2 Win %,Rubber 3 Win %,Rubber 4 Win %,Rubber 5 Win %,avg_win_perc
RELAY 1,-25.0,25.0,25.0,75.0,25.0,25.0
Hong Kong Football Club 11,16.666666666666664,16.666666666666657,16.666666666666657,50.0,10.0,22.0
Vitality Squash 1,0.0,20.0,0.0,25.0,0.0,9.0
Banbil,0.0,0.0,-20.0,40.0,-20.0,0.0
Xavier,0.0,0.0,0.0,25.0,-25.0,0.0
Hong Kong Cricket Club 5,-16.66666666666667,0.0,-16.666666666666664,66.66666666666666,-50.000000000000014,-3.3333333333333357
TOMCAT,-25.0,-25.0,-50.0,25.0,0.0,-15.0
