Team,Rubber 1 Win %,Rubber 2 Win %,Rubber 3 Win %,Rubber 4 Win %,Rubber 5 Win %,avg_win_perc
MERCURY,-1.3888888888888893,20.83333333333333,18.055555555555557,37.5,25.0,20.0
Kinetic 1,-21.42857142857143,-11.42857142857143,37.14285714285714,42.857142857142854,28.57142857142857,15.142857142857146
i-Mask Advance Squash Club 3,10.714285714285708,-19.642857142857146,8.92857142857143,23.214285714285708,38.09523809523809,12.261904761904773
Squashathon Zero,-11.111111111111114,-33.33333333333334,27.777777777777786,15.555555555555557,37.5,7.2777777777777715
Ladies Recreation Club Div 12,27.77777777777778,-11.111111111111107,33.33333333333333,9.523809523809526,-31.42857142857143,5.61904761904762
Studio Pro,12.5,-12.5,0.0,37.5,-22.857142857142854,2.928571428571427
Hong Kong Cricket Club 6,-12.857142857142861,-4.285714285714292,25.714285714285708,30.0,-26.66666666666667,2.3809523809523796
Sha Tin Squash Rackets Club 3,-14.285714285714285,-14.285714285714292,-14.285714285714292,23.80952380952381,-30.0,-9.809523809523817
