Team,Rubber 1 Win %,Rubber 2 Win %,Rubber 3 Win %,Rubber 4 Win %,Rubber 5 Win %,avg_win_perc
MERCURY,0.0,0.0,50.000000000000014,66.66666666666669,33.33333333333334,30.000000000000004
Ladies Recreation Club Div 12,42.857142857142854,-25.0,46.42857142857143,40.0,-46.66666666666666,11.523809523809522
Squashathon Zero,0.0,-60.0,20.0,35.0,46.66666666666667,8.333333333333336
Sha Tin Squash Rackets Club 3,-20.0,0.0,20.0,40.0,0.0,8.0
Hong Kong Cricket Club 6,-16.666666666666657,-16.666666666666657,50.000000000000014,33.33333333333334,-13.333333333333329,7.333333333333357
i-Mask Advance Squash Club 3,-3.333333333333343,-43.33333333333334,13.333333333333343,30.0,35.0,6.333333333333329
Kinetic 1,-30.0,-30.0,43.333333333333336,20.0,20.0,4.666666666666668
Studio Pro,10.0,-30.0,0.0,46.66666666666667,-26.66666666666667,0.0
