Team,Rubber 1 Win %,Rubber 2 Win %,Rubber 3 Win %,Rubber 4 Win %,Rubber 5 Win %,avg_win_perc
MERCURY,-14.285714285714285,14.285714285714285,42.85714285714286,57.142857142857146,42.857142857142854,28.571428571428577
Ladies Recreation Club Div 12,42.857142857142854,-20.0,51.42857142857143,20.0,-30.0,12.857142857142854
Squashathon Zero,-14.285714285714292,-42.85714285714286,31.42857142857143,32.14285714285714,50.000000000000014,11.285714285714299
Kinetic 1,-45.833333333333336,-16.66666666666667,41.66666666666666,33.33333333333333,30.0,8.5
i-Mask Advance Squash Club 3,-5.714285714285708,-31.42857142857143,8.57142857142857,22.85714285714286,41.66666666666667,7.190476190476204
Hong Kong Cricket Club 6,-25.0,-16.666666666666657,33.33333333333334,25.0,-30.0,-2.666666666666657
Sha Tin Squash Rackets Club 3,-26.66666666666667,-13.333333333333343,6.666666666666657,26.666666666666657,-15.0,-4.33333333333335
Studio Pro,-7.142857142857146,-35.714285714285715,0.0,38.0952380952381,-35.0,-7.9523809523809526
