Team,Rubber 1 Win %,Rubber 2 Win %,Rubber 3 Win %,Rubber 4 Win %,Rubber 5 Win %,avg_win_perc
MERCURY,-1.1111111111111107,18.88888888888889,26.66666666666667,44.444444444444436,33.33333333333334,24.44444444444445
Kinetic 1,-17.04545454545454,-20.454545454545453,31.818181818181817,50.0,25.0,13.863636363636363
i-Mask Advance Squash Club 3,9.722222222222214,-29.166666666666657,8.333333333333343,8.333333333333343,33.92857142857143,6.230158730158735
Hong Kong Cricket Club 6,-10.227272727272734,-3.4090909090909065,23.863636363636367,27.272727272727266,-11.688311688311686,5.162337662337663
Ladies Recreation Club Div 12,31.944444444444443,-27.77777777777778,29.166666666666657,5.357142857142854,-28.57142857142857,2.0238095238095184
Squashathon Zero,-20.0,-40.0,20.0,10.0,38.888888888888886,1.7777777777777857
Studio Pro,2.5,-17.5,0.0,35.0,-26.19047619047619,-1.2380952380952408
Sha Tin Squash Rackets Club 3,-21.42857142857143,-17.85714285714286,-17.85714285714286,28.57142857142857,-30.0,-11.714285714285715
