Team,Rubber 1 Win %,Rubber 2 Win %,Rubber 3 Win %,Rubber 4 Win %,Rubber 5 Win %,avg_win_perc
Smart Squash 1,-8.333333333333343,50.0,-41.66666666666667,100.0,-25.0,15.0
Physical Chess 3,15.0,15.0,-35.0,-5.0,0.0,-2.0
YLJR 2,-5.0,20.0,0.0,-55.0,0.0,-8.0
TNG 1,-55.0,15.0,-30.0,0.0,0.0,-14.0
Friend Club 4,-13.333333333333329,-33.33333333333333,-33.33333333333333,-13.333333333333329,0.0,-18.666666666666664
i-Mask Advance Squash Club 4,0.0,-50.0,-50.0,-25.0,0.0,-25.0
JAVA,-75.0,-33.33333333333333,16.66666666666667,-66.66666666666666,-50.0,-41.66666666666665
