Team,Rubber 1 Win %,Rubber 2 Win %,Rubber 3 Win %,Rubber 4 Win %,Rubber 5 Win %,avg_win_perc
Smart Squash 1,20.0,40.0,-30.0,100.0,-20.0,22.0
YLJR 2,-50.0,0.0,0.0,-50.0,50.0,-10.0
TNG 1,-100.0,0.0,-50.0,0.0,100.0,-10.0
Physical Chess 3,-66.66666666666666,-66.66666666666666,-66.66666666666666,33.33333333333334,0.0,-33.33333333333333
Friend Club 4,-50.0,-50.0,-50.0,-16.66666666666667,0.0,-33.333333333333336
JAVA,-80.0,-33.33333333333333,6.666666666666671,-66.66666666666666,-16.66666666666667,-37.999999999999986
i-Mask Advance Squash Club 4,0.0,-100.0,0.0,-50.0,-50.0,-40.0
