Team,Rubber 1 Win %,Rubber 2 Win %,Rubber 3 Win %,Rubber 4 Win %,Rubber 5 Win %,avg_win_perc
Smart Squash 1,28.57142857142857,42.85714285714286,-4.761904761904773,85.71428571428572,-28.57142857142857,24.76190476190476
TNG 1,-16.66666666666667,50.0,-33.33333333333334,0.0,100.0,20.0
YLJR 2,-33.33333333333334,0.0,0.0,-33.33333333333334,50.0,-3.333333333333343
Friend Club 4,-33.33333333333333,-33.33333333333333,-33.33333333333333,0.0,0.0,-20.0
JAVA,-60.714285714285715,-10.714285714285715,17.857142857142854,-50.0,-13.333333333333329,-23.38095238095238
Physical Chess 3,-75.0,-50.0,-50.0,25.0,0.0,-30.0
i-Mask Advance Squash Club 4,0.0,-100.0,0.0,-50.0,-50.0,-40.0
