Team,Rubber 1 Win %,Rubber 2 Win %,Rubber 3 Win %,Rubber 4 Win %,Rubber 5 Win %,avg_win_perc
Smart Squash 1,16.666666666666657,33.33333333333334,-33.33333333333334,83.33333333333334,-33.33333333333333,13.333333333333336
TNG 1,-50.0,50.0,-50.0,0.0,100.0,10.0
YLJR 2,-50.0,0.0,0.0,-50.0,50.0,-10.0
Physical Chess 3,-75.0,-50.0,-50.0,25.0,0.0,-30.0
Friend Club 4,-50.0,-50.0,-50.0,-16.66666666666667,0.0,-33.333333333333336
JAVA,-85.71428571428572,-19.047619047619044,9.523809523809526,-66.66666666666666,-30.0,-38.380952380952365
i-Mask Advance Squash Club 4,0.0,-100.0,0.0,-50.0,-50.0,-40.0
