Team,Rubber 1 Win %,Rubber 2 Win %,Rubber 3 Win %,Rubber 4 Win %,Rubber 5 Win %,avg_win_perc
i-Mask Advance Squash Club 5,0.0,50.0,100.0,0.0,-50.0,20.0
ATM,0.0,0.0,50.0,0.0,0.0,10.0
Kinetic 2,20.0,0.0,20.0,-25.0,10.0,5.0
Kowloon Cricket Club 13,26.666666666666657,-16.666666666666657,-10.0,-10.0,0.0,-2.0
BOSS,0.0,-50.0,-50.0,0.0,50.0,-10.0
Centre Squash,-15.0,30.0,-66.66666666666666,0.0,0.0,-10.333333333333332
Hong Kong Football Club 13,-13.333333333333343,30.0,0.0,-60.0,-20.0,-12.666666666666671
Friend Club 5,-25.0,16.666666666666657,-41.66666666666667,0.0,-25.0,-15.0
Greenfield,0.0,-66.66666666666667,33.33333333333334,-66.66666666666667,0.0,-20.0
