Team,Rubber 1 Win %,Rubber 2 Win %,Rubber 3 Win %,Rubber 4 Win %,Rubber 5 Win %,avg_win_perc
Kinetic 2,20.0,20.0,20.0,0.0,-6.666666666666671,10.666666666666657
Centre Squash,5.0,30.0,-33.33333333333333,0.0,0.0,0.3333333333333339
BOSS,0.0,-60.0,-15.0,-5.0,75.0,-1.0
Kowloon Cricket Club 13,20.0,0.0,-20.0,-20.0,10.0,-2.0
i-Mask Advance Squash Club 5,15.0,-5.0,40.0,-30.0,-50.0,-6.0
ATM,15.0,-35.0,-6.666666666666671,-25.0,0.0,-10.333333333333336
Friend Club 5,5.0,-35.0,-50.0,0.0,0.0,-16.0
Greenfield,-40.0,-40.0,-20.0,-20.0,10.0,-22.0
Hong Kong Football Club 13,-33.33333333333334,25.0,-10.0,-80.0,-20.0,-23.66666666666667
