Team,Rubber 1 Win %,Rubber 2 Win %,Rubber 3 Win %,Rubber 4 Win %,Rubber 5 Win %,avg_win_perc
ATM,16.666666666666657,16.666666666666657,50.0,0.0,0.0,16.666666666666664
Kinetic 2,42.85714285714286,14.285714285714285,14.285714285714285,-16.666666666666657,16.666666666666657,14.285714285714292
i-Mask Advance Squash Club 5,33.33333333333333,0.0,66.66666666666666,0.0,-66.66666666666667,6.666666666666657
Kowloon Cricket Club 13,38.0952380952381,-28.57142857142857,-23.809523809523803,7.142857142857139,10.0,0.5714285714285765
Centre Squash,0.0,20.0,-66.66666666666666,25.0,0.0,-4.333333333333332
Hong Kong Football Club 13,0.0,14.285714285714285,7.142857142857146,-38.0952380952381,-19.04761904761905,-7.142857142857153
Greenfield,16.666666666666657,-66.66666666666667,25.0,-41.66666666666667,8.333333333333329,-11.666666666666671
BOSS,0.0,-33.33333333333333,-66.66666666666667,0.0,33.33333333333333,-13.333333333333332
Friend Club 5,-25.0,16.666666666666657,-41.66666666666667,0.0,-25.0,-15.0
