Team,Rubber 1 Win %,Rubber 2 Win %,Rubber 3 Win %,Rubber 4 Win %,Rubber 5 Win %,avg_win_perc
Sea Bear,0.0,100.0,33.33333333333333,33.33333333333333,50.0,43.33333333333333
Alpha CUHK,16.666666666666657,33.33333333333333,50.0,0.0,16.666666666666657,23.33333333333333
North District Sports Association 1,33.33333333333333,33.33333333333333,33.33333333333334,0.0,0.0,20.0
Craigengower Cricket Club,11.1111111111111,33.33333333333333,0.0,0.0,0.0,8.888888888888879
Hong Kong Racketlon Association 2,-20.0,20.0,27.5,12.5,-22.22222222222222,3.5555555555555536
HKPF Squash Team,0.0,0.0,0.0,0.0,-50.0,-10.0
Star River 1,-66.66666666666667,-33.33333333333334,66.66666666666666,-33.33333333333334,-66.66666666666667,-26.66666666666667
Sha Tin Squash Rackets Club 4,-50.0,-100.0,-50.0,0.0,50.0,-30.0
