Team,Rubber 1 Win %,Rubber 2 Win %,Rubber 3 Win %,Rubber 4 Win %,Rubber 5 Win %,avg_win_perc
Sea Bear,0.0,100.0,33.33333333333333,33.33333333333333,50.0,43.33333333333333
North District Sports Association 1,66.66666666666667,66.66666666666667,33.33333333333334,0.0,0.0,33.33333333333334
Alpha CUHK,16.666666666666657,33.33333333333333,50.0,0.0,16.666666666666657,23.33333333333333
Craigengower Cricket Club,16.666666666666657,29.166666666666657,-8.333333333333343,-5.555555555555557,6.944444444444443,7.7777777777777715
Hong Kong Racketlon Association 2,-11.11111111111111,27.77777777777778,26.38888888888889,12.5,-22.22222222222222,6.666666666666668
HKPF Squash Team,0.0,0.0,0.0,0.0,-50.0,-10.0
Sha Tin Squash Rackets Club 4,-50.0,-100.0,-50.0,0.0,50.0,-30.0
Star River 1,-50.0,-50.0,50.0,-50.0,-50.0,-30.0
