Team,Rubber 1 Win %,Rubber 2 Win %,Rubber 3 Win %,Rubber 4 Win %,Rubber 5 Win %,avg_win_perc
Sea Bear,0.0,100.0,50.0,100.0,50.0,60.0
Alpha CUHK,50.0,100.0,50.0,0.0,50.0,50.0
North District Sports Association 1,50.0,50.0,50.0,0.0,0.0,30.0
Hong Kong Racketlon Association 2,0.0,42.857142857142854,11.904761904761905,14.285714285714285,-33.33333333333333,7.142857142857141
Craigengower Cricket Club,0.0,33.33333333333333,0.0,0.0,0.0,6.666666666666657
HKPF Squash Team,0.0,0.0,0.0,0.0,-50.0,-10.0
Star River 1,-50.0,-50.0,50.0,-50.0,-50.0,-30.0
Sha Tin Squash Rackets Club 4,-100.0,-100.0,-100.0,0.0,0.0,-60.0
