Team,Rubber 1 Win %,Rubber 2 Win %,Rubber 3 Win %,Rubber 4 Win %,Rubber 5 Win %,avg_win_perc
Sea Bear,0.0,100.0,50.0,100.0,50.0,60.0
North District Sports Association 1,50.0,50.0,50.0,0.0,0.0,30.0
Alpha CUHK,50.0,50.0,50.0,0.0,0.0,30.0
Craigengower Cricket Club,5.357142857142861,19.642857142857146,3.5714285714285694,7.142857142857146,7.142857142857146,8.57142857142857
Hong Kong Racketlon Association 2,0.0,30.357142857142854,16.07142857142857,14.285714285714285,-25.0,7.142857142857139
HKPF Squash Team,0.0,0.0,0.0,0.0,-50.0,-10.0
Sha Tin Squash Rackets Club 4,-50.0,-100.0,-50.0,0.0,50.0,-30.0
Star River 1,-50.0,-50.0,50.0,-50.0,-50.0,-30.0
