Team,Rubber 1 Win %,Rubber 2 Win %,Rubber 3 Win %,Rubber 4 Win %,Rubber 5 Win %,avg_win_perc
Vitality Squash 2,20.0,20.0,10.0,55.0,16.66666666666667,24.333333333333336
i-Mask Advance Squash Club 8,-25.0,25.0,41.66666666666667,16.66666666666667,33.33333333333333,18.333333333333336
Smart Squash 2,-4.166666666666671,12.5,6.666666666666671,60.0,-20.0,11.0
i-Mask Advance Squash Club 7,0.0,-33.333333333333336,40.0,25.0,0.0,6.333333333333332
Friend Club 6,-2.3809523809523796,11.904761904761905,14.285714285714285,3.5714285714285694,0.0,5.4761904761904745
Happy Squash 3,17.14285714285714,-31.42857142857143,37.77777777777778,15.555555555555557,-16.66666666666667,4.4761904761904745
X-Alpha 4,0.0,0.0,12.5,0.0,0.0,2.5
Fusion Squash Club 2,13.333333333333343,-3.333333333333343,13.333333333333343,-20.0,-25.0,-4.333333333333329
