Team,Rubber 1 Win %,Rubber 2 Win %,Rubber 3 Win %,Rubber 4 Win %,Rubber 5 Win %,avg_win_perc
Smart Squash 2,15.0,10.0,50.0,75.0,0.0,30.0
Vitality Squash 2,40.0,26.666666666666657,26.666666666666657,46.66666666666666,0.0,27.999999999999993
Fusion Squash Club 2,66.66666666666667,8.333333333333343,33.33333333333334,0.0,16.666666666666657,25.0
Friend Club 6,5.0,30.0,25.0,25.0,16.66666666666667,20.333333333333336
Happy Squash 3,43.333333333333336,-30.0,33.333333333333336,16.66666666666667,-16.66666666666667,9.333333333333336
i-Mask Advance Squash Club 8,-33.33333333333334,0.0,16.666666666666657,16.666666666666657,33.33333333333333,6.666666666666664
i-Mask Advance Squash Club 7,0.0,-30.0,25.0,33.33333333333333,0.0,5.666666666666666
X-Alpha 4,28.57142857142857,-20.0,14.285714285714292,0.0,0.0,4.571428571428569
