Team,Rubber 1 Win %,Rubber 2 Win %,Rubber 3 Win %,Rubber 4 Win %,Rubber 5 Win %,avg_win_perc
Smart Squash 2,5.357142857142854,19.64285714285714,16.66666666666667,60.0,-20.0,16.333333333333336
i-Mask Advance Squash Club 8,-25.0,25.0,25.0,0.0,33.33333333333333,11.666666666666664
Friend Club 6,0.0,14.285714285714285,14.285714285714285,3.5714285714285694,0.0,6.428571428571427
Vitality Squash 2,0.0,0.0,10.0,26.66666666666667,-10.0,5.333333333333329
X-Alpha 4,5.0,-2.5,20.0,0.0,0.0,4.5
i-Mask Advance Squash Club 7,0.0,-35.714285714285715,33.33333333333333,20.0,0.0,3.5238095238095237
Happy Squash 3,15.555555555555557,-26.66666666666667,20.634920634920633,-1.5873015873015888,-10.0,-0.41269841269841123
Fusion Squash Club 2,13.333333333333343,-3.333333333333343,13.333333333333343,-20.0,-25.0,-4.333333333333329
