Team,Rubber 1 Win %,Rubber 2 Win %,Rubber 3 Win %,Rubber 4 Win %,Rubber 5 Win %,avg_win_perc
HK Squash Gear,0.0,33.33333333333333,50.0,0.0,0.0,16.666666666666664
Yuen Long District Sports Association Limited,26.19047619047619,0.0,0.0,16.666666666666664,0.0,8.57142857142857
North District Sports Association 2,0.0,0.0,0.0,0.0,-16.666666666666657,-3.3333333333333286
Bravo,-50.0,25.0,25.0,16.66666666666667,-33.33333333333333,-3.3333333333333286
X-Alpha 5,0.0,50.0,-41.66666666666667,-16.66666666666667,-16.666666666666657,-5.0
Humphrey Squash,-28.571428571428577,0.0,23.80952380952381,6.666666666666671,-30.0,-5.61904761904762
Squashathon 1,-33.33333333333334,-33.33333333333334,0.0,0.0,-16.66666666666667,-16.66666666666667
