Team,Rubber 1 Win %,Rubber 2 Win %,Rubber 3 Win %,Rubber 4 Win %,Rubber 5 Win %,avg_win_perc
Yuen Long District Sports Association Limited,55.0,33.33333333333333,0.0,33.33333333333333,0.0,24.333333333333332
Bravo,-50.0,50.0,50.0,50.0,0.0,20.0
HK Squash Gear,0.0,33.33333333333333,50.0,0.0,0.0,16.666666666666664
X-Alpha 5,33.33333333333334,66.66666666666667,-66.66666666666666,16.66666666666667,0.0,10.000000000000014
Squashathon 1,-50.0,0.0,33.33333333333334,33.33333333333334,0.0,3.333333333333343
North District Sports Association 2,8.333333333333329,16.666666666666657,0.0,0.0,-16.666666666666657,1.6666666666666714
Humphrey Squash,-26.666666666666657,6.666666666666671,0.0,5.0,-30.0,-9.0
