Team,Rubber 1 Win %,Rubber 2 Win %,Rubber 3 Win %,Rubber 4 Win %,Rubber 5 Win %,avg_win_perc
HK Squash Gear,0.0,33.33333333333333,50.0,0.0,0.0,16.666666666666664
Yuen Long District Sports Association Limited,43.333333333333336,8.333333333333336,0.0,25.0,0.0,15.333333333333334
X-Alpha 5,33.33333333333334,66.66666666666667,-66.66666666666666,16.66666666666667,0.0,10.000000000000014
North District Sports Association 2,13.333333333333329,6.666666666666657,0.0,0.0,-16.666666666666657,0.6666666666666714
Bravo,-50.0,33.33333333333334,16.66666666666667,16.66666666666667,-33.33333333333333,-3.3333333333333286
Humphrey Squash,-16.666666666666657,0.0,10.0,20.0,-30.0,-3.3333333333333357
Squashathon 1,-33.33333333333334,-33.33333333333334,0.0,0.0,-16.66666666666667,-16.66666666666667
