Team,Rubber 1 Win %,Rubber 2 Win %,Rubber 3 Win %,avg_win_perc
Kowloon Cricket Club 1A,0.0,0.0,33.33333333333333,11.111111111111107
Kowloon Cricket Club 1B,0.0,-66.66666666666666,66.66666666666666,0.0
Hong Kong Football Club 1,-50.0,0.0,33.33333333333334,-5.555555555555543
FWD,-66.66666666666667,-16.66666666666667,50.0,-11.111111111111121
Hong Kong Cricket Club 1,-33.33333333333333,-33.33333333333333,-33.33333333333333,-33.33333333333333
