Team,Rubber 1 Win %,Rubber 2 Win %,Rubber 3 Win %,avg_win_perc
Kowloon Cricket Club 1A,16.66666666666667,33.33333333333334,50.0,33.33333333333334
Hong Kong Football Club 1,-50.0,0.0,50.0,0.0
Kowloon Cricket Club 1B,-16.66666666666667,-50.0,66.66666666666666,-7.105427357601002e-15
FWD,-66.66666666666667,-16.66666666666667,50.0,-11.111111111111121
Hong Kong Cricket Club 1,-66.66666666666666,-33.33333333333333,-66.66666666666666,-55.55555555555554
