Team,Rubber 1 Win %,Rubber 2 Win %,Rubber 3 Win %,Rubber 4 Win %,Rubber 5 Win %,avg_win_perc
Hong Kong Football Club 2,50.0,75.0,0.0,-25.0,-33.33333333333334,13.333333333333329
Young Player 2,46.66666666666667,40.0,-66.66666666666666,6.666666666666671,25.0,10.333333333333336
Kowloon Cricket Club 2A,33.33333333333334,33.33333333333333,-33.33333333333333,33.33333333333334,-50.0,3.333333333333343
Kowloon Cricket Club 2B,50.0,25.0,25.0,-75.0,-33.33333333333333,-1.6666666666666643
Hong Kong Cricket Club 2,0.0,8.333333333333343,-16.666666666666657,25.0,-50.0,-6.666666666666664
