Team,Rubber 1 Win %,Rubber 2 Win %,Rubber 3 Win %,Rubber 4 Win %,Rubber 5 Win %,avg_win_perc
Young Player 2,25.0,25.0,-25.0,12.5,42.857142857142854,16.07142857142857
Kowloon Cricket Club 2B,35.0,20.0,-5.0,-30.0,-50.0,-6.0
Hong Kong Football Club 2,2.857142857142861,31.42857142857143,-11.42857142857143,-25.714285714285708,-35.71428571428571,-7.714285714285708
Kowloon Cricket Club 2A,16.666666666666657,-16.666666666666657,-25.0,33.33333333333334,-50.0,-8.333333333333329
Hong Kong Cricket Club 2,-2.3809523809523796,-23.809523809523803,-21.42857142857143,14.285714285714285,-50.0,-16.666666666666664
