Team,Rubber 1 Win %,Rubber 2 Win %,Rubber 3 Win %,Rubber 4 Win %,Rubber 5 Win %,avg_win_perc
Young Player 2,41.66666666666666,33.33333333333333,-50.0,8.333333333333329,40.0,14.666666666666664
Kowloon Cricket Club 2B,50.0,25.0,25.0,-8.333333333333343,-33.33333333333333,11.666666666666664
Hong Kong Football Club 2,35.0,55.0,-10.0,-30.0,-13.333333333333343,7.333333333333329
Kowloon Cricket Club 2A,33.33333333333334,16.66666666666667,-41.66666666666666,33.33333333333334,-50.0,-1.6666666666666572
Hong Kong Cricket Club 2,0.0,15.0,-10.0,25.0,-66.66666666666666,-7.333333333333329
