Team,Rubber 1 Win %,Rubber 2 Win %,Rubber 3 Win %,Rubber 4 Win %,Rubber 5 Win %,avg_win_perc
Hong Kong Football Club 3A,0.0,0.0,40.0,6.666666666666671,50.0,19.333333333333336
Hong Kong Football Club 3B,-16.66666666666667,49.99999999999999,-16.66666666666667,-16.666666666666657,50.0,10.0
Young Player 3,14.285714285714285,28.57142857142857,28.571428571428577,-28.57142857142857,-6.666666666666671,7.238095238095234
Happy Squash 1,2.3809523809523654,23.80952380952381,14.285714285714285,-20.0,-33.33333333333333,-2.5714285714285765
Kowloon Cricket Club 3,-41.66666666666666,20.833333333333343,-12.5,0.0,0.0,-6.666666666666657
