Team,Rubber 1 Win %,Rubber 2 Win %,Rubber 3 Win %,Rubber 4 Win %,Rubber 5 Win %,avg_win_perc
Young Player 3,14.285714285714285,17.857142857142854,46.42857142857143,-21.42857142857143,0.0,11.428571428571423
Hong Kong Football Club 3A,-20.0,-6.666666666666657,26.66666666666667,6.666666666666671,50.0,11.333333333333336
Hong Kong Football Club 3B,-50.0,50.0,25.0,25.0,-50.0,0.0
Happy Squash 1,-8.333333333333343,41.66666666666667,0.0,-20.0,-33.33333333333333,-4.0
Kowloon Cricket Club 3,-46.66666666666666,13.333333333333343,0.0,0.0,0.0,-6.666666666666657
