Team,Rubber 1 Win %,Rubber 2 Win %,Rubber 3 Win %,Rubber 4 Win %,Rubber 5 Win %,avg_win_perc
Hong Kong Football Club 3A,5.0,-15.0,35.0,6.666666666666671,50.0,16.333333333333336
Young Player 3,14.285714285714285,17.857142857142854,46.42857142857143,-21.42857142857143,0.0,11.428571428571423
Happy Squash 1,0.0,16.66666666666667,16.666666666666664,-20.0,-33.33333333333333,-4.0
Hong Kong Football Club 3B,-50.0,33.333333333333336,0.0,33.33333333333334,-50.0,-6.666666666666664
Kowloon Cricket Club 3,-49.99999999999999,16.666666666666686,-16.666666666666657,0.0,0.0,-9.999999999999986
