Team,Rubber 1 Win %,Rubber 2 Win %,Rubber 3 Win %,Rubber 4 Win %,Rubber 5 Win %,avg_win_perc
Hong Kong Football Club 3A,-3.333333333333343,10.0,43.333333333333336,15.0,66.66666666666667,26.333333333333336
Young Player 3,12.5,35.714285714285715,32.142857142857146,-19.64285714285714,2.857142857142854,12.714285714285715
Hong Kong Football Club 3B,0.0,33.333333333333336,0.0,-33.33333333333333,0.0,0.0
Kowloon Cricket Club 3,-41.66666666666666,20.833333333333343,-12.5,0.0,0.0,-6.666666666666657
Happy Squash 1,14.285714285714278,14.285714285714285,14.285714285714285,-33.33333333333333,-50.0,-8.095238095238095
