Team,Rubber 1 Win %,Rubber 2 Win %,Rubber 3 Win %,Rubber 4 Win %,Rubber 5 Win %,avg_win_perc
Kowloon Cricket Club 4,48.888888888888886,13.333333333333343,2.2222222222222143,2.2222222222222143,24.444444444444443,18.22222222222223
Hong Kong Football Club 4B,30.0,13.333333333333329,-6.666666666666671,33.33333333333333,0.0,14.0
X-Alpha 1,50.0,-15.0,-40.0,0.0,66.66666666666667,12.333333333333343
TNGX,50.0,0.0,0.0,16.666666666666664,-6.666666666666671,12.0
Hong Kong Football Club 4A,28.57142857142857,-35.714285714285715,-35.714285714285715,-10.714285714285715,33.33333333333333,-4.047619047619051
Friend Club 1,0.0,6.666666666666671,-46.66666666666666,-6.666666666666657,-13.333333333333329,-11.999999999999986
