Team,Rubber 1 Win %,Rubber 2 Win %,Rubber 3 Win %,Rubber 4 Win %,Rubber 5 Win %,avg_win_perc
Kowloon Cricket Club 4,88.88888888888889,0.0,-11.111111111111128,-11.111111111111128,11.1111111111111,15.555555555555557
TNGX,60.0,6.666666666666657,-6.666666666666671,33.33333333333333,-16.66666666666667,15.333333333333329
X-Alpha 1,33.33333333333334,8.333333333333343,-50.0,0.0,66.66666666666667,11.666666666666671
Hong Kong Football Club 4B,50.0,33.33333333333333,-33.33333333333333,33.33333333333333,-26.666666666666657,11.333333333333336
Hong Kong Football Club 4A,20.0,-13.333333333333329,-33.33333333333333,-13.333333333333329,10.0,-6.0
Friend Club 1,0.0,0.0,-75.0,-50.0,-50.0,-35.0
