Team,Rubber 1 Win %,Rubber 2 Win %,Rubber 3 Win %,Rubber 4 Win %,Rubber 5 Win %,avg_win_perc
Hong Kong Football Club 4B,40.476190476190474,26.19047619047619,-4.761904761904759,28.57142857142857,16.66666666666667,21.428571428571427
TNGX,50.0,-6.666666666666657,6.666666666666671,23.333333333333336,0.0,14.666666666666671
X-Alpha 1,40.0,0.0,-40.0,20.0,50.0,14.0
Kowloon Cricket Club 4,47.14285714285714,15.714285714285708,-22.85714285714286,5.714285714285708,11.42857142857143,11.428571428571416
Hong Kong Football Club 4A,25.0,-15.0,-35.0,5.0,32.14285714285714,2.428571428571427
Friend Club 1,20.0,20.0,-40.0,0.0,-20.0,-4.0
