Team,Rubber 1 Win %,Rubber 2 Win %,Rubber 3 Win %,Rubber 4 Win %,Rubber 5 Win %,avg_win_perc
TNGX,35.0,10.0,15.0,40.0,-26.666666666666657,14.666666666666671
X-Alpha 1,-5.0,40.0,-50.0,0.0,40.0,5.0
Kowloon Cricket Club 4,85.71428571428572,28.57142857142857,-35.71428571428571,-35.71428571428571,-21.42857142857143,4.285714285714278
Hong Kong Football Club 4B,33.33333333333333,-16.666666666666664,-50.0,16.666666666666664,0.0,-3.3333333333333357
Friend Club 1,-20.0,35.0,-30.0,-10.0,-25.0,-10.0
Hong Kong Football Club 4A,0.0,-50.0,-25.0,-10.0,-6.666666666666657,-18.33333333333333
