Team,Rubber 1 Win %,Rubber 2 Win %,Rubber 3 Win %,Rubber 4 Win %,Rubber 5 Win %,avg_win_perc
Hong Kong Football Club 4B,28.57142857142857,28.57142857142857,0.0,28.57142857142857,21.42857142857143,21.428571428571427
TNGX,50.0,-6.666666666666657,6.666666666666671,23.333333333333336,0.0,14.666666666666671
X-Alpha 1,23.333333333333343,6.666666666666657,-33.33333333333334,20.0,50.0,13.333333333333329
Kowloon Cricket Club 4,40.0,17.5,-17.5,7.5,15.0,12.5
Hong Kong Football Club 4A,8.333333333333336,-8.333333333333329,-25.0,8.333333333333336,37.14285714285714,4.095238095238095
Friend Club 1,20.0,20.0,-40.0,0.0,-20.0,-4.0
