Team,Rubber 1 Win %,Rubber 2 Win %,Rubber 3 Win %,Rubber 4 Win %,Rubber 5 Win %,avg_win_perc
i-Mask Advance Squash Club 1,0.0,100.0,-33.33333333333333,66.66666666666666,33.33333333333333,33.33333333333332
YLJR 1,33.33333333333334,0.0,50.0,-33.33333333333333,100.0,30.000000000000004
Hong Kong Football Club 5,-9.523809523809518,33.33333333333334,5.714285714285708,45.71428571428571,6.666666666666657,16.380952380952372
Kowloon Cricket Club 5,14.285714285714292,11.904761904761912,-9.523809523809526,11.904761904761912,40.0,13.714285714285708
Sha Tin Squash Rackets Club 1,-25.0,41.66666666666666,41.66666666666666,33.33333333333333,-33.33333333333333,11.666666666666664
X-Alpha 2,33.33333333333333,33.33333333333333,-16.666666666666657,0.0,0.0,10.0
United Services Recreation Club 1,-9.523809523809518,21.42857142857143,45.71428571428571,-2.857142857142861,-17.142857142857146,7.5238095238095255
Electrify Squash Div 5,0.0,14.285714285714285,-9.523809523809526,21.42857142857143,-30.0,-0.7619047619047592
Squashathon,0.0,-33.33333333333333,-66.66666666666666,25.0,-66.66666666666666,-28.33333333333333
