Team,Rubber 1 Win %,Rubber 2 Win %,Rubber 3 Win %,Rubber 4 Win %,Rubber 5 Win %,avg_win_perc
YLJR 1,33.33333333333334,0.0,50.0,-33.33333333333333,100.0,30.000000000000004
i-Mask Advance Squash Club 1,-16.66666666666667,100.0,-16.66666666666667,66.66666666666666,16.666666666666657,29.999999999999986
Kowloon Cricket Club 5,16.666666666666657,13.333333333333343,6.666666666666671,13.333333333333343,50.0,20.0
Hong Kong Football Club 5,-2.857142857142861,40.0,5.714285714285708,45.71428571428571,6.666666666666657,19.047619047619037
X-Alpha 2,33.33333333333333,33.33333333333333,-16.666666666666657,0.0,0.0,10.0
United Services Recreation Club 1,-9.523809523809518,21.42857142857143,45.71428571428571,-2.857142857142861,-17.142857142857146,7.5238095238095255
Electrify Squash Div 5,16.666666666666664,16.666666666666664,-16.66666666666667,16.66666666666667,-30.0,0.6666666666666714
Sha Tin Squash Rackets Club 1,-25.0,25.0,25.0,0.0,-33.33333333333333,-1.6666666666666643
Squashathon,0.0,-33.33333333333333,-66.66666666666666,33.33333333333333,-66.66666666666666,-26.666666666666664
