Team,Rubber 1 Win %,Rubber 2 Win %,Rubber 3 Win %,Rubber 4 Win %,Rubber 5 Win %,avg_win_perc
i-Mask Advance Squash Club 1,55.0,50.0,-35.0,40.0,25.0,27.0
Kowloon Cricket Club 5,0.0,15.0,30.0,15.0,41.66666666666667,20.333333333333336
YLJR 1,35.0,30.0,26.666666666666657,-6.666666666666671,8.333333333333329,18.666666666666664
Sha Tin Squash Rackets Club 1,0.0,60.0,0.0,20.0,10.0,18.0
Hong Kong Football Club 5,0.0,50.0,8.333333333333343,33.33333333333334,-8.333333333333343,16.66666666666667
United Services Recreation Club 1,0.0,0.0,55.0,10.0,-10.0,11.0
X-Alpha 2,15.0,55.0,-26.66666666666667,0.0,0.0,8.666666666666657
Electrify Squash Div 5,20.0,20.0,0.0,20.0,-25.0,7.0
Squashathon,0.0,-20.0,-50.0,-5.0,-25.0,-20.0
