Team,Rubber 1 Win %,Rubber 2 Win %,Rubber 3 Win %,Rubber 4 Win %,Rubber 5 Win %,avg_win_perc
i-Mask Advance Squash Club 1,0.0,100.0,-33.33333333333333,66.66666666666666,33.33333333333333,33.33333333333332
YLJR 1,8.333333333333343,25.0,50.0,-33.33333333333333,75.0,25.000000000000004
X-Alpha 2,41.66666666666666,41.66666666666666,0.0,0.0,0.0,16.666666666666657
Kowloon Cricket Club 5,14.285714285714292,14.285714285714278,-14.285714285714285,14.285714285714278,43.33333333333334,14.38095238095238
United Services Recreation Club 1,5.357142857142861,32.142857142857146,37.5,0.0,-12.5,12.5
Sha Tin Squash Rackets Club 1,-25.0,41.66666666666666,41.66666666666666,33.33333333333333,-33.33333333333333,11.666666666666664
Hong Kong Football Club 5,-14.285714285714292,28.57142857142857,2.3809523809523654,35.71428571428571,0.0,10.476190476190453
Electrify Squash Div 5,3.5714285714285694,16.07142857142857,-4.166666666666671,12.5,-20.0,1.595238095238095
Squashathon,0.0,-33.33333333333333,-66.66666666666666,25.0,-66.66666666666666,-28.33333333333333
