Team,Rubber 1 Win %,Rubber 2 Win %,Rubber 3 Win %,Rubber 4 Win %,Rubber 5 Win %,avg_win_perc
Hong Kong Cricket Club 3,50.0,25.0,50.0,25.0,16.66666666666667,33.333333333333336
Kowloon Cricket Club 8,16.66666666666667,66.66666666666666,33.33333333333333,-16.666666666666657,46.66666666666667,29.333333333333336
Physical Chess 2,25.0,0.0,25.0,-25.0,75.0,20.0
Hong Kong Cricket Club 4,50.0,0.0,25.0,-25.0,25.0,15.0
Global Squash 1,16.666666666666657,-16.666666666666657,0.0,-8.333333333333329,41.66666666666667,6.666666666666671
Hong Kong Football Club 8B,-20.0,0.0,26.666666666666657,13.333333333333329,10.0,6.0
Sha Tin Squash Rackets Club 2,-5.0,-40.0,15.0,60.0,-5.0,5.0
Hong Kong Football Club 8A,-13.333333333333343,-80.0,26.666666666666657,-13.333333333333343,40.0,-8.0
United Services Recreation Club 2,-25.0,-41.66666666666667,8.333333333333343,-41.66666666666667,50.0,-10.0
