Team,Rubber 1 Win %,Rubber 2 Win %,Rubber 3 Win %,Rubber 4 Win %,Rubber 5 Win %,avg_win_perc
Hong Kong Cricket Club 3,40.0,30.0,10.0,23.333333333333343,16.666666666666657,24.0
Physical Chess 2,13.333333333333329,6.666666666666657,10.0,-26.66666666666667,66.66666666666666,13.999999999999993
Kowloon Cricket Club 8,-2.857142857142861,51.42857142857143,11.42857142857143,-22.85714285714286,6.666666666666657,8.761904761904745
Hong Kong Cricket Club 4,40.0,0.0,20.0,-40.0,0.0,4.0
Hong Kong Football Club 8B,-3.3333333333333357,0.0,10.0,-3.3333333333333357,-15.0,-2.3333333333333357
Hong Kong Football Club 8A,-33.33333333333334,-41.66666666666666,16.66666666666667,-8.333333333333343,50.0,-3.3333333333333286
United Services Recreation Club 2,-16.666666666666657,-33.33333333333333,0.0,-16.66666666666667,50.0,-3.3333333333333286
Sha Tin Squash Rackets Club 2,-16.666666666666664,-16.666666666666686,0.0,33.333333333333336,-16.666666666666664,-3.333333333333343
Global Squash 1,-7.5,-35.0,-22.5,-30.0,37.142857142857146,-11.57142857142857
