Team,Rubber 1 Win %,Rubber 2 Win %,Rubber 3 Win %,Rubber 4 Win %,Rubber 5 Win %,avg_win_perc
Hong Kong Cricket Club 3,40.0,40.0,20.0,20.0,10.0,26.0
Physical Chess 2,20.0,20.0,20.0,-20.0,80.0,24.0
Hong Kong Cricket Club 4,40.0,10.0,15.0,-35.0,5.0,7.0
Kowloon Cricket Club 8,-10.0,46.66666666666666,6.666666666666657,-30.0,20.0,6.666666666666664
Hong Kong Football Club 8A,-33.33333333333334,-41.66666666666666,16.66666666666667,-8.333333333333343,50.0,-3.3333333333333286
Hong Kong Football Club 8B,-20.0,0.0,0.0,0.0,-6.666666666666671,-5.333333333333336
United Services Recreation Club 2,-30.0,-26.66666666666667,3.333333333333343,-26.66666666666667,50.0,-6.0
Global Squash 1,-5.714285714285708,-31.42857142857143,-17.14285714285714,-22.857142857142854,46.66666666666667,-6.095238095238088
Sha Tin Squash Rackets Club 2,-23.333333333333336,-33.33333333333334,-6.666666666666671,30.0,-3.3333333333333357,-7.333333333333343
