Team,Rubber 1 Win %,Rubber 2 Win %,Rubber 3 Win %,Rubber 4 Win %,Rubber 5 Win %,avg_win_perc
Hong Kong Cricket Club 3,50.0,16.66666666666667,0.0,33.33333333333334,6.666666666666657,21.333333333333336
Physical Chess 2,16.666666666666664,16.666666666666657,16.66666666666667,-16.66666666666667,66.66666666666666,19.999999999999993
Kowloon Cricket Club 8,2.5,55.0,15.0,-17.5,11.42857142857143,13.285714285714292
Hong Kong Cricket Club 4,40.0,0.0,20.0,-40.0,0.0,4.0
Hong Kong Football Club 8B,-3.3333333333333357,0.0,10.0,-3.3333333333333357,-15.0,-2.3333333333333357
Sha Tin Squash Rackets Club 2,-16.666666666666664,-16.666666666666686,0.0,33.333333333333336,-16.666666666666664,-3.333333333333343
United Services Recreation Club 2,-7.142857142857139,-38.0952380952381,-2.3809523809523654,-23.80952380952381,50.0,-4.285714285714292
Hong Kong Football Club 8A,-23.333333333333343,-46.66666666666666,6.666666666666671,-3.333333333333343,30.0,-7.333333333333329
Global Squash 1,-4.166666666666657,-41.66666666666667,-29.16666666666667,-33.333333333333336,40.47619047619049,-13.57142857142857
