Team,Rubber 1 Win %,Rubber 2 Win %,Rubber 3 Win %,Rubber 4 Win %,Rubber 5 Win %,avg_win_perc
Hong Kong Cricket Club 4,50.0,25.0,50.0,0.0,25.0,30.0
Kowloon Cricket Club 8,26.66666666666667,80.0,26.66666666666667,-26.666666666666657,41.66666666666667,29.66666666666667
Hong Kong Cricket Club 3,50.0,25.0,50.0,25.0,-8.333333333333329,28.333333333333336
Physical Chess 2,50.0,0.0,25.0,-25.0,50.0,20.0
Global Squash 1,20.0,6.666666666666657,6.666666666666657,-6.666666666666671,60.0,17.33333333333333
Sha Tin Squash Rackets Club 2,6.666666666666671,-40.0,60.0,60.0,-33.33333333333333,10.666666666666671
Hong Kong Football Club 8B,-20.0,0.0,26.666666666666657,-6.666666666666671,10.0,2.0
United Services Recreation Club 2,-6.666666666666657,-26.666666666666657,13.333333333333343,-26.666666666666657,40.0,-1.3333333333333286
Hong Kong Football Club 8A,-13.333333333333343,-46.66666666666667,60.0,-46.66666666666667,40.0,-1.3333333333333428
