Team,Rubber 1 Win %,Rubber 2 Win %,Rubber 3 Win %,Rubber 4 Win %,Rubber 5 Win %,avg_win_perc
Physical Chess 2,28.57142857142857,0.0,28.57142857142857,-9.523809523809526,66.66666666666666,22.857142857142858
Hong Kong Cricket Club 3,57.142857142857146,21.42857142857143,-7.142857142857139,26.190476190476204,0.0,19.523809523809533
Kowloon Cricket Club 8,19.642857142857146,46.42857142857143,3.5714285714285694,-8.92857142857143,0.0,12.142857142857146
Hong Kong Football Club 8B,11.904761904761905,0.0,7.142857142857139,-4.761904761904759,0.0,2.857142857142854
Hong Kong Cricket Club 4,33.33333333333333,-16.666666666666657,16.666666666666664,-46.66666666666667,3.333333333333343,-1.999999999999993
Sha Tin Squash Rackets Club 2,-4.761904761904759,-11.904761904761912,-4.761904761904759,26.19047619047619,-16.666666666666664,-2.3809523809523867
United Services Recreation Club 2,-5.357142857142861,-32.142857142857146,-16.07142857142857,-33.92857142857143,42.857142857142854,-8.92857142857143
Hong Kong Football Club 8A,-4.761904761904773,-54.761904761904766,-9.523809523809526,-2.3809523809523654,9.523809523809518,-12.38095238095238
Global Squash 1,0.0,-37.5,-37.5,-37.5,19.642857142857146,-18.57142857142857
