Team,Rubber 1 Win %,Rubber 2 Win %,Rubber 3 Win %,avg_win_perc
Kowloon Cricket Club L1B,66.66666666666667,66.66666666666667,66.66666666666667,66.66666666666667
Kowloon Cricket Club L1A,25.0,25.0,50.0,33.333333333333336
Jessica,0.0,33.33333333333333,33.33333333333334,22.222222222222236
Hong Kong Cricket Club L1,0.0,33.33333333333333,0.0,11.111111111111109
Hong Kong Football Club L1B,0.0,0.0,-25.0,-8.333333333333334
Hong Kong Football Club L1A,0.0,0.0,-33.33333333333334,-11.111111111111128
