Team,Rubber 1 Win %,Rubber 2 Win %,Rubber 3 Win %,Rubber 4 Win %,avg_win_perc
Hong Kong Football Club L2C,-6.666666666666671,33.33333333333333,8.333333333333329,50.0,21.25
Hong Kong Cricket Club L2A,-40.0,15.0,20.0,50.0,11.25
Kowloon Cricket Club L2,-16.666666666666657,16.666666666666686,-3.333333333333343,20.0,4.166666666666671
Hong Kong Cricket Club L2B,-25.0,33.33333333333333,-8.333333333333336,-33.333333333333336,-8.333333333333336
Hong Kong Football Club L2A,-25.0,25.0,-25.0,-25.0,-12.5
Hong Kong Football Club L2B,-41.66666666666666,-8.333333333333329,0.0,0.0,-12.5
