Team,Rubber 1 Win %,Rubber 2 Win %,Rubber 3 Win %,Rubber 4 Win %,avg_win_perc
Hong Kong Cricket Club L2A,-11.904761904761905,40.47619047619049,42.85714285714286,66.66666666666666,34.52380952380952
Hong Kong Football Club L2C,-17.857142857142854,10.714285714285715,8.333333333333336,25.0,6.547619047619051
Kowloon Cricket Club L2,-1.3888888888888857,9.722222222222214,-3.1746031746031775,14.285714285714292,4.861111111111114
Hong Kong Football Club L2B,-41.66666666666667,8.333333333333329,0.0,-8.333333333333329,-10.416666666666664
Hong Kong Cricket Club L2B,-16.666666666666664,28.57142857142857,-4.761904761904759,-52.38095238095237,-11.30952380952381
Hong Kong Football Club L2A,-16.666666666666657,8.333333333333343,-25.0,-33.33333333333334,-16.666666666666657
