Team,Rubber 1 Win %,Rubber 2 Win %,Rubber 3 Win %,Rubber 4 Win %,avg_win_perc
Hong Kong Cricket Club L2A,-8.57142857142857,37.142857142857146,42.85714285714286,50.0,30.35714285714286
Hong Kong Football Club L2C,-9.523809523809526,19.047619047619044,16.666666666666664,25.0,12.797619047619051
Kowloon Cricket Club L2,-1.7857142857142918,10.714285714285708,-4.166666666666657,14.285714285714292,4.761904761904759
Hong Kong Cricket Club L2B,-20.0,28.57142857142857,-11.42857142857143,-52.38095238095237,-13.80952380952381
Hong Kong Football Club L2B,-33.33333333333333,0.0,0.0,-25.0,-14.583333333333336
Hong Kong Football Club L2A,-16.666666666666657,8.333333333333343,-25.0,-33.33333333333334,-16.666666666666657
