Team,Rubber 1 Win %,Rubber 2 Win %,Rubber 3 Win %,Rubber 4 Win %,avg_win_perc
Hong Kong Cricket Club Rockettes,16.66666666666667,50.000000000000014,-6.666666666666657,8.333333333333343,17.08333333333335
Hong Kong Football Club L3A,-20.0,0.0,13.333333333333343,60.0,13.333333333333343
Hong Kong Football Club L3C,25.0,25.0,-25.0,25.0,12.5
The Squash Club Ladies,20.0,0.0,0.0,20.0,10.0
Hong Kong Football Club L3B,40.0,20.0,-6.666666666666671,-26.66666666666667,6.666666666666657
JESSICA Smashin' Mochi,-16.666666666666664,0.0,16.666666666666657,16.666666666666657,4.166666666666664
Physical Chess Ladies,-20.0,20.0,15.0,-8.333333333333329,1.6666666666666714
