Team,Rubber 1 Win %,Rubber 2 Win %,Rubber 3 Win %,Rubber 4 Win %,avg_win_perc
Hong Kong Football Club M1A,8.333333333333343,33.33333333333334,8.333333333333343,8.333333333333343,14.583333333333343
Ladies Recreation Club M1,5.0,55.0,-5.0,-5.0,12.5
Hong Kong Cricket Club M1B,0.0,0.0,0.0,0.0,0.0
Hong Kong Cricket Club M1A,16.666666666666657,0.0,-25.0,-25.0,-8.333333333333336
Hong Kong Football Club M1B,0.0,-25.0,-50.0,8.333333333333343,-16.666666666666657
