Team,Rubber 1 Win %,Rubber 2 Win %,Rubber 3 Win %,Rubber 4 Win %,avg_win_perc
Hong Kong Cricket Club M1B,20.0,6.666666666666671,0.0,40.0,16.666666666666668
Hong Kong Football Club M1A,8.333333333333343,33.33333333333334,8.333333333333343,8.333333333333343,14.583333333333343
Ladies Recreation Club M1,10.714285714285715,46.42857142857143,-10.714285714285708,3.5714285714285694,12.5
Hong Kong Cricket Club M1A,25.0,0.0,-25.0,-25.0,-6.25
Hong Kong Football Club M1B,0.0,-25.0,-50.0,25.0,-12.5
