Team,Rubber 1 Win %,Rubber 2 Win %,Rubber 3 Win %,Rubber 4 Win %,Rubber 5 Win %,avg_win_perc
Old Squash Fellows,20.0,0.0,40.0,40.0,50.0,30.0
Hong Kong Football Club M2B,-8.333333333333329,8.333333333333343,41.66666666666667,75.0,16.66666666666667,26.66666666666667
Hong Kong Football Club M2A,-16.66666666666667,16.666666666666657,0.0,25.0,50.0,15.0
Hong Kong Football Club M2C,66.66666666666666,16.666666666666657,-8.333333333333343,0.0,0.0,15.0
Ladies Recreation Club M2,30.0,-10.0,30.0,10.0,13.333333333333329,14.666666666666664
Titlows Squash Team,-16.666666666666664,0.0,20.0,0.0,0.0,0.666666666666667
Hong Kong Cricket Club M2,43.33333333333334,26.666666666666657,-30.0,-33.33333333333334,-10.0,-0.6666666666666714
United Services Recreation Club M2,-25.0,33.33333333333334,-25.0,0.0,8.333333333333343,-1.6666666666666643
Royal Hong Kong Yacht Club M2,-8.333333333333343,8.333333333333336,16.66666666666667,-41.66666666666666,0.0,-4.999999999999993
