Team,Rubber 1 Win %,Rubber 2 Win %,Rubber 3 Win %,Rubber 4 Win %,Rubber 5 Win %,avg_win_perc
Old Squash Fellows,14.285714285714292,8.57142857142857,45.714285714285715,25.714285714285715,50.0,28.85714285714286
Hong Kong Football Club M2B,-40.0,20.0,60.0,80.0,-20.0,20.0
Ladies Recreation Club M2,22.857142857142854,-2.857142857142861,37.14285714285714,17.14285714285714,8.57142857142857,16.57142857142857
Hong Kong Football Club M2C,20.0,40.0,20.0,0.0,0.0,16.0
Hong Kong Cricket Club M2,14.285714285714292,42.85714285714286,0.0,0.0,0.0,11.428571428571416
Hong Kong Football Club M2A,-10.0,10.0,-20.0,25.0,50.0,11.0
Titlows Squash Team,-14.285714285714285,0.0,33.33333333333333,16.666666666666664,0.0,7.142857142857142
United Services Recreation Club M2,-10.0,27.5,-17.5,10.0,15.0,5.0
Royal Hong Kong Yacht Club M2,-27.5,7.5,35.0,-30.0,22.5,1.5
