Team,Rubber 1 Win %,Rubber 2 Win %,Rubber 3 Win %,Rubber 4 Win %,Rubber 5 Win %,avg_win_perc
Old Squash Fellows,14.285714285714292,3.5714285714285694,23.214285714285715,10.714285714285715,42.857142857142854,18.92857142857143
Hong Kong Football Club M2A,10.0,26.666666666666657,-33.33333333333334,20.0,60.0,16.666666666666657
Ladies Recreation Club M2,28.57142857142857,14.285714285714285,14.285714285714285,14.285714285714285,0.0,14.285714285714278
Hong Kong Football Club M2B,-46.66666666666666,13.333333333333343,46.66666666666667,63.333333333333336,-10.0,13.333333333333343
Hong Kong Cricket Club M2,14.285714285714292,42.85714285714286,0.0,0.0,0.0,11.428571428571416
Hong Kong Football Club M2C,6.666666666666671,30.0,13.333333333333343,0.0,0.0,10.0
Titlows Squash Team,-14.285714285714285,0.0,28.57142857142857,14.285714285714285,-2.3809523809523796,5.238095238095237
United Services Recreation Club M2,0.0,20.833333333333343,-20.833333333333343,0.0,8.333333333333343,1.6666666666666714
Royal Hong Kong Yacht Club M2,-37.5,4.166666666666664,25.0,-33.333333333333336,29.166666666666657,-2.500000000000007
