Team,Rubber 1 Win %,Rubber 2 Win %,Rubber 3 Win %,Rubber 4 Win %,Rubber 5 Win %,avg_win_perc
Kowloon Cricket Club 3A,55.0,40.0,35.0,25.0,0.0,31.0
United Services Recreation Club 1,33.33333333333333,13.333333333333329,-8.333333333333336,25.0,0.0,12.66666666666666
X-Alpha 1,-13.333333333333343,20.0,20.0,0.0,33.33333333333334,12.0
Kowloon Cricket Club 3B,20.0,0.0,-6.666666666666657,80.0,-41.66666666666666,10.333333333333336
NEXUS 1,-6.666666666666657,-40.0,16.66666666666667,16.66666666666667,50.0,7.333333333333336
Happy Squash 1,-5.0,0.0,10.0,50.0,-66.66666666666666,-2.3333333333333286
Hong Kong Football Club 3A,0.0,20.0,-20.0,10.0,-35.0,-5.0
Hong Kong Football Club 3B,-10.0,25.0,-25.0,-16.66666666666667,-66.66666666666666,-18.666666666666664
