Team,Played,Won,Lost,Points,Playoffs,1,2,3,4,5
Kowloon Cricket Club 2,16,13.681536307261453,2.318463692738548,65.03140628125625,100.0,99.33986797359472,0.6601320264052811,0.0,0.0,0.0
Hong Kong Football Club 2A,16,11.985797159431886,4.014202840568114,52.28265653130626,99.99999999999999,0.6601320264052811,99.15983196639327,0.18003600720144028,0.0,0.0
Hong Kong Football Club 2B,16,7.818563712742549,8.181436287257451,40.122024404880975,100.0,0.0,0.18003600720144028,99.47989597919585,0.34006801360272054,0.0
Hong Kong Cricket Club 2,16,5.481896379275855,10.518103620724144,28.529505901180237,99.89997999599919,0.0,0.0,0.34006801360272054,99.55991198239647,0.10002000400080016
Young Player 2,16,1.0322064412882577,14.967793558711742,14.034406881376276,0.10002000400080016,0.0,0.0,0.0,0.10002000400080016,99.8999799959992
