Team,Rubber 1 Win %,Rubber 2 Win %,Rubber 3 Win %,Rubber 4 Win %,Rubber 5 Win %,avg_win_perc
Kowloon Cricket Club 9,50.0,66.66666666666666,16.666666666666657,16.666666666666657,66.66666666666666,43.33333333333333
Friend Club,50.0,0.0,0.0,0.0,0.0,10.0
HKPF Squash Team,50.0,50.0,-50.0,-50.0,50.0,10.0
Hong Kong Football Club 9,50.0,-16.666666666666657,-8.333333333333329,16.66666666666667,-16.666666666666657,5.000000000000007
Centre Squash,41.66666666666667,-16.666666666666657,-41.66666666666666,50.0,-33.33333333333333,1.4210854715202004e-14
The Best Group 2,0.0,0.0,-50.0,100.0,-50.0,0.0
Kwai Tsing District Squash Club,-50.0,50.0,-50.0,50.0,-50.0,-10.0
i-Mask Advance Squash Club 3,50.0,-100.0,-100.0,0.0,0.0,-30.0
