Team,Rubber 1 Win %,Rubber 2 Win %,Rubber 3 Win %,avg_win_perc
i-Mask Advance Squash Club L4,0.0,100.0,50.0,50.0
Electrify Squash Ladies,33.33333333333333,33.33333333333333,50.0,38.888888888888886
JESSICA Smashin' Mochi,0.0,50.0,50.0,33.33333333333333
JESSICA L4,0.0,0.0,0.0,0.0
Hong Kong Cricket Club L4,-25.0,0.0,25.0,0.0
Hong Kong Football Club JSA,0.0,-50.0,50.0,0.0
Hong Kong Football Club L4,16.66666666666667,16.66666666666667,-66.66666666666666,-11.1111111111111
