Team,Rubber 1 Win %,Rubber 2 Win %,Rubber 3 Win %,Rubber 4 Win %,Rubber 5 Win %,avg_win_perc,Total Rubbers
X-Alpha 1,100.0,94.11764705882352,64.70588235294117,87.5,75.0,84.26470588235294,83
Kowloon Cricket Club 4,47.05882352941176,52.94117647058824,70.58823529411765,64.70588235294117,76.47058823529412,62.35294117647059,85
Hong Kong Football Club 4A,35.294117647058826,76.47058823529412,64.70588235294117,64.70588235294117,60.0,60.23529411764706,83
Hong Kong Football Club 4B,41.17647058823529,41.17647058823529,58.82352941176471,68.75,66.66666666666666,55.3186274509804,82
United Services Recreation Club 1,76.47058823529412,52.94117647058824,58.82352941176471,37.5,20.0,49.14705882352941,82
NEXUS 2,70.58823529411765,47.05882352941176,29.411764705882355,23.52941176470588,15.384615384615385,37.19457013574661,81
Hong Kong Cricket Club 3,23.52941176470588,29.411764705882355,41.17647058823529,29.411764705882355,35.714285714285715,31.84873949579832,82
Sha Tin 2,5.88235294117647,5.88235294117647,11.76470588235294,25.0,38.46153846153847,17.39819004524887,80
