Team,Rubber 1 Win %,Rubber 2 Win %,Rubber 3 Win %,Rubber 4 Win %,Rubber 5 Win %,avg_win_perc,Total Rubbers
Dynamos Squash,87.5,87.5,92.85714285714286,75.0,83.33333333333334,85.23809523809526,64
Fusion Squash Club 1,52.94117647058824,56.25,71.42857142857143,75.0,88.88888888888889,68.9017273576097,68
NEXUS 3,73.33333333333333,85.71428571428571,53.84615384615385,44.44444444444444,25.0,56.46764346764346,55
Vitality Squash 2,37.5,25.0,60.0,77.77777777777779,40.0,48.05555555555556,61
X-Alpha 4,37.5,43.75,61.53846153846154,50.0,44.44444444444444,47.4465811965812,66
MERCURY,35.294117647058826,23.52941176470588,23.52941176470588,43.75,61.53846153846154,37.52828054298642,80
Happy Squash 3,71.42857142857143,64.28571428571429,21.428571428571427,0.0,30.0,37.42857142857143,65
LONGVIEW,11.76470588235294,23.52941176470588,25.0,46.15384615384615,20.0,25.289592760180994,73
