Team,Rubber 1 Win %,Rubber 2 Win %,Rubber 3 Win %,Rubber 4 Win %,Rubber 5 Win %,avg_win_perc,Total Rubbers
X-Alpha 1,66.66666666666666,83.33333333333334,80.0,100.0,66.66666666666666,79.33333333333333,24
Happy Squash 1,85.71428571428571,100.0,42.857142857142854,0.0,40.0,53.71428571428571,33
NEXUS 1,62.5,87.5,37.5,50.0,25.0,52.5,34
Kowloon Cricket Club 3B,37.5,50.0,50.0,20.0,80.0,47.5,32
Hong Kong Football Club 3A,22.22222222222222,22.22222222222222,87.5,37.5,66.66666666666666,47.22222222222222,40
Hong Kong Football Club 3B,66.66666666666666,0.0,40.0,50.0,66.66666666666666,44.666666666666664,23
United Services Recreation Club 1,12.5,37.5,14.285714285714285,33.33333333333333,60.0,31.52380952380952,34
Kowloon Cricket Club 3A,16.666666666666664,0.0,16.666666666666664,33.33333333333333,40.0,21.333333333333332,29
