Team,Played,Won,Lost,Points,Playoffs,1,2,3,4,5
Kowloon Cricket Club L1A,8,5.419083816763353,2.5809161832366474,21.268253650730145,100.0,50.270054010802156,25.48509701940388,23.424684936987397,0.8201640328065612,0.0
Kowloon Cricket Club L1B,8,5.603520704140828,2.396479295859172,20.301860372074415,100.0,36.14722944588918,44.388877775555116,17.243448689737946,2.2204440888177635,0.0
JESSICA L1,8,4.528305661132227,3.4716943388677737,19.09101820364073,100.0,13.582716543308662,28.445689137827568,46.349269853970796,11.622324464892978,0.0
Hong Kong Football Club L1,8,4.298059611922384,3.7019403880776154,15.965593118623724,99.99999999999999,0.0,1.6803360672134429,12.98259651930386,85.33706741348269,0.0
Hong Kong Cricket Club L1,8,0.15103020604120823,7.8489697939587915,3.373274654930986,0.0,0.0,0.0,0.0,0.0,100.0
