Team,Played,Won,Lost,Points,Playoffs,1,2,3,4,5,6
Kowloon Cricket Club 1A,10,9.36987397479496,0.630126025205041,33.11342268453691,100.0,96.27925585117023,3.720744148829766,0.0,0.0,0.0,0.0
Hong Kong Cricket Club 1,10,7.790558111622325,2.2094418883776754,26.880176035207043,99.99999999999999,3.720744148829766,88.31766353270653,7.961592318463692,0.0,0.0,0.0
Hong Kong Football Club 1A,10,5.95619123824765,4.04380876175235,22.365873174634928,100.0,0.0,7.961592318463692,89.45789157831567,2.5805161032206443,0.0,0.0
FWD,10,3.143628725745149,6.856371274254851,15.98119623924785,64.97299459891978,0.0,0.0,2.5805161032206443,62.392478495699145,34.94698939787958,0.08001600320064013
Hong Kong Football Club 1B,10,3.1340268053610725,6.8659731946389275,14.342868573714743,35.00700140028006,0.0,0.0,0.0,35.00700140028006,64.21284256851371,0.7801560312062412
Kowloon Cricket Club 1B,10,0.6057211442288458,9.394278855771155,7.316463292658532,0.020004000800160033,0.0,0.0,0.0,0.020004000800160033,0.8401680336067214,99.13982796559311
