Team,Rubber 1 Win %,Rubber 2 Win %,Rubber 3 Win %,Rubber 4 Win %,Rubber 5 Win %,avg_win_perc,Total Rubbers
Kowloon Cricket Club 2,93.75,87.5,93.75,68.75,71.42857142857143,83.03571428571429,78
Hong Kong Football Club 2A,62.5,68.75,68.75,18.75,64.28571428571429,56.607142857142854,78
Hong Kong Football Club 2B,25.0,31.25,31.25,62.5,60.0,42.0,79
Hong Kong Cricket Club D2,56.25,43.75,50.0,37.5,6.25,38.75,80
Young Player 2,12.5,18.75,6.25,62.5,54.54545454545454,30.909090909090907,75
