Team,Rubber 1 Win %,Rubber 2 Win %,Rubber 3 Win %,Rubber 4 Win %,Rubber 5 Win %,avg_win_perc,Total Rubbers
X-Alpha 1,66.66666666666666,70.58823529411765,81.25,85.71428571428571,75.0,75.843837535014,73
Kowloon Cricket Club 3B,45.0,55.00000000000001,61.111111111111114,64.70588235294117,64.28571428571429,58.020541549953315,89
Hong Kong Football Club 3A,31.57894736842105,36.84210526315789,76.47058823529412,56.25,61.53846153846154,52.53602048106692,84
Happy Squash 1,82.35294117647058,94.11764705882352,29.411764705882355,29.411764705882355,25.0,52.058823529411754,80
NEXUS 1,50.0,61.111111111111114,46.666666666666664,46.15384615384615,25.0,45.78632478632478,72
Hong Kong Football Club 3B,61.111111111111114,35.294117647058826,46.15384615384615,40.0,40.0,44.511814982403216,63
Kowloon Cricket Club 3A,50.0,18.75,43.75,40.0,35.714285714285715,37.642857142857146,77
United Services Recreation Club 1,20.0,30.0,16.666666666666664,37.5,64.28571428571429,33.69047619047619,88
