Team,Rubber 1 Win %,Rubber 2 Win %,Rubber 3 Win %,Rubber 4 Win %,avg_win_perc,Total Rubbers
JESSICA L3,38.46153846153847,85.71428571428571,69.23076923076923,75.0,67.10164835164835,52
Hong Kong Football Club L3B,60.0,60.0,50.0,45.45454545454545,53.86363636363636,55
Hong Kong Cricket Club L3,40.0,46.666666666666664,57.14285714285714,58.333333333333336,50.535714285714285,56
Hong Kong Football Club L3A,80.0,28.57142857142857,23.076923076923077,45.45454545454545,44.27572427572427,53
Hong Kong Football Club L3C,28.57142857142857,28.57142857142857,50.0,20.0,31.785714285714285,50
