Team,Rubber 1 Win %,Rubber 2 Win %,Rubber 3 Win %,avg_win_perc,Total Rubbers
Hong Kong Football Club M1B,80.0,60.0,75.0,71.66666666666667,42
Hong Kong Football Club M1A,50.0,68.75,85.71428571428571,68.15476190476191,46
Hong Kong Cricket Club M1A,73.33333333333333,60.0,23.076923076923077,52.13675213675213,43
Hong Kong Cricket Club M1B,43.75,53.333333333333336,37.5,44.861111111111114,39
Squashathon M+,6.25,6.666666666666667,26.666666666666668,13.194444444444445,46
