Team Name,Home,Average Home Score,Average Away Score,home_away_diff
X-Alpha 3,Cornwall Street Squash Centre,4.4,2.8333333333333335,1.5666666666666669
Vitality Squash 1,HK Squash Centre,1.8571428571428572,0.8571428571428571,1.0
Hong Kong Football Club 7A,Hong Kong Football Club,2.888888888888889,2.0,0.8888888888888888
Hong Kong Cricket Club 5,Hong Kong Cricket Club,2.875,2.125,0.75
The Best Group 1,Cornwall Street Squash Centre,3.0,2.4,0.6000000000000001
UST,Cornwall Street Squash Centre,3.3333333333333335,3.0,0.3333333333333335
Kinetic 1,HK Squash Centre,2.1666666666666665,2.142857142857143,0.023809523809523725
