Team,Rubber 1 Win %,Rubber 2 Win %,Rubber 3 Win %,Rubber 4 Win %,Rubber 5 Win %,avg_win_perc,Total Rubbers
Hong Kong Cricket Club 6,66.66666666666666,87.5,87.5,100.0,42.857142857142854,76.9047619047619,40
Squashathon Zero,80.0,60.0,70.0,50.0,88.88888888888889,69.77777777777779,49
i-Mask Advance Squash Club 3,87.5,37.5,75.0,75.0,71.42857142857143,69.28571428571429,39
Sha Tin Squash Rackets Club 3,28.57142857142857,57.14285714285714,57.14285714285714,57.14285714285714,50.0,49.99999999999999,34
MERCURY,10.0,30.0,60.0,66.66666666666666,77.77777777777779,48.88888888888889,48
Ladies Recreation Club Div 12,50.0,20.0,70.0,37.5,37.5,43.0,46
Kinetic 1,33.33333333333333,22.22222222222222,44.44444444444444,44.44444444444444,33.33333333333333,35.55555555555556,45
Studio Pro,40.0,20.0,0.0,60.0,16.666666666666664,27.333333333333332,46
