Team,Rubber 1 Win %,Rubber 2 Win %,Rubber 3 Win %,Rubber 4 Win %,Rubber 5 Win %,avg_win_perc,Total Rubbers
X-Alpha 4,75.0,87.5,100.0,100.0,100.0,92.5,40
Fusion Squash Club 2,83.33333333333334,83.33333333333334,83.33333333333334,50.0,50.0,70.0,28
Vitality Squash 2,66.66666666666666,50.0,60.0,60.0,40.0,55.33333333333333,27
i-Mask Advance Squash Club 8,80.0,20.0,60.0,40.0,33.33333333333333,46.666666666666664,23
Happy Squash 3,55.55555555555556,33.33333333333333,42.857142857142854,42.857142857142854,40.0,42.920634920634924,37
Smart Squash 2,37.5,50.0,42.857142857142854,66.66666666666666,0.0,39.404761904761905,34
Friend Club 6,25.0,25.0,25.0,28.57142857142857,33.33333333333333,27.38095238095238,37
i-Mask Advance Squash Club 7,0.0,14.285714285714285,33.33333333333333,20.0,0.0,13.523809523809524,27
