Team,Rubber 1 Win %,Rubber 2 Win %,Rubber 3 Win %,Rubber 4 Win %,avg_win_perc,Total Rubbers
Hong Kong Football Club L3A,83.33333333333334,100.0,83.33333333333334,66.66666666666666,83.33333333333334,24
Hong Kong Football Club L3B,100.0,100.0,57.14285714285714,66.66666666666666,80.95238095238093,27
JESSICA Smashin' Mochi,22.22222222222222,44.44444444444444,100.0,100.0,66.66666666666666,36
Hong Kong Cricket Club Rockettes,44.44444444444444,77.77777777777779,75.0,57.14285714285714,63.59126984126984,33
Hong Kong Football Club L3C,75.0,100.0,20.0,50.0,61.25,18
Physical Chess Ladies,42.857142857142854,28.57142857142857,42.857142857142854,20.0,33.57142857142857,26
The Squash Club Ladies,28.57142857142857,0.0,28.57142857142857,14.285714285714285,17.857142857142854,28
