Team,Played,Won,Lost,Points,Playoffs,1,2,3,4,5,6,7
Royal Hong Kong Yacht Club Div 15,18,12.807615230460922,5.192384769539078,67.41082164328657,99.19839679358718,71.34268537074149,21.24248496993988,4.609218436873747,2.004008016032064,0.4008016032064128,0.4008016032064128,0.0
Physical Chess 5,18,11.633266533066132,6.3667334669338675,61.38677354709419,95.59118236472945,23.647294589178355,47.29458917835671,17.635270541082164,7.014028056112225,2.80561122244489,1.2024048096192386,0.4008016032064128
Hong Kong Cricket Club 8,18,8.272545090180362,9.727454909819638,53.94188376753507,69.13827655310621,2.6052104208416833,14.829659318637276,28.45691382765531,23.246492985971944,15.230460921843688,11.22244488977956,4.408817635270541
Squashathon One,18,7.995991983967936,10.004008016032063,51.078156312625254,52.50501002004008,1.6032064128256511,7.214428857715431,20.440881763527056,23.246492985971944,18.837675350701403,16.83366733466934,11.823647294589177
HKIS Div 15,18,7.781563126252505,10.218436873747494,49.35070140280561,39.278557114228455,0.6012024048096193,5.61122244488978,13.627254509018035,19.438877755511022,21.64328657314629,22.645290581162325,16.432865731462925
United Services Recreation Club 4,18,7.791583166332665,10.208416833667334,47.326653306613224,26.853707414829657,0.0,2.80561122244489,9.819639278557114,14.228456913827655,21.64328657314629,24.448897795591183,27.054108216432866
Sha Tin 7,18,6.717434869739479,11.28256513026052,45.50501002004008,17.434869739478955,0.2004008016032064,1.002004008016032,5.410821643286573,10.821643286573146,19.438877755511022,23.246492985971944,39.879759519038075
