Team,Played,Won,Lost,Points,Playoffs,1,2,3,4,5,6,7,8
Electrify Squash Div 15,21,13.934934934934935,7.065065065065065,76.35635635635636,97.89789789789789,62.262262262262254,22.12212212212212,9.40940940940941,4.1041041041041035,1.7017017017017018,0.3003003003003003,0.0,0.10010010010010009
RELAY 2,21,12.452452452452452,8.547547547547548,71.49049049049049,91.1911911911912,23.123123123123122,37.03703703703704,20.32032032032032,10.71071071071071,5.405405405405405,2.002002002002002,1.2012012012012012,0.20020020020020018
Squash-On,21,11.612612612612613,9.387387387387387,65.26126126126127,69.56956956956957,6.406406406406406,17.117117117117118,23.323323323323322,22.722722722722725,14.314314314314313,9.30930930930931,5.005005005005005,1.8018018018018018
Fusion Squash Club 3,21,10.774774774774775,10.225225225225225,64.96996996996997,65.66566566566567,6.006006006006006,14.514514514514515,22.62262262262262,22.52252252252252,14.814814814814813,10.71071071071071,6.506506506506507,2.3023023023023024
Squashathon MeGa,21,10.053053053053054,10.946946946946946,59.545545545545544,30.330330330330334,1.4014014014014013,5.105105105105105,10.81081081081081,13.013013013013014,22.22222222222222,19.71971971971972,17.71771771771772,10.01001001001001
TNG 3,21,9.01001001001001,11.98998998998999,57.24224224224224,21.02102102102102,0.40040040040040037,2.5025025025025025,6.906906906906906,11.21121121121121,14.814814814814813,24.024024024024023,21.02102102102102,19.11911911911912
Serve - Ivors,21,8.882882882882882,12.117117117117116,56.669669669669666,18.11811811811812,0.3003003003003003,1.2012012012012012,5.505505505505505,11.11111111111111,17.31731731731732,19.11911911911912,25.225225225225223,20.22022022022022
i-Mask Advance Squash Club 6,21,7.2792792792792795,13.72072072072072,52.46446446446446,6.206206206206206,0.10010010010010009,0.40040040040040037,1.1011011011011012,4.604604604604605,9.40940940940941,14.814814814814813,23.323323323323322,46.246246246246244
