Team,Played,Won,Lost,Points,Playoffs,1,2,3,4,5,6
Hong Kong Football Club L3B,20,11.288288288288289,8.711711711711711,42.890890890890894,84.68468468468468,31.83183183183183,23.223223223223226,15.115115115115115,14.514514514514515,8.408408408408409,6.906906906906906
Hong Kong Football Club L3C,20,10.411411411411411,9.588588588588589,42.312312312312315,81.08108108108108,26.426426426426424,21.02102102102102,18.61861861861862,15.015015015015015,10.31031031031031,8.608608608608609
i-Mask Advance Squash Club L3,20,10.026026026026026,9.973973973973974,39.998998998999,68.66866866866867,14.714714714714713,16.616616616616618,19.41941941941942,17.917917917917915,17.31731731731732,14.014014014014014
Hong Kong Cricket Club Rockettes,20,9.974974974974975,10.025025025025025,39.82282282282282,66.76676676676675,14.114114114114114,16.916916916916914,17.917917917917915,17.81781781781782,17.31731731731732,15.915915915915916
Hong Kong Football Club L3A,20,9.667667667667668,10.332332332332332,38.09009009009009,53.35335335335335,8.108108108108109,13.913913913913914,13.713713713713712,17.61761761761762,23.723723723723726,22.922922922922922
JESSICA L3,20,8.631631631631631,11.368368368368369,36.88488488488488,45.44544544544545,4.804804804804805,8.308308308308309,15.215215215215217,17.117117117117118,22.922922922922922,31.631631631631627
