Team,Rubber 1 Win %,Rubber 2 Win %,Rubber 3 Win %,avg_win_perc,Total Rubbers
Kowloon Cricket Club L1A,33.33333333333333,100.0,100.0,77.77777777777777,9
JESSICA L1,50.0,75.0,75.0,66.66666666666667,12
Kowloon Cricket Club L1B,33.33333333333333,66.66666666666666,66.66666666666666,55.55555555555554,9
Hong Kong Football Club L1,50.0,50.0,50.0,50.0,12
Hong Kong Cricket Club L1,0.0,0.0,25.0,8.333333333333334,12
