Team,Rubber 1 Win %,Rubber 2 Win %,Rubber 3 Win %,Rubber 4 Win %,Rubber 5 Win %,avg_win_perc,Total Rubbers
Ladies Recreation Club Div 14,88.88888888888889,100.0,62.5,14.285714285714285,50.0,63.13492063492064,38
Hong Kong Football Club 14A,57.14285714285714,71.42857142857143,42.857142857142854,50.0,75.0,59.28571428571429,29
8 Virtues + 1,57.14285714285714,14.285714285714285,20.0,60.0,100.0,50.285714285714285,27
Kowloon Cricket Club 14,60.0,66.66666666666666,55.55555555555556,50.0,14.285714285714285,49.301587301587304,43
North District Sports Association 3,44.44444444444444,66.66666666666666,22.22222222222222,66.66666666666666,42.857142857142854,48.57142857142857,43
Hong Kong Football Club 14B,62.5,37.5,40.0,100.0,0.0,48.0,26
Electrify Squash Div 14,11.11111111111111,11.11111111111111,62.5,28.57142857142857,33.33333333333333,29.325396825396826,39
X-Alpha 6,33.33333333333333,60.0,0.0,0.0,0.0,18.666666666666664,15
