Team,Rubber 1 Win %,Rubber 2 Win %,Rubber 3 Win %,Rubber 4 Win %,Rubber 5 Win %,avg_win_perc,Total Rubbers
UST,100.0,40.0,40.0,80.0,25.0,57.0,24
X-Alpha 3,33.33333333333333,80.0,60.0,50.0,25.0,49.666666666666664,24
The Best Group 1,60.0,60.0,40.0,60.0,20.0,48.0,25
Kinetic 1,66.66666666666666,16.666666666666664,33.33333333333333,83.33333333333334,33.33333333333333,46.666666666666664,30
Hong Kong Football Club 7A,25.0,25.0,50.0,42.857142857142854,71.42857142857143,42.857142857142854,38
Hong Kong Cricket Club 5,25.0,37.5,62.5,71.42857142857143,0.0,39.28571428571429,37
Vitality Squash 1,25.0,33.33333333333333,33.33333333333333,100.0,0.0,38.33333333333333,13
