Team,Played,Won,Lost,Points,Playoffs,1,2,3,4,5,6,7,8
United Services Recreation Club M4,21,15.19883976795359,5.801160232046409,84.67113422684537,100.0,56.93138627725545,25.94518903780756,17.12342468493699,0.0,0.0,0.0,0.0,0.0
SKCSC,21,15.423084616923385,5.576915383076615,82.56071214242849,100.0,29.065813162632526,41.82836567313463,28.965793158631726,0.14002800560112022,0.0,0.0,0.0,0.0
Hong Kong Football Club M4A,21,14.374874974994999,6.625125025005001,81.30426085217043,99.99999999999999,14.002800560112021,32.20644128825765,53.51070214042809,0.28005601120224044,0.0,0.0,0.0,0.0
Hong Kong Football Club M4B,21,10.945389077815562,10.054610922184438,68.69473894778956,97.07941588317664,0.0,0.020004000800160033,0.40008001600320064,96.65933186637328,2.8005601120224046,0.12002400480096019,0.0,0.0
WAKO,21,9.328465693138629,11.671534306861371,58.357071414282856,2.600520104020804,0.0,0.0,0.0,2.600520104020804,70.63412682536507,26.765353070614122,0.0,0.0
Royal Hong Kong Yacht Club M4,21,9.450690138027605,11.549309861972395,54.83676735347069,0.3200640128025605,0.0,0.0,0.0,0.3200640128025605,26.56531306261252,73.09461892378476,0.020004000800160033,0.0
Hong Kong Club Blue,21,4.1852370474094815,16.814762952590517,37.00680136027206,0.0,0.0,0.0,0.0,0.0,0.0,0.020004000800160033,59.991998399679936,39.9879975995199
Bolton,21,5.093418683736747,15.906581316263253,35.568513702740546,0.0,0.0,0.0,0.0,0.0,0.0,0.0,39.9879975995199,60.01200240048009
