Team,Rubber 1 Win %,Rubber 2 Win %,Rubber 3 Win %,Rubber 4 Win %,Rubber 5 Win %,avg_win_perc,Total Rubbers
Ladies Recreation Club Div 14,100.0,100.0,66.66666666666666,33.33333333333333,50.0,69.99999999999999,15
8 Virtues + 1,66.66666666666666,33.33333333333333,33.33333333333333,66.66666666666666,100.0,60.0,14
Kowloon Cricket Club 14,60.0,60.0,60.0,75.0,25.0,56.0,23
Hong Kong Football Club 14A,50.0,50.0,25.0,66.66666666666666,66.66666666666666,51.666666666666664,18
Hong Kong Football Club 14B,75.0,25.0,50.0,100.0,0.0,50.0,13
North District Sports Association 3,16.666666666666664,50.0,16.666666666666664,50.0,40.0,34.666666666666664,29
Electrify Squash Div 14,16.666666666666664,0.0,60.0,40.0,20.0,27.333333333333332,27
X-Alpha 6,25.0,50.0,0.0,0.0,0.0,15.0,12
