Team,Rubber 1 Win %,Rubber 2 Win %,Rubber 3 Win %,Rubber 4 Win %,Rubber 5 Win %,avg_win_perc,Total Rubbers
Physical Chess 5,100.0,0.0,50.0,50.0,100.0,60.0,10
Squashathon One,50.0,50.0,50.0,50.0,100.0,60.0,9
Royal Hong Kong Yacht Club Div 15,50.0,100.0,75.0,50.0,25.0,60.0,20
Hong Kong Cricket Club 8,40.0,20.0,60.0,60.0,25.0,41.0,24
HKIS Div 15,50.0,75.0,50.0,0.0,0.0,35.0,19
United Services Recreation Club 4,50.0,50.0,0.0,66.66666666666666,0.0,33.33333333333333,17
Sha Tin 7,33.33333333333333,66.66666666666666,0.0,0.0,50.0,30.0,14
