Team,Rubber 1 Win %,Rubber 2 Win %,Rubber 3 Win %,Rubber 4 Win %,Rubber 5 Win %,avg_win_perc,Total Rubbers
Squashathon Junior,90.9090909090909,100.0,72.72727272727273,54.54545454545454,60.0,75.63636363636364,54
TKO Junior 2,40.0,60.0,66.66666666666666,77.77777777777779,55.55555555555556,60.0,47
Happy Squash 5,20.0,80.0,88.88888888888889,28.57142857142857,75.0,58.492063492063494,44
Dream Catchers,40.0,50.0,55.55555555555556,100.0,28.57142857142857,54.82539682539682,44
Vitality Squash 3,18.181818181818183,9.090909090909092,30.0,62.5,100.0,43.95454545454545,45
Electrify Squash Div 15,50.0,30.0,30.0,50.0,42.857142857142854,40.57142857142857,47
RC,77.77777777777779,44.44444444444444,62.5,16.666666666666664,0.0,40.27777777777778,35
NEXUS 4,63.63636363636363,27.27272727272727,0.0,0.0,14.285714285714285,21.038961038961038,48
