Team,Rubber 1 Win %,Rubber 2 Win %,Rubber 3 Win %,Rubber 4 Win %,Rubber 5 Win %,avg_win_perc,Total Rubbers
Hong Kong Cricket Club D15,72.72727272727273,63.63636363636363,72.72727272727273,90.9090909090909,81.81818181818183,76.36363636363636,55
Squashathon X,63.63636363636363,72.72727272727273,70.0,75.0,50.0,66.27272727272728,46
United Services Recreation Club 4,90.9090909090909,45.45454545454545,60.0,55.55555555555556,42.857142857142854,58.95526695526695,48
Squash Busters,30.0,80.0,60.0,57.14285714285714,57.14285714285714,56.857142857142854,44
Sha Tin 6,63.63636363636363,54.54545454545454,30.0,50.0,37.5,47.13636363636364,50
Royal Hong Kong Yacht Club Div 15,54.54545454545454,54.54545454545454,40.0,33.33333333333333,37.5,43.98484848484848,49
North District Sports Association 3,18.181818181818183,20.0,54.54545454545454,27.27272727272727,66.66666666666666,37.33333333333333,52
HKIS Div 15,0.0,0.0,10.0,11.11111111111111,12.5,6.722222222222223,46
