Team,Rubber 1 Win %,Rubber 2 Win %,Rubber 3 Win %,Rubber 4 Win %,Rubber 5 Win %,avg_win_perc,Total Rubbers
Kowloon Cricket Club 2,88.88888888888889,100.0,88.88888888888889,66.66666666666666,75.0,83.88888888888889,44
Hong Kong Football Club 2A,66.66666666666666,77.77777777777779,77.77777777777779,22.22222222222222,62.5,61.38888888888889,44
Hong Kong Football Club 2B,11.11111111111111,44.44444444444444,44.44444444444444,77.77777777777779,55.55555555555556,46.666666666666664,45
Young Player 2,12.5,12.5,0.0,62.5,66.66666666666666,30.833333333333332,38
Hong Kong Cricket Club D2,66.66666666666666,11.11111111111111,33.33333333333333,22.22222222222222,0.0,26.666666666666664,45
