Team,Rubber 1 Win %,Rubber 2 Win %,Rubber 3 Win %,Rubber 4 Win %,Rubber 5 Win %,avg_win_perc,Total Rubbers
Smart Squash 1,63.63636363636363,54.54545454545454,50.0,100.0,71.42857142857143,67.92207792207793,47
X-Alpha 4,55.55555555555556,100.0,50.0,50.0,25.0,56.11111111111111,36
Happy Squash 3,0.0,22.22222222222222,75.0,40.0,75.0,42.44444444444444,36
TNG 1,66.66666666666666,37.5,57.14285714285714,0.0,50.0,42.26190476190476,32
Vitality Squash 1,60.0,22.22222222222222,0.0,66.66666666666666,33.33333333333333,36.44444444444444,29
Fusion Squash Club 2,60.0,75.0,33.33333333333333,0.0,0.0,33.666666666666664,16
