Team,Rubber 1 Win %,Rubber 2 Win %,Rubber 3 Win %,Rubber 4 Win %,Rubber 5 Win %,avg_win_perc
Sha Tin 1,66.66666666666666,0.0,33.33333333333333,33.33333333333333,33.33333333333333,33.33333333333333
Kowloon Cricket Club 3B,100.0,25.0,-50.0,-25.0,33.33333333333334,16.66666666666667
TNGX,33.33333333333333,0.0,0.0,0.0,0.0,6.666666666666668
Hong Kong Football Club 3A,16.666666666666657,25.0,16.666666666666657,0.0,-33.33333333333333,5.0
Kowloon Cricket Club 3A,0.0,0.0,0.0,-33.33333333333334,50.0,3.333333333333343
Hong Kong Football Club 3B,0.0,-16.66666666666667,33.33333333333333,-33.33333333333333,16.66666666666667,0.0
Happy Squash 1,-50.0,0.0,0.0,0.0,0.0,-10.0
Young Player 3,-6.666666666666657,13.333333333333343,-26.666666666666657,33.33333333333334,-66.66666666666667,-10.666666666666664
NEXUS 1,50.0,-50.0,-16.66666666666667,-50.0,-50.0,-23.333333333333336
