Team,Rubber 1 Win %,Rubber 2 Win %,Rubber 3 Win %,avg_win_perc
Hong Kong Football Club 1B,16.66666666666667,25.0,33.33333333333333,25.000000000000004
Hong Kong Football Club 1A,16.666666666666657,41.66666666666666,16.666666666666657,24.999999999999993
Hong Kong Cricket Club 1,66.66666666666667,26.66666666666667,-26.666666666666657,22.222222222222236
Kowloon Cricket Club 1A,41.66666666666666,25.0,0.0,22.2222222222222
FWD,10.0,40.0,-20.0,10.0
Kowloon Cricket Club 1B,0.0,33.33333333333333,-33.33333333333333,0.0
