Team,Rubber 1 Win %,Rubber 2 Win %,Rubber 3 Win %,Rubber 4 Win %,Rubber 5 Win %,avg_win_perc,Total Rubbers
Hong Kong Football Club 7B,61.53846153846154,38.46153846153847,76.92307692307693,76.92307692307693,76.92307692307693,66.15384615384616,65
Kowloon Cricket Club 7,78.57142857142857,85.71428571428571,21.428571428571427,64.28571428571429,38.46153846153847,57.69230769230769,69
The Squash Club 2,69.23076923076923,69.23076923076923,61.53846153846154,15.384615384615385,61.53846153846154,55.38461538461538,65
Xavier,58.333333333333336,66.66666666666666,50.0,58.333333333333336,41.66666666666667,55.0,60
Physical Chess 2,38.46153846153847,38.46153846153847,61.53846153846154,76.92307692307693,33.33333333333333,49.743589743589745,64
Hong Kong Cricket Club 6,41.66666666666667,41.66666666666667,66.66666666666666,25.0,72.72727272727273,49.54545454545455,59
Twister 2,0.0,7.6923076923076925,15.384615384615385,30.76923076923077,25.0,15.769230769230768,64
