Team,Rubber 1 Win %,Rubber 2 Win %,Rubber 3 Win %,Rubber 4 Win %,avg_win_perc,Total Rubbers
Hong Kong Football Club M2B,53.333333333333336,80.0,57.14285714285714,81.81818181818183,68.07359307359307,55
Hong Kong Football Club M2A,80.0,33.33333333333333,69.23076923076923,76.92307692307693,64.87179487179486,56
Hong Kong Cricket Club M2A,35.714285714285715,50.0,57.14285714285714,38.46153846153847,45.329670329670336,55
Hong Kong Cricket Club M2B,28.57142857142857,57.14285714285714,64.28571428571429,27.27272727272727,44.31818181818182,53
Ladies Recreation Club M2A,85.71428571428571,35.714285714285715,21.428571428571427,30.0,43.21428571428571,52
Ladies Recreation Club M2B,14.285714285714285,42.857142857142854,27.27272727272727,33.33333333333333,29.437229437229433,45
