Team,Rubber 1 Win %,Rubber 2 Win %,Rubber 3 Win %,Rubber 4 Win %,Rubber 5 Win %,avg_win_perc,Total Rubbers
Royal Hong Kong Yacht Club Div 15,57.14285714285714,100.0,85.71428571428571,57.14285714285714,20.0,64.0,33
Squashathon One,71.42857142857143,57.14285714285714,42.857142857142854,57.14285714285714,83.33333333333334,62.38095238095239,34
Physical Chess 5,42.857142857142854,28.57142857142857,28.57142857142857,71.42857142857143,85.71428571428571,51.42857142857142,35
HKIS Div 15,75.0,50.0,50.0,14.285714285714285,33.33333333333333,44.52380952380952,37
United Services Recreation Club 4,50.0,50.0,25.0,71.42857142857143,20.0,43.28571428571429,36
Hong Kong Cricket Club 8,25.0,37.5,62.5,50.0,40.0,43.0,37
Sha Tin 7,28.57142857142857,28.57142857142857,57.14285714285714,28.57142857142857,50.0,38.57142857142857,34
