Team,Rubber 1 Win %,Rubber 2 Win %,Rubber 3 Win %,Rubber 4 Win %,Rubber 5 Win %,avg_win_perc,Total Rubbers
X-Alpha 1,100.0,100.0,55.55555555555556,100.0,77.77777777777779,86.66666666666666,45
Kowloon Cricket Club 4,55.55555555555556,66.66666666666666,100.0,55.55555555555556,77.77777777777779,71.11111111111111,45
Hong Kong Football Club 4A,22.22222222222222,77.77777777777779,55.55555555555556,66.66666666666666,66.66666666666666,57.77777777777777,45
Hong Kong Football Club 4B,33.33333333333333,22.22222222222222,66.66666666666666,66.66666666666666,66.66666666666666,51.1111111111111,45
United Services Recreation Club 1,77.77777777777779,55.55555555555556,55.55555555555556,25.0,25.0,47.777777777777786,43
NEXUS 2,77.77777777777779,33.33333333333333,22.22222222222222,33.33333333333333,14.285714285714285,36.19047619047619,43
Hong Kong Cricket Club 3,33.33333333333333,44.44444444444444,33.33333333333333,33.33333333333333,28.57142857142857,34.6031746031746,43
Sha Tin 2,0.0,0.0,11.11111111111111,12.5,16.666666666666664,8.055555555555554,41
