Team,Rubber 1 Win %,Rubber 2 Win %,Rubber 3 Win %,Rubber 4 Win %,Rubber 5 Win %,avg_win_perc,Total Rubbers
Friend Club,50.0,87.5,87.5,87.5,71.42857142857143,76.78571428571429,39
i-Mask Advance Squash Club 3,66.66666666666666,55.55555555555556,55.55555555555556,77.77777777777779,88.88888888888889,68.88888888888889,45
Kwai Tsing District Squash Club,44.44444444444444,55.55555555555556,55.55555555555556,55.55555555555556,77.77777777777779,57.77777777777777,45
Kowloon Cricket Club 9,75.0,37.5,50.0,62.5,28.57142857142857,50.71428571428571,39
HKPF Squash Team,87.5,62.5,25.0,12.5,25.0,42.5,40
Hong Kong Football Club 9,25.0,50.0,25.0,50.0,62.5,42.5,40
Centre Squash,44.44444444444444,44.44444444444444,44.44444444444444,22.22222222222222,22.22222222222222,35.55555555555556,45
The Best Group 2,11.11111111111111,11.11111111111111,55.55555555555556,33.33333333333333,22.22222222222222,26.666666666666664,45
