Team,Rubber 1 Win %,Rubber 2 Win %,Rubber 3 Win %,Rubber 4 Win %,avg_win_perc,Total Rubbers
Hong Kong Football Club M2B,50.0,87.5,50.0,83.33333333333334,67.70833333333334,30
Hong Kong Football Club M2A,77.77777777777779,22.22222222222222,75.0,75.0,62.5,34
Hong Kong Cricket Club M2B,33.33333333333333,55.55555555555556,66.66666666666666,42.857142857142854,49.6031746031746,34
Hong Kong Cricket Club M2A,44.44444444444444,44.44444444444444,44.44444444444444,44.44444444444444,44.44444444444444,36
Ladies Recreation Club M2B,12.5,75.0,42.857142857142854,25.0,38.839285714285715,27
Ladies Recreation Club M2A,77.77777777777779,22.22222222222222,22.22222222222222,16.666666666666664,34.72222222222222,33
