Team,Rubber 1 Win %,Rubber 2 Win %,Rubber 3 Win %,Rubber 4 Win %,Rubber 5 Win %,avg_win_perc,Total Rubbers
Kowloon Cricket Club 3A,61.53846153846154,58.333333333333336,83.33333333333334,83.33333333333334,88.88888888888889,75.08547008547009,58
Young Player 3,57.14285714285714,71.42857142857143,50.0,85.71428571428571,83.33333333333334,69.52380952380952,68
Hong Kong Football Club 3A,57.14285714285714,57.14285714285714,71.42857142857143,84.61538461538461,53.84615384615385,64.83516483516483,68
Kowloon Cricket Club 3B,28.57142857142857,64.28571428571429,78.57142857142857,71.42857142857143,61.53846153846154,60.87912087912089,69
Happy Squash 1,85.71428571428571,85.71428571428571,21.428571428571427,23.076923076923077,72.72727272727273,57.73226773226772,66
NEXUS 1,71.42857142857143,28.57142857142857,21.428571428571427,30.76923076923077,27.27272727272727,35.89410589410589,66
TNGX,33.33333333333333,13.333333333333334,73.33333333333333,21.428571428571427,30.76923076923077,34.43956043956044,72
Hong Kong Football Club 3B,7.6923076923076925,46.15384615384615,30.76923076923077,18.181818181818183,30.0,26.55944055944056,60
Sha Tin 1,46.15384615384615,25.0,16.666666666666664,25.0,8.333333333333332,24.23076923076923,61
