Team,Rubber 1 Win %,Rubber 2 Win %,Rubber 3 Win %,avg_win_perc,Total Rubbers
JESSICA L3,43.75,87.5,56.25,62.5,48
Hong Kong Cricket Club Rockettes,43.75,68.75,60.0,57.5,47
i-Mask Advance Squash Club L3,56.25,46.666666666666664,61.53846153846154,54.81837606837607,44
Hong Kong Football Club L3B,68.75,37.5,25.0,43.75,48
Hong Kong Football Club L3A,31.25,26.666666666666668,66.66666666666666,41.52777777777778,46
Hong Kong Football Club L3C,56.25,31.25,33.33333333333333,40.27777777777778,47
