Team,Rubber 1 Win %,Rubber 2 Win %,Rubber 3 Win %,Rubber 4 Win %,avg_win_perc,Total Rubbers
Kowloon Cricket Club L2,57.14285714285714,85.71428571428571,71.42857142857143,66.66666666666666,70.23809523809524,27
JESSICA L2,85.71428571428571,57.14285714285714,85.71428571428571,42.857142857142854,67.85714285714285,28
Hong Kong Football Club L2B,57.14285714285714,85.71428571428571,57.14285714285714,66.66666666666666,66.66666666666666,27
Hong Kong Football Club L2A,57.14285714285714,28.57142857142857,28.57142857142857,71.42857142857143,46.42857142857143,28
Hong Kong Cricket Club L2,14.285714285714285,42.857142857142854,28.57142857142857,28.57142857142857,28.57142857142857,28
Hong Kong Football Club L2C,28.57142857142857,0.0,28.57142857142857,20.0,19.285714285714285,26
