Team,Rubber 1 Win %,Rubber 2 Win %,Rubber 3 Win %,Rubber 4 Win %,avg_win_perc,Total Rubbers
Hong Kong Football Club M2B,42.857142857142854,85.71428571428571,57.14285714285714,80.0,66.42857142857142,26
Hong Kong Football Club M2A,71.42857142857143,28.57142857142857,71.42857142857143,71.42857142857143,60.71428571428572,28
Hong Kong Cricket Club M2B,42.857142857142854,57.14285714285714,57.14285714285714,50.0,51.785714285714285,27
Hong Kong Cricket Club M2A,42.857142857142854,42.857142857142854,57.14285714285714,42.857142857142854,46.42857142857142,28
Ladies Recreation Club M2B,14.285714285714285,71.42857142857143,42.857142857142854,25.0,38.392857142857146,25
Ladies Recreation Club M2A,85.71428571428571,14.285714285714285,14.285714285714285,20.0,33.57142857142857,26
