Team,Rubber 1 Win %,Rubber 2 Win %,Rubber 3 Win %,Rubber 4 Win %,Rubber 5 Win %,avg_win_perc,Total Rubbers
Kowloon Cricket Club 2,80.0,100.0,100.0,80.0,100.0,92.0,25
Hong Kong Football Club 2A,66.66666666666666,66.66666666666666,66.66666666666666,66.66666666666666,100.0,73.33333333333333,14
Hong Kong Football Club 2B,33.33333333333333,66.66666666666666,66.66666666666666,66.66666666666666,100.0,66.66666666666666,15
Young Player 2,25.0,25.0,0.0,75.0,100.0,45.0,19
Hong Kong Cricket Club D2,75.0,25.0,25.0,50.0,0.0,35.0,20
