Team,Rubber 1 Win %,Rubber 2 Win %,Rubber 3 Win %,Rubber 4 Win %,Rubber 5 Win %,avg_win_perc,Total Rubbers
The Hong Kong Jockey Club Div 10,81.81818181818183,54.54545454545454,90.9090909090909,90.9090909090909,90.9090909090909,81.81818181818183,55
RELAY 1,81.81818181818183,72.72727272727273,72.72727272727273,36.36363636363637,30.0,58.727272727272734,54
United Services Recreation Club 3,30.0,50.0,70.0,70.0,70.0,58.0,50
Banbil,66.66666666666666,77.77777777777779,33.33333333333333,66.66666666666666,44.44444444444444,57.77777777777777,45
Bravo D10,55.55555555555556,44.44444444444444,11.11111111111111,33.33333333333333,25.0,33.88888888888889,44
Sha Tin 4,0.0,33.33333333333333,22.22222222222222,33.33333333333333,77.77777777777779,33.333333333333336,45
Craigengower Cricket Club,22.22222222222222,11.11111111111111,33.33333333333333,11.11111111111111,0.0,15.555555555555554,45
