Team,Rubber 1 Win %,Rubber 2 Win %,Rubber 3 Win %,Rubber 4 Win %,Rubber 5 Win %,avg_win_perc,Total Rubbers
Royal Hong Kong Yacht Club Div 15,55.55555555555556,100.0,88.88888888888889,66.66666666666666,16.666666666666664,65.55555555555556,42
Squashathon One,70.0,66.66666666666666,55.55555555555556,55.55555555555556,71.42857142857143,63.84126984126984,44
Physical Chess 5,50.0,30.0,22.22222222222222,66.66666666666666,87.5,51.277777777777786,46
HKIS Div 15,70.0,44.44444444444444,55.55555555555556,12.5,42.857142857142854,45.07142857142857,43
United Services Recreation Club 4,55.55555555555556,55.55555555555556,33.33333333333333,62.5,16.666666666666664,44.72222222222222,41
Hong Kong Cricket Club 8,33.33333333333333,41.66666666666667,50.0,50.0,37.5,42.5,56
Sha Tin 7,20.0,20.0,44.44444444444444,33.33333333333333,62.5,36.05555555555556,46
