Team,Rubber 1 Win %,Rubber 2 Win %,Rubber 3 Win %,Rubber 4 Win %,Rubber 5 Win %,avg_win_perc,Total Rubbers
Electrify Squash Div 15,100.0,81.81818181818183,80.0,70.0,55.55555555555556,77.47474747474747,51
RELAY 2,54.54545454545454,63.63636363636363,63.63636363636363,81.81818181818183,66.66666666666666,66.06060606060605,53
Squash-On,72.72727272727273,63.63636363636363,36.36363636363637,62.5,28.57142857142857,52.75974025974026,48
TNG 3,0.0,36.36363636363637,63.63636363636363,36.36363636363637,77.77777777777779,42.82828282828283,53
Squashathon MeGa,50.0,50.0,33.33333333333333,28.57142857142857,50.0,42.38095238095237,42
Fusion Squash Club 3,36.36363636363637,36.36363636363637,36.36363636363637,50.0,33.33333333333333,38.484848484848484,49
i-Mask Advance Squash Club 6,18.181818181818183,36.36363636363637,45.45454545454545,25.0,40.0,33.0,46
Serve - Ivors,70.0,30.0,37.5,20.0,0.0,31.5,36
