Team,Rubber 1 Win %,Rubber 2 Win %,Rubber 3 Win %,Rubber 4 Win %,Rubber 5 Win %,avg_win_perc,Total Rubbers
Kowloon Cricket Club 3A,60.0,70.0,80.0,90.0,87.5,77.5,48
Hong Kong Football Club 3A,70.0,60.0,70.0,100.0,55.55555555555556,71.11111111111111,48
Young Player 3,70.0,80.0,50.0,80.0,75.0,71.0,48
Kowloon Cricket Club 3B,40.0,70.0,70.0,60.0,55.55555555555556,59.11111111111111,49
Happy Squash 1,77.77777777777779,77.77777777777779,22.22222222222222,12.5,100.0,58.055555555555564,42
TNGX,41.66666666666667,8.333333333333332,75.0,27.27272727272727,30.0,36.45454545454545,57
NEXUS 1,63.63636363636363,27.27272727272727,27.27272727272727,30.0,22.22222222222222,34.08080808080808,52
Hong Kong Football Club 3B,0.0,45.45454545454545,27.27272727272727,22.22222222222222,33.33333333333333,25.656565656565657,51
Sha Tin 1,33.33333333333333,22.22222222222222,22.22222222222222,22.22222222222222,11.11111111111111,22.22222222222222,45
