Team,Rubber 1 Win %,Rubber 2 Win %,Rubber 3 Win %,Rubber 4 Win %,Rubber 5 Win %,avg_win_perc,Total Rubbers
Friend Club,33.33333333333333,75.0,83.33333333333334,83.33333333333334,72.72727272727273,69.54545454545455,59
i-Mask Advance Squash Club 3,66.66666666666666,58.333333333333336,41.66666666666667,66.66666666666666,75.0,61.66666666666667,60
Kowloon Cricket Club 9,75.0,58.333333333333336,50.0,66.66666666666666,27.27272727272727,55.45454545454545,59
Kwai Tsing District Squash Club,50.0,41.66666666666667,66.66666666666666,41.66666666666667,66.66666666666666,53.33333333333333,60
Centre Squash,50.0,58.333333333333336,58.333333333333336,25.0,25.0,43.333333333333336,60
Hong Kong Football Club 9,16.666666666666664,41.66666666666667,33.33333333333333,58.333333333333336,66.66666666666666,43.33333333333333,60
HKPF Squash Team,91.66666666666666,41.66666666666667,16.666666666666664,16.666666666666664,25.0,38.33333333333333,60
The Best Group 2,16.666666666666664,25.0,50.0,41.66666666666667,41.66666666666667,35.0,60
