Team,Rubber 1 Win %,Rubber 2 Win %,Rubber 3 Win %,Rubber 4 Win %,avg_win_perc,Total Rubbers
Hong Kong Football Club M2B,58.333333333333336,75.0,50.0,90.0,68.33333333333334,46
Hong Kong Football Club M2A,75.0,33.33333333333333,70.0,70.0,62.08333333333333,44
Hong Kong Cricket Club M2A,41.66666666666667,50.0,58.333333333333336,41.66666666666667,47.91666666666667,48
Hong Kong Cricket Club M2B,33.33333333333333,58.333333333333336,66.66666666666666,33.33333333333333,47.91666666666666,45
Ladies Recreation Club M2A,83.33333333333334,33.33333333333333,25.0,22.22222222222222,40.97222222222223,45
Ladies Recreation Club M2B,8.333333333333332,50.0,30.0,33.33333333333333,30.416666666666664,40
