Team,Rubber 1 Win %,Rubber 2 Win %,Rubber 3 Win %,Rubber 4 Win %,Rubber 5 Win %,avg_win_perc,Total Rubbers
United Services Recreation Club M3,58.333333333333336,75.0,91.66666666666666,91.66666666666666,91.66666666666666,81.66666666666666,60
Hong Kong Football Club M3A,50.0,66.66666666666666,83.33333333333334,75.0,80.0,71.0,58
Royal Hong Kong Yacht Club M3,100.0,90.9090909090909,54.54545454545454,45.45454545454545,54.54545454545454,69.0909090909091,55
Hong Kong Football Club M3B,66.66666666666666,58.333333333333336,66.66666666666666,41.66666666666667,58.333333333333336,58.33333333333333,60
Old Squash Fellows,90.9090909090909,72.72727272727273,27.27272727272727,27.27272727272727,30.0,49.63636363636364,54
Hong Kong Cricket Club M3,16.666666666666664,16.666666666666664,25.0,25.0,41.66666666666667,25.0,60
Kowloon Cricket Club M3,16.666666666666664,8.333333333333332,25.0,50.0,18.181818181818183,23.636363636363637,59
Titlows Squash Team,8.333333333333332,16.666666666666664,25.0,41.66666666666667,25.0,23.333333333333336,60
