Team,Rubber 1 Win %,Rubber 2 Win %,Rubber 3 Win %,Rubber 4 Win %,Rubber 5 Win %,avg_win_perc,Total Rubbers
X-Alpha 1,100.0,100.0,57.14285714285714,85.71428571428571,57.14285714285714,80.0,35
Hong Kong Football Club 4B,44.44444444444444,44.44444444444444,88.88888888888889,75.0,71.42857142857143,64.84126984126985,42
Hong Kong Football Club 4A,30.0,80.0,50.0,70.0,71.42857142857143,60.28571428571429,47
Kowloon Cricket Club 4,54.54545454545454,45.45454545454545,63.63636363636363,63.63636363636363,72.72727272727273,60.0,55
United Services Recreation Club 1,63.63636363636363,45.45454545454545,81.81818181818183,33.33333333333333,14.285714285714285,47.705627705627705,49
Hong Kong Cricket Club 3,20.0,10.0,40.0,30.0,22.22222222222222,24.444444444444446,49
Sha Tin 2,14.285714285714285,14.285714285714285,14.285714285714285,28.57142857142857,50.0,24.285714285714285,32
NEXUS 2,71.42857142857143,28.57142857142857,0.0,0.0,0.0,20.0,34
