Team,Rubber 1 Win %,Rubber 2 Win %,Rubber 3 Win %,Rubber 4 Win %,Rubber 5 Win %,avg_win_perc,Total Rubbers
Dynamos Squash,90.0,70.0,88.88888888888889,62.5,75.0,77.27777777777779,41
NEXUS 3,71.42857142857143,100.0,50.0,66.66666666666666,50.0,67.61904761904762,24
Vitality Squash 2,33.33333333333333,33.33333333333333,50.0,100.0,100.0,63.33333333333333,21
Fusion Squash Club 1,33.33333333333333,22.22222222222222,77.77777777777779,66.66666666666666,100.0,60.0,41
X-Alpha 4,44.44444444444444,44.44444444444444,66.66666666666666,33.33333333333333,50.0,47.77777777777777,32
Happy Squash 3,80.0,70.0,30.0,0.0,50.0,46.0,46
MERCURY,37.5,12.5,25.0,50.0,80.0,41.0,37
LONGVIEW,18.181818181818183,18.181818181818183,30.0,22.22222222222222,0.0,17.71717171717172,47
