Team,Rubber 1 Win %,Rubber 2 Win %,Rubber 3 Win %,Rubber 4 Win %,Rubber 5 Win %,avg_win_perc,Total Rubbers
Ladies Recreation Club Div 14,80.0,92.85714285714286,71.42857142857143,33.33333333333333,54.54545454545454,66.43290043290042,66
Kowloon Cricket Club 14,68.75,66.66666666666666,50.0,75.0,33.33333333333333,58.749999999999986,69
North District Sports Association 3,58.82352941176471,64.70588235294117,50.0,60.0,53.84615384615385,57.47511312217195,78
Hong Kong Football Club 14B,81.25,43.75,54.54545454545454,71.42857142857143,0.0,50.19480519480519,52
8 Virtues + 1,37.5,20.0,33.33333333333333,66.66666666666666,75.0,46.5,63
Hong Kong Football Club 14A,35.294117647058826,56.25,46.666666666666664,41.66666666666667,50.0,45.97549019607843,70
Electrify Squash Div 14,17.647058823529413,17.647058823529413,66.66666666666666,25.0,50.0,35.3921568627451,71
X-Alpha 6,25.0,42.857142857142854,11.11111111111111,16.666666666666664,50.0,29.126984126984127,47
