Team,Rubber 1 Win %,Rubber 2 Win %,Rubber 3 Win %,Rubber 4 Win %,Rubber 5 Win %,avg_win_perc,Total Rubbers
Royal Hong Kong Yacht Club Div 15,57.14285714285714,100.0,85.71428571428571,64.28571428571429,36.36363636363637,68.7012987012987,67
Squashathon One,64.28571428571429,61.53846153846154,46.15384615384615,46.15384615384615,72.72727272727273,58.17182817182818,64
Physical Chess 5,50.0,28.57142857142857,38.46153846153847,75.0,90.9090909090909,56.58841158841159,64
HKIS Div 15,60.0,57.14285714285714,57.14285714285714,30.76923076923077,33.33333333333333,47.67765567765567,68
United Services Recreation Club 4,64.28571428571429,42.857142857142854,28.57142857142857,53.84615384615385,27.27272727272727,43.366633366633366,66
Hong Kong Cricket Club 8,31.25,50.0,43.75,50.0,40.0,43.0,72
Sha Tin 7,26.666666666666668,13.333333333333334,50.0,30.76923076923077,50.0,34.15384615384615,69
