Team,Rubber 1 Win %,Rubber 2 Win %,Rubber 3 Win %,Rubber 4 Win %,Rubber 5 Win %,avg_win_perc,Total Rubbers
X-Alpha 1,100.0,100.0,68.75,93.33333333333333,80.0,88.41666666666666,78
Kowloon Cricket Club 4,50.0,56.25,75.0,68.75,75.0,65.0,80
Hong Kong Football Club 4A,35.294117647058826,76.47058823529412,64.70588235294117,64.70588235294117,60.0,60.23529411764706,83
Hong Kong Football Club 4B,37.5,37.5,56.25,66.66666666666666,71.42857142857143,53.86904761904761,77
United Services Recreation Club 1,76.47058823529412,52.94117647058824,58.82352941176471,37.5,20.0,49.14705882352941,82
NEXUS 2,70.58823529411765,47.05882352941176,29.411764705882355,23.52941176470588,15.384615384615385,37.19457013574661,81
Hong Kong Cricket Club 3,23.52941176470588,29.411764705882355,41.17647058823529,29.411764705882355,35.714285714285715,31.84873949579832,82
Sha Tin 2,6.25,0.0,6.25,20.0,33.33333333333333,13.166666666666666,75
