Team,Rubber 1 Win %,Rubber 2 Win %,Rubber 3 Win %,Rubber 4 Win %,Rubber 5 Win %,avg_win_perc,Total Rubbers
X-Alpha 3,71.42857142857143,75.0,61.53846153846154,45.45454545454545,70.0,64.68431568431569,60
Hong Kong Football Club 7A,35.714285714285715,46.15384615384615,57.14285714285714,46.15384615384615,76.92307692307693,52.41758241758242,67
Vitality Squash 1,25.0,63.63636363636363,50.0,57.14285714285714,60.0,51.15584415584415,45
UST,78.57142857142857,42.857142857142854,28.57142857142857,57.14285714285714,38.46153846153847,49.120879120879124,69
The Best Group 1,30.76923076923077,61.53846153846154,53.84615384615385,46.15384615384615,33.33333333333333,45.128205128205124,64
Kinetic 1,76.92307692307693,23.076923076923077,33.33333333333333,41.66666666666667,50.0,45.0,62
Hong Kong Cricket Club 5,28.57142857142857,42.857142857142854,64.28571428571429,58.333333333333336,27.27272727272727,44.26406926406927,65
