Team,Rubber 1 Win %,Rubber 2 Win %,Rubber 3 Win %,Rubber 4 Win %,Rubber 5 Win %,avg_win_perc,Total Rubbers
Hong Kong Football Club 7B,60.0,46.666666666666664,80.0,80.0,80.0,69.33333333333333,75
Kowloon Cricket Club 7,80.0,86.66666666666667,20.0,66.66666666666666,35.714285714285715,57.80952380952381,74
Xavier,64.28571428571429,64.28571428571429,50.0,57.14285714285714,42.857142857142854,55.71428571428571,70
Hong Kong Cricket Club 6,50.0,42.857142857142854,64.28571428571429,28.57142857142857,76.92307692307693,52.52747252747254,69
The Squash Club 2,64.28571428571429,64.28571428571429,57.14285714285714,14.285714285714285,57.14285714285714,51.42857142857142,70
Physical Chess 2,33.33333333333333,40.0,66.66666666666666,66.66666666666666,35.714285714285715,48.476190476190474,74
Twister 2,0.0,6.666666666666667,13.333333333333334,33.33333333333333,21.428571428571427,14.952380952380953,74
