Team,Rubber 1 Win %,Rubber 2 Win %,Rubber 3 Win %,Rubber 4 Win %,avg_win_perc,Total Rubbers
Kowloon Cricket Club L2,64.70588235294117,94.11764705882352,76.47058823529412,80.0,78.8235294117647,66
Hong Kong Football Club L2B,52.94117647058824,76.47058823529412,76.47058823529412,73.33333333333333,69.80392156862744,66
JESSICA L2,94.11764705882352,64.70588235294117,70.58823529411765,35.714285714285715,66.28151260504201,65
Hong Kong Football Club L2A,58.82352941176471,17.647058823529413,35.294117647058826,64.28571428571429,44.01260504201681,65
Hong Kong Football Club L2C,17.647058823529413,11.76470588235294,29.411764705882355,28.57142857142857,21.84873949579832,65
Hong Kong Cricket Club L2,11.76470588235294,35.294117647058826,11.76470588235294,18.75,19.393382352941178,67
