Team,Rubber 1 Win %,Rubber 2 Win %,Rubber 3 Win %,Rubber 4 Win %,Rubber 5 Win %,avg_win_perc
North District Sports Association 3,57.14285714285714,14.285714285714292,38.09523809523809,-7.142857142857139,26.66666666666667,25.80952380952381
Electrify Squash Div 14,10.714285714285715,25.0,8.333333333333343,-13.333333333333329,41.66666666666667,14.476190476190482
X-Alpha 6,-5.714285714285715,0.0,0.0,25.0,50.0,13.857142857142854
Kowloon Cricket Club 14,16.666666666666686,-8.333333333333343,-22.5,42.85714285714286,35.714285714285715,12.880952380952387
Ladies Recreation Club Div 14,-19.04761904761905,-16.666666666666657,16.666666666666686,40.0,-15.0,1.1904761904761898
Hong Kong Football Club 14A,0.0,-6.666666666666657,6.666666666666671,10.0,-25.0,-3.0
Hong Kong Football Club 14B,16.666666666666686,0.0,10.0,-66.66666666666667,0.0,-8.0
8 Virtues + 1,-35.714285714285715,0.0,15.0,10.0,-40.0,-10.142857142857139
