Team,Rubber 1 Win %,Rubber 2 Win %,Rubber 3 Win %,avg_win_perc,Total Rubbers
Kowloon Cricket Club L1B,66.66666666666666,100.0,100.0,88.88888888888887,9
JESSICA L1,50.0,50.0,75.0,58.333333333333336,12
Kowloon Cricket Club L1A,66.66666666666666,66.66666666666666,33.33333333333333,55.55555555555554,9
Hong Kong Football Club L1,75.0,25.0,0.0,33.333333333333336,12
Hong Kong Cricket Club L1,75.0,0.0,0.0,25.0,12
