Team,Rubber 1 Win %,Rubber 2 Win %,Rubber 3 Win %,avg_win_perc
Hong Kong Cricket Club Rockettes,22.22222222222223,44.44444444444444,-30.555555555555557,12.037037037037045
Hong Kong Football Club L3C,-10.0,16.666666666666664,25.0,10.555555555555554
i-Mask Advance Squash Club L3,-32.5,18.055555555555557,4.444444444444443,-3.3333333333333286
Hong Kong Football Club L3A,-20.0,0.0,-25.0,-15.0
Hong Kong Football Club L3B,-8.333333333333343,25.0,-75.0,-19.44444444444445
JESSICA L3,-26.66666666666667,8.888888888888886,-46.66666666666667,-21.48148148148148
