Team,Rubber 1 Win %,Rubber 2 Win %,Rubber 3 Win %,Rubber 4 Win %,Rubber 5 Win %,avg_win_perc,Total Rubbers
Hong Kong Football Club M3A,66.66666666666666,100.0,66.66666666666666,100.0,66.66666666666666,80.0,15
Hong Kong Cricket Club M3,50.0,75.0,100.0,100.0,66.66666666666666,78.33333333333333,19
Royal Hong Kong Yacht Club M3,80.0,20.0,40.0,60.0,60.0,52.0,25
Kowloon Cricket Club M3,50.0,100.0,50.0,50.0,0.0,50.0,10
Hong Kong Football Club M3B,0.0,50.0,50.0,50.0,0.0,30.0,9
Titlows Squash Master,0.0,0.0,33.33333333333333,0.0,0.0,6.666666666666666,15
OSF,0.0,0.0,0.0,0.0,33.33333333333333,6.666666666666666,15
