Team,Rubber 1 Win %,Rubber 2 Win %,Rubber 3 Win %,Rubber 4 Win %,Rubber 5 Win %,avg_win_perc,Total Rubbers
Perrier Sergio Tacchini KCC 2A,87.5,68.75,81.25,62.5,50.0,70.0,80
Hong Kong Football Club 2A,62.5,43.75,68.75,62.5,43.75,56.25,80
Young Player 4,31.25,62.5,50.0,53.333333333333336,71.42857142857143,53.70238095238095,77
Hong Kong Football Club 2B,56.25,68.75,25.0,37.5,25.0,42.5,80
Perrier Sergio Tacchini KCC 2B,12.5,6.25,25.0,33.33333333333333,64.28571428571429,28.273809523809526,77
