Team,Rubber 1 Win %,Rubber 2 Win %,Rubber 3 Win %,Rubber 4 Win %,Rubber 5 Win %,avg_win_perc,Total Rubbers
Hong Kong Football Club 6,71.42857142857143,85.71428571428571,90.47619047619048,90.47619047619048,80.95238095238095,83.80952380952381,105
Perrier Sergio Tacchini KCC 4,65.0,70.0,85.0,85.0,80.0,77.0,100
Discovery Bay,100.0,52.94117647058824,41.17647058823529,29.411764705882355,26.666666666666668,50.03921568627451,83
Global 1,50.0,40.0,40.0,25.0,65.0,44.0,100
That's 3,22.22222222222222,55.55555555555556,52.94117647058824,41.17647058823529,46.666666666666664,43.712418300653596,85
Hong Kong Cricket Club 3,40.0,45.0,26.31578947368421,52.63157894736842,33.33333333333333,39.45614035087719,93
Island Squash Racquet Club,29.411764705882355,29.411764705882355,29.411764705882355,29.411764705882355,29.411764705882355,29.411764705882355,85
Runners,21.052631578947366,15.789473684210526,26.31578947368421,36.84210526315789,13.333333333333334,22.666666666666664,91
