Team,Rubber 1 Win %,Rubber 2 Win %,Rubber 3 Win %,Rubber 4 Win %,Rubber 5 Win %,avg_win_perc,Total Rubbers
Alpha CUHK MASTER,93.33333333333333,73.33333333333333,66.66666666666666,80.0,78.57142857142857,78.38095238095238,74
Perrier Serigo Tacchini KCC M4,75.0,81.25,68.75,56.25,81.25,72.5,80
Gloma,81.25,62.5,75.0,68.75,43.75,66.25,80
WAKO Senior,62.5,62.5,62.5,68.75,62.5,63.75,80
Hong Kong Cricket Club Young Masters,31.25,81.25,56.25,68.75,66.66666666666666,60.83333333333333,79
Royal Hong Kong Yacht Club M4,37.5,31.25,37.5,31.25,33.33333333333333,34.166666666666664,79
Hong Kong Football Club M4,40.0,13.333333333333334,26.666666666666668,46.666666666666664,30.76923076923077,31.487179487179485,73
Bolton,20.0,20.0,33.33333333333333,13.333333333333334,23.076923076923077,21.94871794871795,73
Hong Kong Club Blue,6.666666666666667,20.0,20.0,13.333333333333334,21.428571428571427,16.285714285714285,74
