Team,Rubber 1 Win %,Rubber 2 Win %,Rubber 3 Win %,Rubber 4 Win %,Rubber 5 Win %,avg_win_perc,Total Rubbers
Hong Kong Football Club 10A,61.904761904761905,66.66666666666666,80.95238095238095,66.66666666666666,85.71428571428571,72.38095238095238,105
i-MASK Advance Squash Club 7,47.61904761904761,90.47619047619048,76.19047619047619,60.0,70.0,68.85714285714286,103
Hong Kong Football Club 10B,57.14285714285714,57.14285714285714,71.42857142857143,66.66666666666666,80.95238095238095,66.66666666666666,105
Perrier KCC 7,80.95238095238095,71.42857142857143,33.33333333333333,76.19047619047619,61.904761904761905,64.76190476190477,105
Royal Hong Kong Yacht Club 10,23.809523809523807,33.33333333333333,47.61904761904761,47.61904761904761,47.61904761904761,40.0,105
Xavier,45.0,55.00000000000001,40.0,25.0,15.0,36.0,100
The Hong Kong Jockey Club,28.57142857142857,19.047619047619047,33.33333333333333,38.095238095238095,33.33333333333333,30.47619047619047,105
Banbil,55.00000000000001,5.0,15.0,15.789473684210526,0.0,18.157894736842103,98
