Team,Rubber 1 Win %,Rubber 2 Win %,Rubber 3 Win %,Rubber 4 Win %,Rubber 5 Win %,avg_win_perc,Total Rubbers
The Hong Kong Jockey Club Div 10,100.0,100.0,100.0,100.0,100.0,100.0,10
RELAY 1,100.0,100.0,100.0,33.33333333333333,0.0,66.66666666666666,15
United Services Recreation Club 3,25.0,50.0,75.0,75.0,100.0,65.0,20
Craigengower Cricket Club,100.0,50.0,50.0,0.0,0.0,40.0,10
Banbil,33.33333333333333,33.33333333333333,33.33333333333333,66.66666666666666,33.33333333333333,39.999999999999986,15
Sha Tin 4,0.0,33.33333333333333,0.0,66.66666666666666,66.66666666666666,33.33333333333333,15
Bravo D10,33.33333333333333,0.0,0.0,0.0,33.33333333333333,13.333333333333332,15
