Team,Rubber 1 Win %,Rubber 2 Win %,Rubber 3 Win %,Rubber 4 Win %,Rubber 5 Win %,avg_win_perc,Total Rubbers
Electrify Squash Div 15,100.0,50.0,100.0,100.0,50.0,80.0,20
RELAY 2,33.33333333333333,66.66666666666666,66.66666666666666,100.0,50.0,63.33333333333333,14
Fusion Squash Club 3,50.0,75.0,25.0,50.0,66.66666666666666,53.33333333333333,19
Squashathon MeGa,100.0,66.66666666666666,66.66666666666666,0.0,33.33333333333333,53.33333333333333,15
TNG 3,0.0,33.33333333333333,66.66666666666666,33.33333333333333,100.0,46.666666666666664,14
Squash-On,33.33333333333333,66.66666666666666,0.0,66.66666666666666,33.33333333333333,39.999999999999986,15
Serve - Ivors,75.0,25.0,50.0,25.0,0.0,35.0,18
i-Mask Advance Squash Club 6,0.0,25.0,25.0,25.0,66.66666666666666,28.333333333333332,19
