Team,Rubber 1 Win %,Rubber 2 Win %,Rubber 3 Win %,Rubber 4 Win %,avg_win_perc,Total Rubbers
JESSICA L2,100.0,33.33333333333333,100.0,33.33333333333333,66.66666666666666,12
Kowloon Cricket Club L2,50.0,100.0,50.0,50.0,62.5,16
Hong Kong Football Club L2B,50.0,75.0,50.0,66.66666666666666,60.416666666666664,15
Hong Kong Football Club L2A,75.0,25.0,50.0,75.0,56.25,16
Hong Kong Cricket Club L2,0.0,50.0,25.0,50.0,31.25,16
Hong Kong Football Club L2C,33.33333333333333,0.0,33.33333333333333,0.0,16.666666666666664,11
