Team,Rubber 1 Win %,Rubber 2 Win %,Rubber 3 Win %,avg_win_perc,Total Rubbers
JESSICA L1,66.66666666666666,100.0,100.0,88.88888888888887,9
Kowloon Cricket Club L1A,0.0,100.0,50.0,50.0,6
Hong Kong Football Club L1,33.33333333333333,33.33333333333333,66.66666666666666,44.444444444444436,9
Kowloon Cricket Club L1B,66.66666666666666,33.33333333333333,33.33333333333333,44.444444444444436,9
Hong Kong Cricket Club L1,66.66666666666666,0.0,0.0,22.222222222222218,9
