Team,Rubber 1 Win %,Rubber 2 Win %,Rubber 3 Win %,Rubber 4 Win %,Rubber 5 Win %,avg_win_perc,Total Rubbers
Hong Kong Cricket Club D15,80.0,60.0,80.0,100.0,60.0,76.0,25
Sha Tin 6,62.5,75.0,62.5,42.857142857142854,40.0,56.57142857142858,36
United Services Recreation Club 4,100.0,42.857142857142854,33.33333333333333,60.0,40.0,55.23809523809524,30
Squashathon X,66.66666666666666,33.33333333333333,60.0,50.0,50.0,52.0,25
Royal Hong Kong Yacht Club Div 15,57.14285714285714,57.14285714285714,57.14285714285714,14.285714285714285,33.33333333333333,43.80952380952381,34
Squash Busters,14.285714285714285,57.14285714285714,57.14285714285714,20.0,20.0,33.71428571428571,31
North District Sports Association 3,14.285714285714285,14.285714285714285,42.857142857142854,0.0,57.14285714285714,25.71428571428571,35
HKIS Div 15,0.0,0.0,0.0,0.0,0.0,0.0,13
