Team,Rubber 1 Win %,Rubber 2 Win %,Rubber 3 Win %,Rubber 4 Win %,Rubber 5 Win %,avg_win_perc,Total Rubbers
X-Alpha 1,100.0,100.0,57.14285714285714,85.71428571428571,57.14285714285714,80.0,35
Kowloon Cricket Club 4,50.0,50.0,75.0,62.5,62.5,60.0,40
Hong Kong Football Club 4B,40.0,20.0,100.0,60.0,60.0,56.0,25
United Services Recreation Club 1,71.42857142857143,57.14285714285714,85.71428571428571,33.33333333333333,20.0,53.52380952380952,32
Hong Kong Football Club 4A,28.57142857142857,71.42857142857143,42.857142857142854,57.14285714285714,66.66666666666666,53.33333333333333,34
Hong Kong Cricket Club 3,25.0,12.5,50.0,25.0,14.285714285714285,25.357142857142854,39
Sha Tin 2,0.0,0.0,33.33333333333333,33.33333333333333,50.0,23.333333333333332,14
NEXUS 2,75.0,25.0,0.0,0.0,0.0,20.0,19
