Team,Rubber 1 Win %,Rubber 2 Win %,Rubber 3 Win %,Rubber 4 Win %,Rubber 5 Win %,avg_win_perc
Hong Kong Cricket Club 3,4.761904761904759,52.38095238095237,-9.523809523809526,19.047619047619044,35.714285714285715,20.476190476190474
NEXUS 2,5.0,15.0,40.0,40.0,0.0,20.0
Hong Kong Football Club 4A,-3.5714285714285694,3.5714285714285694,32.142857142857146,-7.142857142857139,8.333333333333343,6.666666666666671
X-Alpha 1,0.0,0.0,-16.66666666666667,16.666666666666657,33.33333333333334,6.666666666666657
Hong Kong Football Club 4B,10.0,46.66666666666666,-66.66666666666667,23.333333333333343,0.0,2.6666666666666714
United Services Recreation Club 1,4.761904761904773,-7.142857142857146,-40.47619047619049,37.14285714285714,3.5714285714285694,-0.4285714285714306
Kowloon Cricket Club 4,-23.809523809523803,-9.523809523809518,2.3809523809523654,4.761904761904773,19.04761904761905,-1.4285714285714164
Sha Tin 2,0.0,0.0,-33.33333333333333,-13.333333333333329,-10.0,-11.333333333333332
