Team,Rubber 1 Win %,Rubber 2 Win %,Rubber 3 Win %,Rubber 4 Win %,avg_win_perc
Hong Kong Football Club L2A,41.66666666666667,0.0,50.0,0.0,22.916666666666668
Hong Kong Football Club L2C,33.33333333333333,0.0,8.333333333333329,-16.666666666666657,6.25
Kowloon Cricket Club L2,-2.5,-20.0,37.5,3.5714285714285694,4.642857142857139
Hong Kong Football Club L2B,26.66666666666667,-6.666666666666657,-6.666666666666657,-20.0,-1.6666666666666572
JESSICA L2,20.0,-17.5,-5.0,-21.42857142857143,-5.982142857142861
Hong Kong Cricket Club L2,4.166666666666664,-33.333333333333336,4.166666666666664,-25.0,-12.500000000000002
