Team,Rubber 1 Win %,Rubber 2 Win %,Rubber 3 Win %,Rubber 4 Win %,Rubber 5 Win %,avg_win_perc
Hong Kong Football Club M4A,0.0,43.33333333333334,-13.333333333333343,46.66666666666666,-6.666666666666671,13.999999999999986
Hong Kong Football Club M4B,16.666666666666657,10.0,10.0,26.66666666666667,-30.0,6.666666666666664
WAKO,20.833333333333336,-20.833333333333343,0.0,4.166666666666671,16.66666666666667,4.166666666666671
United Services Recreation Club M4,0.0,-14.285714285714285,28.57142857142857,0.0,0.0,2.857142857142861
Royal Hong Kong Yacht Club M4,33.33333333333333,-33.333333333333336,0.0,16.666666666666657,-4.761904761904773,2.3809523809523725
Bolton,0.0,0.0,0.0,0.0,5.714285714285715,1.142857142857146
SKCSC,0.0,-42.857142857142854,-14.285714285714278,28.57142857142857,0.0,-5.714285714285687
Hong Kong Club Blue,0.0,-14.285714285714285,0.0,-28.57142857142857,-38.09523809523809,-16.190476190476193
