Team,Rubber 1 Win %,Rubber 2 Win %,Rubber 3 Win %,Rubber 4 Win %,Rubber 5 Win %,avg_win_perc,Total Rubbers
Young Player 3,83.33333333333334,83.33333333333334,50.0,100.0,60.0,75.33333333333334,29
Hong Kong Football Club 3A,50.0,83.33333333333334,66.66666666666666,100.0,66.66666666666666,73.33333333333333,30
Kowloon Cricket Club 3A,50.0,50.0,83.33333333333334,83.33333333333334,80.0,69.33333333333334,29
Kowloon Cricket Club 3B,50.0,83.33333333333334,83.33333333333334,50.0,80.0,69.33333333333334,29
Happy Squash 1,83.33333333333334,83.33333333333334,0.0,0.0,100.0,53.333333333333336,29
NEXUS 1,71.42857142857143,28.57142857142857,42.857142857142854,42.857142857142854,14.285714285714285,40.0,35
TNGX,28.57142857142857,0.0,85.71428571428571,33.33333333333333,33.33333333333333,36.19047619047618,33
Hong Kong Football Club 3B,0.0,33.33333333333333,16.666666666666664,20.0,40.0,22.0,28
Sha Tin 1,33.33333333333333,16.666666666666664,16.666666666666664,16.666666666666664,0.0,16.666666666666664,30
