Team,Rubber 1 Win %,Rubber 2 Win %,Rubber 3 Win %,Rubber 4 Win %,Rubber 5 Win %,avg_win_perc,Total Rubbers
X-Alpha 3,100.0,80.0,66.66666666666666,20.0,75.0,68.33333333333333,26
Hong Kong Football Club 7A,40.0,25.0,100.0,60.0,80.0,61.0,24
Vitality Squash 1,20.0,60.0,60.0,66.66666666666666,50.0,51.33333333333333,20
UST,83.33333333333334,50.0,33.33333333333333,50.0,16.666666666666664,46.66666666666667,30
Kinetic 1,66.66666666666666,33.33333333333333,16.666666666666664,50.0,66.66666666666666,46.666666666666664,30
Hong Kong Cricket Club 5,0.0,50.0,66.66666666666666,80.0,25.0,44.33333333333333,27
The Best Group 1,33.33333333333333,50.0,16.666666666666664,33.33333333333333,40.0,34.666666666666664,29
