Team,Rubber 1 Win %,Rubber 2 Win %,Rubber 3 Win %,Rubber 4 Win %,Rubber 5 Win %,avg_win_perc,Total Rubbers
Sha Tin 3,80.0,80.0,100.0,100.0,100.0,92.0,24
Ladies Recreation Club Div 8,80.0,100.0,100.0,40.0,75.0,79.0,24
Hong Kong Football Club 8,57.14285714285714,57.14285714285714,57.14285714285714,85.71428571428571,60.0,63.42857142857142,33
Physical Chess 3,33.33333333333333,33.33333333333333,33.33333333333333,66.66666666666666,100.0,53.33333333333333,29
Squashathon Zero,33.33333333333333,33.33333333333333,50.0,50.0,60.0,45.33333333333333,29
TOMCAT,40.0,80.0,20.0,20.0,50.0,42.0,22
Striving Squash,83.33333333333334,50.0,0.0,50.0,16.666666666666664,40.0,30
i-Mask Advance Squash Club 2,50.0,33.33333333333333,66.66666666666666,16.666666666666664,0.0,33.33333333333333,30
Kinetic 2,0.0,0.0,33.33333333333333,16.666666666666664,20.0,14.0,29
