Team,Rubber 1 Win %,Rubber 2 Win %,Rubber 3 Win %,Rubber 4 Win %,Rubber 5 Win %,avg_win_perc,Total Rubbers
United Services Recreation Club M3,42.857142857142854,71.42857142857143,100.0,85.71428571428571,85.71428571428571,77.14285714285714,35
Royal Hong Kong Yacht Club M3,100.0,85.71428571428571,57.14285714285714,57.14285714285714,71.42857142857143,74.28571428571429,35
Hong Kong Football Club M3A,57.14285714285714,71.42857142857143,71.42857142857143,71.42857142857143,83.33333333333334,70.95238095238096,34
Hong Kong Football Club M3B,71.42857142857143,57.14285714285714,57.14285714285714,57.14285714285714,57.14285714285714,60.0,35
Old Squash Fellows,85.71428571428571,71.42857142857143,28.57142857142857,14.285714285714285,42.857142857142854,48.57142857142857,35
Titlows Squash Team,0.0,28.57142857142857,28.57142857142857,42.857142857142854,28.57142857142857,25.71428571428571,35
Kowloon Cricket Club M3,14.285714285714285,0.0,28.57142857142857,57.14285714285714,16.666666666666664,23.333333333333332,34
Hong Kong Cricket Club M3,28.57142857142857,14.285714285714285,28.57142857142857,14.285714285714285,14.285714285714285,19.999999999999993,35
