Team,Rubber 1 Win %,Rubber 2 Win %,Rubber 3 Win %,avg_win_perc,Total Rubbers
Hong Kong Football Club L3C,66.66666666666666,100.0,33.33333333333333,66.66666666666667,9
Hong Kong Football Club L3A,33.33333333333333,33.33333333333333,100.0,55.55555555555555,9
Hong Kong Football Club L3B,100.0,0.0,66.66666666666666,55.55555555555555,9
Hong Kong Cricket Club Rockettes,33.33333333333333,100.0,0.0,44.444444444444436,9
JESSICA L3,33.33333333333333,66.66666666666666,33.33333333333333,44.444444444444436,9
i-Mask Advance Squash Club L3,33.33333333333333,0.0,66.66666666666666,33.33333333333333,9
