Team,Rubber 1 Win %,Rubber 2 Win %,Rubber 3 Win %,Rubber 4 Win %,Rubber 5 Win %,avg_win_perc,Total Rubbers
Electrify Squash Div 14,66.66666666666666,33.33333333333333,100.0,50.0,100.0,70.0,12
Hong Kong Football Club 14A,50.0,100.0,50.0,100.0,0.0,60.0,9
North District Sports Association 3,50.0,50.0,50.0,50.0,50.0,50.0,10
8 Virtues + 1,0.0,50.0,0.0,50.0,100.0,40.0,11
Ladies Recreation Club Div 14,100.0,0.0,100.0,0.0,0.0,40.0,3
Kowloon Cricket Club 14,0.0,0.0,0.0,100.0,100.0,40.0,5
Hong Kong Football Club 14B,100.0,0.0,50.0,0.0,0.0,30.0,8
X-Alpha 6,0.0,33.33333333333333,0.0,33.33333333333333,50.0,23.333333333333332,14
