Team,Rubber 1 Win %,Rubber 2 Win %,Rubber 3 Win %,avg_win_perc
JESSICA L1,16.666666666666657,100.0,50.0,55.55555555555554
Kowloon Cricket Club L1B,0.0,100.0,50.0,50.0
Hong Kong Football Club L1,16.666666666666657,100.0,16.666666666666657,44.444444444444436
Hong Kong Cricket Club L1,0.0,50.0,0.0,16.666666666666668
Kowloon Cricket Club L1A,-100.0,50.0,0.0,-16.666666666666657
