Team,Rubber 1 Win %,Rubber 2 Win %,Rubber 3 Win %,Rubber 4 Win %,Rubber 5 Win %,avg_win_perc,Total Rubbers
Kowloon Cricket Club 2,100.0,75.0,87.5,50.0,50.0,72.5,38
Hong Kong Football Club 2A,33.33333333333333,66.66666666666666,66.66666666666666,0.0,40.0,41.33333333333333,29
Hong Kong Football Club 2B,20.0,40.0,40.0,40.0,40.0,36.0,25
Hong Kong Cricket Club D2,71.42857142857143,28.57142857142857,57.14285714285714,0.0,0.0,31.428571428571427,35
Young Player 2,0.0,12.5,12.5,37.5,28.57142857142857,18.214285714285715,39
