Team Name,Home,Average Home Score,Average Away Score,home_away_diff
Hong Kong Football Club M4B,Hong Kong Football Club,3.3333333333333335,2.75,0.5833333333333335
WAKO,Masters - Harbour Road Sports Centre,2.4545454545454546,2.111111111111111,0.3434343434343434
Hong Kong Football Club M4A,Hong Kong Football Club,3.75,3.4444444444444446,0.30555555555555536
United Services Recreation Club M4,United Services Recreation Club,3.3,3.1,0.19999999999999973
SKCSC,Masters - Cornwall Street Squash Centre,3.3,3.3,0.0
Royal Hong Kong Yacht Club M4,Royal Hong Kong Yacht Club,2.0,2.090909090909091,-0.09090909090909083
Bolton,Masters - HK Squash Centre,1.2222222222222223,1.4545454545454546,-0.23232323232323226
Hong Kong Club Blue,HK CLUB,1.1818181818181819,1.6666666666666667,-0.48484848484848486
