Team,Rubber 1 Win %,Rubber 2 Win %,Rubber 3 Win %,Rubber 4 Win %,Rubber 5 Win %,avg_win_perc
Twister,50.0,0.0,50.0,100.0,50.0,50.0
Kinetic 3,33.33333333333333,66.66666666666666,8.333333333333329,33.33333333333333,16.666666666666657,31.666666666666657
Hong Kong Football Club 9,40.0,40.0,20.0,-10.0,-10.0,16.0
Kowloon Cricket Club 9,33.33333333333334,-13.333333333333329,40.0,6.666666666666671,6.666666666666671,14.666666666666671
Centre Squash,-8.333333333333329,-16.666666666666657,-50.0,8.333333333333343,75.0,1.6666666666666714
The Hong Kong Jockey Club Div 9,26.66666666666667,-46.66666666666666,-46.66666666666666,-6.666666666666657,26.66666666666667,-9.333333333333329
The Squash Club 2,0.0,0.0,0.0,0.0,-50.0,-10.0
HKPF Squash Team,100.0,-66.66666666666667,0.0,0.0,-100.0,-13.333333333333336
BOSS,0.0,0.0,-100.0,-16.66666666666667,0.0,-23.333333333333336
