Team,Rubber 1 Win %,Rubber 2 Win %,Rubber 3 Win %,Rubber 4 Win %,Rubber 5 Win %,avg_win_perc,Total Rubbers
Hong Kong Football Club 5A,50.0,100.0,50.0,100.0,50.0,70.0,10
Happy Squash 2,66.66666666666666,33.33333333333333,66.66666666666666,0.0,66.66666666666666,46.66666666666666,15
Squashathon,66.66666666666666,66.66666666666666,33.33333333333333,50.0,0.0,43.33333333333333,13
Hong Kong Football Club 5B,50.0,50.0,50.0,50.0,0.0,40.0,10
Uncle,0.0,0.0,100.0,0.0,0.0,20.0,4
i-Mask Advance Squash Club 1,0.0,0.0,0.0,100.0,0.0,20.0,5
X-Alpha 2,100.0,0.0,0.0,0.0,0.0,20.0,5
