Team,Rubber 1 Win %,Rubber 2 Win %,Rubber 3 Win %,Rubber 4 Win %,Rubber 5 Win %,avg_win_perc
Hong Kong Football Club 2A,41.66666666666667,8.333333333333343,8.333333333333343,50.0,66.66666666666667,35.000000000000014
Young Player 2,25.0,25.0,0.0,25.0,80.0,31.0
Kowloon Cricket Club 2,-16.666666666666657,20.0,20.0,23.333333333333343,50.0,19.333333333333343
Hong Kong Cricket Club D2,8.333333333333343,8.333333333333336,-25.0,50.0,0.0,8.333333333333336
Hong Kong Football Club 2B,20.0,-6.666666666666657,-26.666666666666657,-6.666666666666657,46.66666666666667,5.333333333333336
