Team,Rubber 1 Win %,Rubber 2 Win %,Rubber 3 Win %,Rubber 4 Win %,Rubber 5 Win %,avg_win_perc
Hong Kong Football Club L2B,41.66666666666667,-33.33333333333334,0.0,66.66666666666667,0.0,15.0
JESSICA L2 [withdrawal],0.0,0.0,0.0,0.0,0.0,0.0
Hong Kong Cricket Club L2,-40.0,-20.0,5.0,25.0,0.0,-6.0
Kowloon Cricket Club L2B,-16.666666666666657,-25.0,8.333333333333343,0.0,0.0,-6.666666666666657
Kowloon Cricket Club L2A,100.0,16.66666666666667,-50.0,-100.0,0.0,-6.666666666666664
Hong Kong Football Club L2A,-25.0,-41.66666666666666,-33.33333333333333,-33.33333333333333,0.0,-26.666666666666664
