Team,Rubber 1 Win %,Rubber 2 Win %,Rubber 3 Win %,Rubber 4 Win %,avg_win_perc,Total Rubbers
Hong Kong Football Club L2B,75.0,75.0,68.75,64.28571428571429,70.75892857142857,62
Hong Kong Cricket Club L2A,68.75,50.0,68.75,60.0,61.875,63
Hong Kong Football Club L2A,56.25,56.25,31.25,46.666666666666664,47.604166666666664,63
Hong Kong Cricket Club L2B,6.25,56.25,31.25,71.42857142857143,41.29464285714286,62
Hong Kong Football Club L2C,43.75,12.5,50.0,12.5,29.6875,64
