Team,Rubber 1 Win %,Rubber 2 Win %,Rubber 3 Win %,Rubber 4 Win %,Rubber 5 Win %,avg_win_perc,Total Rubbers
Hong Kong Football Club M3B,27.77777777777778,66.66666666666666,66.66666666666666,77.77777777777779,77.77777777777779,63.33333333333333,90
Hong Kong Football Club M3A,55.55555555555556,50.0,55.55555555555556,55.55555555555556,66.66666666666666,56.66666666666667,90
Hong Kong Cricket Club M3,44.44444444444444,66.66666666666666,55.55555555555556,50.0,50.0,53.33333333333333,90
Jaws Master,94.44444444444444,44.44444444444444,44.44444444444444,22.22222222222222,38.88888888888889,48.888888888888886,90
American Club-Yacht Club,33.33333333333333,61.111111111111114,61.111111111111114,50.0,33.33333333333333,47.77777777777777,90
Titlows Masters,22.22222222222222,22.22222222222222,44.44444444444444,66.66666666666666,72.22222222222221,45.55555555555556,90
Alpha CUHK Master,72.22222222222221,38.88888888888889,22.22222222222222,27.77777777777778,11.11111111111111,34.44444444444444,90
