Team,Rubber 1 Win %,Rubber 2 Win %,Rubber 3 Win %,Rubber 4 Win %,Rubber 5 Win %,avg_win_perc,Total Rubbers
Phoenix 1,100.0,81.25,68.75,62.5,68.75,76.25,80
The Hong Kong Jockey Club M4,73.33333333333333,73.33333333333333,86.66666666666667,60.0,60.0,70.66666666666666,75
Hong Kong Cricket Club Young Masters,68.75,75.0,56.25,68.75,62.5,66.25,80
Perrier Sergio Tacchini KCC M4,75.0,43.75,56.25,81.25,68.75,65.0,80
WAKO Masters,50.0,43.75,81.25,62.5,68.75,61.25,80
Bolton,31.25,56.25,50.0,43.75,50.0,46.25,80
HK Club Blue,25.0,18.75,25.0,25.0,43.75,27.5,80
Hong Kong Football Club M4,18.75,43.75,18.75,37.5,18.75,27.5,80
Royal Hong Kong Yacht Club M4,6.666666666666667,13.333333333333334,6.666666666666667,6.666666666666667,6.666666666666667,8.0,75
