Team,Rubber 1 Win %,Rubber 2 Win %,Rubber 3 Win %,Rubber 4 Win %,Rubber 5 Win %,avg_win_perc,Total Rubbers
Kowloon Cricket Club 2,87.5,100.0,100.0,87.5,87.5,92.5,40
Hong Kong Football Club 2A,60.0,60.0,60.0,40.0,100.0,64.0,24
Hong Kong Football Club 2B,33.33333333333333,50.0,33.33333333333333,66.66666666666666,83.33333333333334,53.33333333333333,30
Young Player 2,28.57142857142857,14.285714285714285,0.0,85.71428571428571,100.0,45.71428571428571,32
Hong Kong Cricket Club D2,50.0,50.0,37.5,75.0,12.5,45.0,40
