Team,Rubber 1 Win %,Rubber 2 Win %,Rubber 3 Win %,Rubber 4 Win %,Rubber 5 Win %,avg_win_perc,Total Rubbers
Hong Kong Football Club L2B,80.0,50.0,100.0,50.0,0.0,56.0,14
Kowloon Cricket Club L2B,33.33333333333333,66.66666666666666,66.66666666666666,83.33333333333334,0.0,49.99999999999999,24
Kowloon Cricket Club L2A,60.0,33.33333333333333,50.0,0.0,0.0,28.666666666666664,11
Hong Kong Cricket Club L2,25.0,0.0,14.285714285714285,33.33333333333333,0.0,14.523809523809524,28
Hong Kong Football Club L2A,40.0,20.0,0.0,0.0,0.0,12.0,17
JESSICA L2 [withdrawal],0.0,0.0,0.0,0.0,0.0,0.0,0
