Team,Rubber 1 Win %,Rubber 2 Win %,Rubber 3 Win %,Rubber 4 Win %,Rubber 5 Win %,avg_win_perc,Total Rubbers
Kowloon Cricket Club M3,100.0,87.5,100.0,87.5,75.0,90.0,40
Hong Kong Football Club M3A,66.66666666666666,83.33333333333334,66.66666666666666,100.0,80.0,79.33333333333333,28
Hong Kong Football Club M3B,57.14285714285714,100.0,42.857142857142854,57.14285714285714,71.42857142857143,65.71428571428571,35
Hong Kong Cricket Club M3,37.5,50.0,62.5,62.5,85.71428571428571,59.642857142857146,39
Royal Hong Kong Yacht Club M3,37.5,25.0,12.5,25.0,25.0,25.0,40
OSF,14.285714285714285,14.285714285714285,0.0,0.0,40.0,13.714285714285714,33
Titlows Squash Master,0.0,0.0,0.0,25.0,0.0,5.0,20
