Team,Played,Won,Lost,Points,Playoffs,1,2,3,4,5,6
Hong Kong Football Club M2B,20,13.014014014014014,6.985985985985986,62.5015015015015,100.0,58.85885885885885,34.33433433433433,6.506506506506507,0.3003003003003003,0.0,0.0
Hong Kong Football Club M2A,20,14.094094094094094,5.905905905905906,60.05505505505506,99.79979979979981,37.23723723723724,49.94994994994995,10.11011011011011,2.5025025025025025,0.20020020020020018,0.0
Hong Kong Cricket Club M2A,20,11.066066066066066,8.933933933933934,50.04504504504504,90.69069069069069,2.3023023023023024,10.61061061061061,44.44444444444444,33.33333333333333,7.5075075075075075,1.8018018018018018
Hong Kong Cricket Club M2B,20,8.70970970970971,11.29029029029029,48.81281281281281,86.78678678678679,1.6016016016016015,4.904904904904905,34.83483483483483,45.44544544544545,11.11111111111111,2.1021021021021022
Ladies Recreation Club M2A,20,6.645645645645645,13.354354354354355,39.607607607607605,14.214214214214213,0.0,0.10010010010010009,3.003003003003003,11.11111111111111,45.44544544544545,40.34034034034034
Ladies Recreation Club M2B,20,6.47047047047047,13.52952952952953,37.97797797797798,8.508508508508509,0.0,0.10010010010010009,1.1011011011011012,7.307307307307307,35.73573573573574,55.75575575575576
