Team,Rubber 1 Win %,Rubber 2 Win %,Rubber 3 Win %,Rubber 4 Win %,Rubber 5 Win %,avg_win_perc,Total Rubbers
8 Virtues + 1,0.0,100.0,0.0,100.0,100.0,60.0,11.0
Hong Kong Football Club 14B,100.0,33.33333333333333,100.0,50.0,0.0,56.666666666666664,11.0
Electrify Squash Div 14,66.66666666666666,33.33333333333333,100.0,0.0,50.0,50.0,13.0
Hong Kong Football Club 14A,66.66666666666666,33.33333333333333,50.0,100.0,0.0,50.0,10.0
Kowloon Cricket Club 14,50.0,50.0,100.0,50.0,0.0,50.0,10.0
X-Alpha 6,0.0,66.66666666666666,0.0,50.0,100.0,43.33333333333333,12.0
Ladies Recreation Club Div 14,100.0,0.0,100.0,0.0,0.0,40.0,4.0
North District Sports Association 3,33.33333333333333,66.66666666666666,0.0,33.33333333333333,66.66666666666666,39.99999999999999,15.0
