Team,Rubber 1 Win %,Rubber 2 Win %,Rubber 3 Win %,Rubber 4 Win %,Rubber 5 Win %,avg_win_perc,Total Rubbers
Electrify Squash Div 15,100.0,66.66666666666666,100.0,100.0,33.33333333333333,79.99999999999999,15
RELAY 2,33.33333333333333,66.66666666666666,66.66666666666666,100.0,50.0,63.33333333333333,14
Squashathon MeGa,100.0,66.66666666666666,66.66666666666666,0.0,33.33333333333333,53.33333333333333,15
TNG 3,0.0,33.33333333333333,66.66666666666666,33.33333333333333,100.0,46.666666666666664,14
Serve - Ivors,100.0,0.0,66.66666666666666,33.33333333333333,0.0,40.0,13
i-Mask Advance Squash Club 6,0.0,33.33333333333333,33.33333333333333,33.33333333333333,100.0,40.0,14
Squash-On,33.33333333333333,66.66666666666666,0.0,66.66666666666666,33.33333333333333,39.999999999999986,15
Fusion Squash Club 3,33.33333333333333,66.66666666666666,0.0,33.33333333333333,50.0,36.666666666666664,14
