Team,Rubber 1 Win %,Rubber 2 Win %,Rubber 3 Win %,Rubber 4 Win %,avg_win_perc,Total Rubbers
Kowloon Cricket Club 2,66.66666666666666,100.0,100.0,66.66666666666666,83.33333333333331,12
Hong Kong Football Club 2A,100.0,100.0,50.0,0.0,62.5,8
Hong Kong Football Club 2B,66.66666666666666,33.33333333333333,66.66666666666666,66.66666666666666,58.33333333333332,12
Hong Kong Cricket Club 2,0.0,0.0,0.0,50.0,12.5,8
Young Player 2,0.0,0.0,0.0,50.0,12.5,8
