Team,Rubber 1 Win %,Rubber 2 Win %,Rubber 3 Win %,Rubber 4 Win %,Rubber 5 Win %,avg_win_perc,Total Rubbers
X-Alpha 1,100.0,100.0,50.0,100.0,50.0,80.0,10
Hong Kong Football Club 4A,100.0,100.0,50.0,50.0,50.0,70.0,10
Hong Kong Football Club 4B,0.0,50.0,100.0,100.0,100.0,70.0,10
Kowloon Cricket Club 4,33.33333333333333,66.66666666666666,100.0,33.33333333333333,66.66666666666666,60.0,15
United Services Recreation Club 1,100.0,50.0,50.0,100.0,0.0,60.0,8
NEXUS 2,100.0,50.0,0.0,0.0,0.0,30.0,10
Hong Kong Cricket Club 3,0.0,0.0,33.33333333333333,33.33333333333333,66.66666666666666,26.666666666666664,15
Sha Tin 2,0.0,0.0,0.0,0.0,0.0,0.0,8
