Team,Rubber 1 Win %,Rubber 2 Win %,Rubber 3 Win %,Rubber 4 Win %,Rubber 5 Win %,avg_win_perc,Total Rubbers
Dynamos Squash,100.0,100.0,100.0,66.66666666666666,100.0,93.33333333333333,14
Fusion Squash Club 1,66.66666666666666,33.33333333333333,66.66666666666666,100.0,100.0,73.33333333333333,15
X-Alpha 4,33.33333333333333,33.33333333333333,66.66666666666666,66.66666666666666,66.66666666666666,53.33333333333333,15
NEXUS 3,66.66666666666666,100.0,33.33333333333333,50.0,0.0,50.0,12
MERCURY,33.33333333333333,0.0,66.66666666666666,66.66666666666666,66.66666666666666,46.66666666666666,15
Happy Squash 3,66.66666666666666,66.66666666666666,0.0,0.0,0.0,26.666666666666664,13
Vitality Squash 2,33.33333333333333,33.33333333333333,33.33333333333333,33.33333333333333,0.0,26.666666666666664,13
LONGVIEW,0.0,33.33333333333333,33.33333333333333,0.0,0.0,13.333333333333332,15
