Team,Rubber 1 Win %,Rubber 2 Win %,Rubber 3 Win %,Rubber 4 Win %,Rubber 5 Win %,avg_win_perc,Total Rubbers
United Services Recreation Club M4,100.0,33.33333333333333,100.0,100.0,66.66666666666666,80.0,15
SKCSC,66.66666666666666,66.66666666666666,66.66666666666666,100.0,66.66666666666666,73.33333333333333,15
WAKO,33.33333333333333,100.0,66.66666666666666,66.66666666666666,66.66666666666666,66.66666666666666,15
Hong Kong Football Club M4A,100.0,50.0,50.0,50.0,50.0,60.0,10
Royal Hong Kong Yacht Club M4,0.0,50.0,50.0,0.0,100.0,40.0,10
Hong Kong Football Club M4B,66.66666666666666,33.33333333333333,33.33333333333333,33.33333333333333,33.33333333333333,39.999999999999986,15
Hong Kong Club Blue,33.33333333333333,33.33333333333333,0.0,33.33333333333333,0.0,19.999999999999996,14
Bolton,0.0,33.33333333333333,33.33333333333333,0.0,0.0,13.333333333333332,14
