Team,Rubber 1 Win %,Rubber 2 Win %,Rubber 3 Win %,Rubber 4 Win %,Rubber 5 Win %,avg_win_perc
NEXUS 2,8.333333333333343,25.0,33.33333333333333,33.33333333333333,0.0,20.0
Hong Kong Cricket Club 3,8.333333333333329,54.16666666666666,-16.66666666666667,8.333333333333329,35.714285714285715,17.976190476190474
X-Alpha 1,0.0,0.0,0.0,16.666666666666657,33.33333333333334,10.0
Kowloon Cricket Club 4,-14.285714285714285,0.0,14.285714285714278,14.285714285714292,28.57142857142857,8.571428571428584
Hong Kong Football Club 4A,-3.5714285714285694,3.5714285714285694,32.142857142857146,-7.142857142857139,8.333333333333343,6.666666666666671
Hong Kong Football Club 4B,10.0,46.66666666666666,-66.66666666666667,23.333333333333343,0.0,2.6666666666666714
United Services Recreation Club 1,4.761904761904773,-7.142857142857146,-40.47619047619049,37.14285714285714,3.5714285714285694,-0.4285714285714306
Sha Tin 2,0.0,0.0,-33.33333333333333,-13.333333333333329,-10.0,-11.333333333333332
