Team,Played,Won,Lost,Points,Playoffs,1,2,3,4,5,6,7,8,9
Hong Kong Football Club 3A,16,13.304152076038019,2.695847923961981,65.13306653326663,98.44922461230615,50.42521260630315,30.115057528764382,13.156578289144571,4.752376188094047,1.5507753876938468,0.0,0.0,0.0,0.0
Kowloon Cricket Club 3A,16,11.668834417208604,4.331165582791396,64.41370685342672,98.49924962481239,36.36818409204602,38.86943471735868,15.957978989494748,7.303651825912956,1.500750375187594,0.0,0.0,0.0,0.0
Young Player 3,16,9.89094547273637,6.109054527263632,59.44272136068034,82.74137068534267,7.653826913456728,16.45822911455728,30.315157578789393,28.31415707853927,17.258629314657327,0.0,0.0,0.0,0.0
Kowloon Cricket Club 3B,16,11.3831915957979,4.616808404202101,58.31265632816408,81.04052026013007,5.052526263131566,11.905952976488244,29.864932466233117,34.21710855427714,18.859429714857427,0.10005002501250625,0.0,0.0,0.0
Happy Squash 1,16,9.699849924962482,6.300150075037519,54.80040020010005,39.21960980490245,0.5002501250625313,2.6513256628314155,10.705352676338169,25.362681340670335,60.43021510755378,0.3501750875437719,0.0,0.0,0.0
NEXUS 1,16,5.572286143071535,10.427713856928465,40.21310655327664,0.05002501250625312,0.0,0.0,0.0,0.05002501250625312,0.25012506253126565,67.3336668334167,30.315157578789393,2.051025512756378,0.0
TNGX,16,5.254127063531766,10.745872936468235,37.19659829914957,0.0,0.0,0.0,0.0,0.0,0.1500750375187594,31.715857928964482,63.53176588294147,4.252126063031516,0.3501750875437719
Sha Tin 1,16,3.1750875437718857,12.824912456228114,26.94697348674337,0.0,0.0,0.0,0.0,0.0,0.0,0.4502251125562781,5.002501250625312,62.33116558279139,32.21610805402702
Hong Kong Football Club 3B,16,2.0515257628814405,13.94847423711856,24.540770385192594,0.0,0.0,0.0,0.0,0.0,0.0,0.05002501250625312,1.150575287643822,31.36568284142071,67.43371685842922
