Team,Rubber 1 Win %,Rubber 2 Win %,Rubber 3 Win %,Rubber 4 Win %,Rubber 5 Win %,avg_win_perc,Total Rubbers
The Hong Kong Jockey Club Div 10,69.23076923076923,53.84615384615385,84.61538461538461,92.3076923076923,92.3076923076923,78.46153846153847,65
United Services Recreation Club 3,33.33333333333333,58.333333333333336,66.66666666666666,75.0,66.66666666666666,60.0,60
RELAY 1,81.81818181818183,72.72727272727273,72.72727272727273,36.36363636363637,30.0,58.727272727272734,54
Banbil,72.72727272727273,72.72727272727273,45.45454545454545,54.54545454545454,36.36363636363637,56.36363636363636,55
Bravo D10,50.0,41.66666666666667,16.666666666666664,41.66666666666667,45.45454545454545,39.090909090909086,59
Sha Tin 4,18.181818181818183,36.36363636363637,27.27272727272727,27.27272727272727,63.63636363636363,34.54545454545455,55
Craigengower Cricket Club,20.0,10.0,30.0,10.0,0.0,14.0,50
