Team,Rubber 1 Win %,Rubber 2 Win %,Rubber 3 Win %,Rubber 4 Win %,Rubber 5 Win %,avg_win_perc,Total Rubbers
Royal Hong Kong Yacht Club Div 15,54.54545454545454,100.0,90.9090909090909,63.63636363636363,25.0,66.81818181818181,52
Squashathon One,66.66666666666666,72.72727272727273,45.45454545454545,54.54545454545454,77.77777777777779,63.43434343434343,54
Physical Chess 5,50.0,25.0,36.36363636363637,70.0,88.88888888888889,54.05050505050506,54
United Services Recreation Club 4,66.66666666666666,41.66666666666667,33.33333333333333,63.63636363636363,33.33333333333333,47.72727272727273,56
HKIS Div 15,58.333333333333336,54.54545454545454,54.54545454545454,20.0,33.33333333333333,44.15151515151515,53
Hong Kong Cricket Club 8,38.46153846153847,46.15384615384615,46.15384615384615,50.0,37.5,43.65384615384615,59
Sha Tin 7,16.666666666666664,16.666666666666664,45.45454545454545,27.27272727272727,50.0,31.21212121212121,56
