Team,Rubber 1 Win %,Rubber 2 Win %,Rubber 3 Win %,Rubber 4 Win %,Rubber 5 Win %,avg_win_perc,Total Rubbers
Kowloon Cricket Club 3A,58.333333333333336,63.63636363636363,81.81818181818183,81.81818181818183,87.5,74.62121212121212,53
Young Player 3,58.333333333333336,75.0,58.333333333333336,83.33333333333334,80.0,71.0,58
Hong Kong Football Club 3A,63.63636363636363,54.54545454545454,72.72727272727273,100.0,60.0,70.18181818181817,53
Kowloon Cricket Club 3B,36.36363636363637,72.72727272727273,72.72727272727273,63.63636363636363,60.0,61.090909090909086,54
Happy Squash 1,83.33333333333334,83.33333333333334,16.666666666666664,27.27272727272727,88.88888888888889,59.89898989898991,56
TNGX,35.714285714285715,14.285714285714285,78.57142857142857,23.076923076923077,33.33333333333333,36.99633699633699,67
NEXUS 1,66.66666666666666,25.0,25.0,27.27272727272727,20.0,32.78787878787879,57
Hong Kong Football Club 3B,8.333333333333332,41.66666666666667,25.0,20.0,30.0,25.0,56
Sha Tin 1,41.66666666666667,27.27272727272727,18.181818181818183,27.27272727272727,9.090909090909092,24.696969696969695,56
