Team,Rubber 1 Win %,Rubber 2 Win %,Rubber 3 Win %,Rubber 4 Win %,Rubber 5 Win %,avg_win_perc,Total Rubbers
X-Alpha 1,100.0,100.0,64.28571428571429,92.85714285714286,85.71428571428571,88.57142857142857,70
Kowloon Cricket Club 4,50.0,57.14285714285714,78.57142857142857,64.28571428571429,71.42857142857143,64.28571428571429,70
Hong Kong Football Club 4A,35.714285714285715,78.57142857142857,57.14285714285714,57.14285714285714,53.84615384615385,56.48351648351648,69
Hong Kong Football Club 4B,42.857142857142854,35.714285714285715,57.14285714285714,64.28571428571429,69.23076923076923,53.84615384615385,69
United Services Recreation Club 1,69.23076923076923,46.15384615384615,61.53846153846154,41.66666666666667,27.27272727272727,49.172494172494176,62
NEXUS 2,71.42857142857143,42.857142857142854,28.57142857142857,28.57142857142857,10.0,36.28571428571428,66
Hong Kong Cricket Club 3,28.57142857142857,35.714285714285715,42.857142857142854,28.57142857142857,27.27272727272727,32.5974025974026,67
Sha Tin 2,0.0,0.0,7.6923076923076925,16.666666666666664,30.0,10.871794871794872,61
