Team,Rubber 1 Win %,Rubber 2 Win %,Rubber 3 Win %,Rubber 4 Win %,Rubber 5 Win %,avg_win_perc,Total Rubbers
X-Alpha 3,75.0,80.0,63.63636363636363,33.33333333333333,62.5,62.89393939393939,50
UST,80.0,50.0,30.0,70.0,30.0,52.0,50
Hong Kong Football Club 7A,38.46153846153847,41.66666666666667,53.84615384615385,41.66666666666667,83.33333333333334,51.7948717948718,62
Vitality Squash 1,20.0,66.66666666666666,44.44444444444444,50.0,60.0,48.222222222222214,39
Kinetic 1,81.81818181818183,18.181818181818183,27.27272727272727,45.45454545454545,54.54545454545454,45.45454545454545,55
Hong Kong Cricket Club 5,18.181818181818183,45.45454545454545,81.81818181818183,55.55555555555556,25.0,45.20202020202021,50
The Best Group 1,36.36363636363637,54.54545454545454,45.45454545454545,54.54545454545454,30.0,44.18181818181818,54
