Team,Rubber 1 Win %,Rubber 2 Win %,Rubber 3 Win %,Rubber 4 Win %,Rubber 5 Win %,avg_win_perc,Total Rubbers
Hong Kong Football Club 7B,58.333333333333336,33.33333333333333,75.0,83.33333333333334,75.0,65.0,60
Kowloon Cricket Club 7,76.92307692307693,84.61538461538461,23.076923076923077,61.53846153846154,41.66666666666667,57.56410256410256,64
The Squash Club 2,63.63636363636363,72.72727272727273,72.72727272727273,18.181818181818183,54.54545454545454,56.363636363636374,55
Physical Chess 2,45.45454545454545,36.36363636363637,63.63636363636363,72.72727272727273,40.0,51.63636363636364,54
Xavier,54.54545454545454,63.63636363636363,45.45454545454545,54.54545454545454,36.36363636363637,50.90909090909091,55
Hong Kong Cricket Club 6,45.45454545454545,45.45454545454545,63.63636363636363,27.27272727272727,70.0,50.36363636363636,54
Twister 2,0.0,9.090909090909092,9.090909090909092,27.27272727272727,30.0,15.09090909090909,54
