Team,Rubber 1 Win %,Rubber 2 Win %,Rubber 3 Win %,Rubber 4 Win %,Rubber 5 Win %,avg_win_perc,Total Rubbers
Sha Tin 3,72.72727272727273,72.72727272727273,90.9090909090909,100.0,100.0,87.27272727272728,53
Ladies Recreation Club Div 8,70.0,90.0,80.0,40.0,62.5,68.5,48
Hong Kong Football Club 8,58.333333333333336,66.66666666666666,58.333333333333336,90.9090909090909,62.5,67.34848484848484,55
Squashathon Zero,36.36363636363637,45.45454545454545,54.54545454545454,54.54545454545454,70.0,52.18181818181817,54
Striving Squash,92.85714285714286,42.857142857142854,35.714285714285715,46.15384615384615,16.666666666666664,46.849816849816854,67
Physical Chess 3,33.33333333333333,33.33333333333333,25.0,58.333333333333336,70.0,44.0,58
TOMCAT,41.66666666666667,58.333333333333336,25.0,16.666666666666664,33.33333333333333,35.0,57
i-Mask Advance Squash Club 2,25.0,41.66666666666667,66.66666666666666,16.666666666666664,0.0,29.999999999999993,56
Kinetic 2,16.666666666666664,8.333333333333332,25.0,33.33333333333333,37.5,24.166666666666664,56
