Team,Rubber 1 Win %,Rubber 2 Win %,Rubber 3 Win %,Rubber 4 Win %,avg_win_perc,Total Rubbers
Kowloon Cricket Club L2,64.28571428571429,92.85714285714286,78.57142857142857,75.0,77.67857142857143,54
JESSICA L2,92.85714285714286,71.42857142857143,78.57142857142857,36.36363636363637,69.8051948051948,53
Hong Kong Football Club L2B,57.14285714285714,78.57142857142857,71.42857142857143,69.23076923076923,69.0934065934066,55
Hong Kong Football Club L2A,57.14285714285714,14.285714285714285,28.57142857142857,66.66666666666666,41.66666666666666,54
Hong Kong Football Club L2C,14.285714285714285,7.142857142857142,28.57142857142857,36.36363636363637,21.590909090909093,53
Hong Kong Cricket Club L2,14.285714285714285,35.714285714285715,14.285714285714285,15.384615384615385,19.917582417582416,55
