Team,Rubber 1 Win %,Rubber 2 Win %,Rubber 3 Win %,avg_win_perc,Total Rubbers
JESSICA L3,42.857142857142854,85.71428571428571,57.14285714285714,61.9047619047619,42
Hong Kong Cricket Club Rockettes,46.15384615384615,76.92307692307693,50.0,57.6923076923077,38
i-Mask Advance Squash Club L3,57.14285714285714,46.15384615384615,66.66666666666666,56.65445665445665,39
Hong Kong Football Club L3A,38.46153846153847,25.0,66.66666666666666,43.37606837606838,37
Hong Kong Football Club L3C,50.0,35.714285714285715,35.714285714285715,40.47619047619048,42
Hong Kong Football Club L3B,64.28571428571429,28.57142857142857,28.57142857142857,40.476190476190474,42
