Team,Rubber 1 Win %,Rubber 2 Win %,Rubber 3 Win %,Rubber 4 Win %,Rubber 5 Win %,avg_win_perc,Total Rubbers
FC 3,50.0,50.0,100.0,100.0,100.0,80.0,10
Kowloon Cricket Club 10,60.0,60.0,40.0,80.0,40.0,56.0,25
HKU,66.66666666666666,66.66666666666666,0.0,66.66666666666666,66.66666666666666,53.33333333333333,15
Hong Kong Football Club 10A,60.0,60.0,60.0,60.0,25.0,53.0,24
Social Squash Team,75.0,25.0,50.0,50.0,25.0,45.0,20
Hong Kong Football Club 10B,20.0,60.0,20.0,40.0,40.0,36.0,25
Twister 2,66.66666666666666,33.33333333333333,0.0,33.33333333333333,33.33333333333333,33.33333333333333,15
The Hong Kong Jockey Club Div 10,16.666666666666664,50.0,33.33333333333333,33.33333333333333,16.666666666666664,29.999999999999993,30
The Best Group,20.0,20.0,20.0,20.0,40.0,24.0,25
