Team,Rubber 1 Win %,Rubber 2 Win %,Rubber 3 Win %,Rubber 4 Win %,Rubber 5 Win %,avg_win_perc,Total Rubbers
FC 3,25.0,50.0,100.0,100.0,100.0,75.0,20
Hong Kong Football Club 10A,66.66666666666666,66.66666666666666,66.66666666666666,66.66666666666666,40.0,61.33333333333333,29
Kowloon Cricket Club 10,75.0,75.0,50.0,62.5,37.5,60.0,40
Social Squash Team,66.66666666666666,33.33333333333333,66.66666666666666,50.0,50.0,53.33333333333333,30
HKU,60.0,60.0,0.0,40.0,40.0,40.0,25
Hong Kong Football Club 10B,16.666666666666664,50.0,33.33333333333333,50.0,33.33333333333333,36.666666666666664,30
Twister 2,50.0,25.0,0.0,25.0,33.33333333333333,26.666666666666664,19
The Hong Kong Jockey Club Div 10,14.285714285714285,42.857142857142854,28.57142857142857,28.57142857142857,14.285714285714285,25.71428571428571,35
The Best Group,20.0,20.0,20.0,20.0,40.0,24.0,25
