Team,Rubber 1 Win %,Rubber 2 Win %,Rubber 3 Win %,Rubber 4 Win %,Rubber 5 Win %,avg_win_perc
Xavier,100.0,80.0,100.0,40.0,40.0,72.0
Vitality Squash 1,25.0,50.0,75.0,100.0,50.0,60.0
Banbil,50.0,100.0,25.0,25.0,50.0,50.0
Hong Kong Football Club 11,20.0,60.0,60.0,40.0,60.0,48.0
TOMCAT,100.0,66.66666666666666,66.66666666666666,0.0,0.0,46.666666666666664
Hong Kong Cricket Club 5,50.0,0.0,0.0,0.0,75.0,25.0
RELAY 1,20.0,20.0,40.0,0.0,0.0,16.0
