Team,Rubber 1 Win %,Rubber 2 Win %,Rubber 3 Win %,Rubber 4 Win %,Rubber 5 Win %,avg_win_perc,Total Rubbers
Xavier,100.0,80.0,100.0,40.0,40.0,72.0,25
Vitality Squash 1,25.0,50.0,75.0,100.0,50.0,60.0,18
Banbil,50.0,100.0,25.0,25.0,50.0,50.0,18
Hong Kong Football Club 11,16.666666666666664,50.0,50.0,50.0,50.0,43.33333333333333,30
TOMCAT,75.0,50.0,50.0,0.0,0.0,35.0,20
Hong Kong Cricket Club 5,60.0,0.0,0.0,0.0,80.0,28.0,25
RELAY 1,20.0,20.0,40.0,0.0,0.0,16.0,24
