Team,Rubber 1 Win %,Rubber 2 Win %,Rubber 3 Win %,Rubber 4 Win %,Rubber 5 Win %,avg_win_perc,Total Rubbers
Banbil,50.0,100.0,50.0,50.0,100.0,70.0,18
Vitality Squash 1,50.0,25.0,50.0,100.0,100.0,65.0,16
Xavier,100.0,75.0,100.0,25.0,25.0,65.0,20
TOMCAT,100.0,50.0,100.0,0.0,0.0,50.0,10
Hong Kong Football Club 11,16.666666666666664,50.0,50.0,50.0,50.0,43.33333333333333,30
Hong Kong Cricket Club 5,50.0,0.0,16.666666666666664,0.0,83.33333333333334,30.0,30
RELAY 1,25.0,25.0,50.0,0.0,0.0,20.0,19
