Team,Rubber 1 Win %,Rubber 2 Win %,Rubber 3 Win %,Rubber 4 Win %,Rubber 5 Win %,avg_win_perc,Total Rubbers
Vitality Squash 1,40.0,40.0,60.0,75.0,100.0,63.0,20
Xavier,80.0,80.0,80.0,20.0,20.0,56.0,25
Banbil,42.857142857142854,71.42857142857143,28.57142857142857,42.857142857142854,80.0,53.14285714285713,33
TOMCAT,100.0,40.0,60.0,20.0,0.0,44.0,25
Hong Kong Football Club 11,22.22222222222222,44.44444444444444,44.44444444444444,44.44444444444444,44.44444444444444,40.0,45
Hong Kong Cricket Club 5,37.5,0.0,25.0,12.5,83.33333333333334,31.666666666666668,38
RELAY 1,33.33333333333333,33.33333333333333,50.0,16.666666666666664,25.0,31.666666666666664,28
