Team,Rubber 1 Win %,Rubber 2 Win %,Rubber 3 Win %,Rubber 4 Win %,Rubber 5 Win %,avg_win_perc,Total Rubbers
Hong Kong Cricket Club 6,70.0,90.0,60.0,70.0,60.0,70.0,50
Squashathon Zero,100.0,100.0,50.0,40.0,50.0,68.0,27
i-Mask Advance Squash Club 3,77.77777777777779,66.66666666666666,66.66666666666666,66.66666666666666,37.5,63.05555555555556,44
Sha Tin Squash Rackets Club 3,42.857142857142854,71.42857142857143,71.42857142857143,33.33333333333333,80.0,59.80952380952381,32
Ladies Recreation Club Div 12,14.285714285714285,42.857142857142854,42.857142857142854,28.57142857142857,66.66666666666666,39.047619047619044,34
Studio Pro,37.5,37.5,0.0,25.0,42.857142857142854,28.571428571428573,39
Kinetic 1,50.0,40.0,20.0,0.0,14.285714285714285,24.857142857142854,46
MERCURY,11.11111111111111,11.11111111111111,33.33333333333333,22.22222222222222,44.44444444444444,24.444444444444443,45
