Team,Rubber 1 Win %,Rubber 2 Win %,Rubber 3 Win %,Rubber 4 Win %,Rubber 5 Win %,avg_win_perc,Total Rubbers
Sha Tin Squash Rackets Club 3,60.0,80.0,60.0,40.0,75.0,63.0,24
Squashathon Zero,100.0,100.0,25.0,33.33333333333333,50.0,61.666666666666664,17
i-Mask Advance Squash Club 3,80.0,80.0,60.0,60.0,25.0,61.0,24
Hong Kong Cricket Club 6,60.0,100.0,20.0,80.0,40.0,60.0,25
Studio Pro,25.0,75.0,0.0,50.0,75.0,45.0,20
Kinetic 1,50.0,50.0,16.666666666666664,0.0,20.0,27.333333333333332,28
Ladies Recreation Club Div 12,0.0,25.0,25.0,0.0,66.66666666666666,23.333333333333332,19
MERCURY,0.0,16.666666666666664,33.33333333333333,16.666666666666664,50.0,23.333333333333332,30
