Team,Rubber 1 Win %,Rubber 2 Win %,Rubber 3 Win %,Rubber 4 Win %,Rubber 5 Win %,avg_win_perc,Total Rubbers
Squashathon Zero,100.0,100.0,57.14285714285714,50.0,60.0,73.42857142857142,32
Hong Kong Cricket Club 6,72.72727272727273,90.9090909090909,63.63636363636363,72.72727272727273,54.54545454545454,70.9090909090909,55
i-Mask Advance Squash Club 3,77.77777777777779,66.66666666666666,66.66666666666666,66.66666666666666,37.5,63.05555555555556,44
Sha Tin Squash Rackets Club 3,50.0,75.0,75.0,28.57142857142857,80.0,61.71428571428571,36
Ladies Recreation Club Div 12,12.5,50.0,37.5,37.5,57.14285714285714,38.92857142857143,39
Studio Pro,33.33333333333333,37.5,0.0,25.0,42.857142857142854,27.738095238095234,40
Kinetic 1,54.54545454545454,45.45454545454545,18.181818181818183,0.0,12.5,26.136363636363637,51
MERCURY,10.0,20.0,30.0,30.0,40.0,26.0,50
