Team,Rubber 1 Win %,Rubber 2 Win %,Rubber 3 Win %,Rubber 4 Win %,Rubber 5 Win %,avg_win_perc,Total Rubbers
TNG 1,80.0,60.0,80.0,75.0,100.0,79.0,20
YLJR 2,83.33333333333334,83.33333333333334,100.0,83.33333333333334,40.0,78.0,29
Physical Chess 3,60.0,60.0,60.0,80.0,100.0,72.0,24
JAVA,100.0,33.33333333333333,33.33333333333333,66.66666666666666,50.0,56.66666666666665,14
Smart Squash 1,75.0,50.0,75.0,0.0,25.0,45.0,20
i-Mask Advance Squash Club 4,0.0,50.0,50.0,50.0,33.33333333333333,36.666666666666664,19
Friend Club 4,25.0,25.0,25.0,25.0,0.0,20.0,18
