Team,Rubber 1 Win %,Rubber 2 Win %,Rubber 3 Win %,Rubber 4 Win %,Rubber 5 Win %,avg_win_perc,Total Rubbers
YLJR 2,100.0,100.0,100.0,100.0,50.0,90.0,10.0
TNG 1,100.0,100.0,100.0,100.0,0.0,80.0,4.0
Physical Chess 3,66.66666666666666,66.66666666666666,66.66666666666666,66.66666666666666,100.0,73.33333333333333,15.0
i-Mask Advance Squash Club 4,0.0,100.0,0.0,100.0,100.0,60.0,5.0
JAVA,100.0,33.33333333333333,33.33333333333333,66.66666666666666,50.0,56.66666666666665,14.0
Smart Squash 1,80.0,60.0,80.0,0.0,20.0,48.0,25.0
Friend Club 4,50.0,50.0,50.0,50.0,0.0,40.0,8.0
