Team,Rubber 1 Win %,Rubber 2 Win %,Rubber 3 Win %,Rubber 4 Win %,Rubber 5 Win %,avg_win_perc,Total Rubbers
Greenfield,100.0,100.0,100.0,80.0,40.0,84.0,25.0
Hong Kong Football Club 13,100.0,25.0,50.0,100.0,100.0,75.0,20.0
Friend Club 5,20.0,60.0,100.0,75.0,75.0,66.0,23.0
Kowloon Cricket Club 13,40.0,100.0,60.0,60.0,40.0,60.0,25.0
Kinetic 2,80.0,40.0,20.0,100.0,40.0,56.0,25.0
ATM,60.0,60.0,40.0,25.0,0.0,37.0,19.0
i-Mask Advance Squash Club 5,25.0,25.0,0.0,50.0,75.0,35.0,20.0
BOSS,0.0,60.0,75.0,25.0,0.0,32.0,21.0
Centre Squash,20.0,20.0,33.33333333333333,0.0,0.0,14.666666666666666,18.0
