Team,Rubber 1 Win %,Rubber 2 Win %,Rubber 3 Win %,Rubber 4 Win %,Rubber 5 Win %,avg_win_perc,Total Rubbers
Greenfield,50.0,100.0,75.0,75.0,25.0,65.0,20.0
Hong Kong Football Club 13,71.42857142857143,28.57142857142857,42.857142857142854,71.42857142857143,85.71428571428571,60.0,35.0
Kowloon Cricket Club 13,33.33333333333333,100.0,66.66666666666666,50.0,40.0,58.0,29.0
Kinetic 2,57.14285714285714,42.857142857142854,28.57142857142857,100.0,50.0,55.71428571428571,33.0
Friend Club 5,25.0,50.0,75.0,50.0,75.0,55.0,20.0
i-Mask Advance Squash Club 5,0.0,33.33333333333333,0.0,33.33333333333333,100.0,33.33333333333333,15.0
ATM,50.0,50.0,50.0,0.0,0.0,30.0,7.0
BOSS,0.0,33.33333333333333,100.0,0.0,0.0,26.666666666666664,12.0
Centre Squash,40.0,20.0,66.66666666666666,0.0,0.0,25.333333333333332,17.0
