Team,Rubber 1 Win %,Rubber 2 Win %,Rubber 3 Win %,Rubber 4 Win %,Rubber 5 Win %,avg_win_perc,Total Rubbers
Greenfield,66.66666666666666,100.0,66.66666666666666,100.0,33.33333333333333,73.33333333333333,15.0
Hong Kong Football Club 13,83.33333333333334,33.33333333333333,50.0,83.33333333333334,100.0,70.0,30.0
Kowloon Cricket Club 13,33.33333333333333,100.0,66.66666666666666,50.0,40.0,58.0,29.0
Friend Club 5,25.0,50.0,75.0,50.0,75.0,55.0,20.0
Kinetic 2,66.66666666666666,33.33333333333333,16.666666666666664,100.0,40.0,51.33333333333333,28.0
BOSS,0.0,50.0,100.0,0.0,0.0,30.0,7.0
ATM,50.0,50.0,50.0,0.0,0.0,30.0,7.0
i-Mask Advance Squash Club 5,0.0,0.0,0.0,50.0,100.0,30.0,10.0
Centre Squash,40.0,20.0,66.66666666666666,0.0,0.0,25.333333333333332,17.0
