Team,Rubber 1 Win %,Rubber 2 Win %,Rubber 3 Win %,Rubber 4 Win %,Rubber 5 Win %,avg_win_perc,Total Rubbers
Sha Tin Squash Rackets Club 4,100.0,100.0,100.0,100.0,50.0,90.0,10
HKPF Squash Team,100.0,100.0,33.33333333333333,66.66666666666666,100.0,80.0,15
Star River 1,100.0,66.66666666666666,33.33333333333333,100.0,66.66666666666666,73.33333333333333,15
North District Sports Association 1,33.33333333333333,33.33333333333333,66.66666666666666,100.0,100.0,66.66666666666666,14
Alpha CUHK,50.0,0.0,50.0,100.0,50.0,50.0,10
Craigengower Cricket Club,55.55555555555556,33.33333333333333,66.66666666666666,44.44444444444444,44.44444444444444,48.88888888888889,45
Sea Bear,66.66666666666666,0.0,0.0,33.33333333333333,50.0,30.0,14
Hong Kong Racketlon Association 2,20.0,30.0,10.0,0.0,22.22222222222222,16.444444444444446,49
