Team,Rubber 1 Win %,Rubber 2 Win %,Rubber 3 Win %,Rubber 4 Win %,Rubber 5 Win %,avg_win_perc,Total Rubbers
X-Alpha 4,71.42857142857143,100.0,85.71428571428571,100.0,100.0,91.42857142857143,34
Fusion Squash Club 2,33.33333333333333,66.66666666666666,66.66666666666666,50.0,50.0,53.33333333333333,13
i-Mask Advance Squash Club 8,100.0,0.0,50.0,50.0,0.0,40.0,9
Vitality Squash 2,60.0,40.0,40.0,20.0,33.33333333333333,38.666666666666664,23
Happy Squash 3,16.666666666666664,50.0,16.666666666666664,33.33333333333333,50.0,33.33333333333333,30
Smart Squash 2,40.0,60.0,25.0,0.0,33.33333333333333,31.666666666666664,21
Friend Club 6,20.0,20.0,0.0,0.0,33.33333333333333,14.666666666666666,19
i-Mask Advance Squash Club 7,0.0,50.0,0.0,0.0,0.0,10.0,9
