Team,Rubber 1 Win %,Rubber 2 Win %,Rubber 3 Win %,Rubber 4 Win %,Rubber 5 Win %,avg_win_perc,Total Rubbers
X-Alpha 4,71.42857142857143,100.0,85.71428571428571,100.0,100.0,91.42857142857143,34
Fusion Squash Club 2,25.0,50.0,75.0,75.0,75.0,60.0,20
Vitality Squash 2,66.66666666666666,50.0,50.0,33.33333333333333,50.0,50.0,26
i-Mask Advance Squash Club 8,100.0,0.0,33.33333333333333,50.0,0.0,36.666666666666664,12
Happy Squash 3,20.0,40.0,20.0,40.0,40.0,32.0,25
Friend Club 6,33.33333333333333,16.666666666666664,0.0,0.0,25.0,15.0,24
Smart Squash 2,25.0,50.0,0.0,0.0,0.0,15.0,16
i-Mask Advance Squash Club 7,33.33333333333333,33.33333333333333,0.0,0.0,0.0,13.333333333333332,13
