Team,Rubber 1 Win %,Rubber 2 Win %,Rubber 3 Win %,Rubber 4 Win %,Rubber 5 Win %,avg_win_perc,Total Rubbers
X-Alpha 4,71.42857142857143,100.0,85.71428571428571,100.0,100.0,91.42857142857143,34
Fusion Squash Club 2,50.0,75.0,75.0,66.66666666666666,66.66666666666666,66.66666666666666,18
i-Mask Advance Squash Club 8,100.0,0.0,50.0,50.0,0.0,40.0,9
Vitality Squash 2,60.0,40.0,40.0,20.0,33.33333333333333,38.666666666666664,23
Smart Squash 2,40.0,60.0,25.0,0.0,33.33333333333333,31.666666666666664,21
Happy Squash 3,28.57142857142857,42.857142857142854,14.285714285714285,28.57142857142857,42.857142857142854,31.428571428571423,35
Friend Club 6,16.666666666666664,16.666666666666664,0.0,25.0,33.33333333333333,18.333333333333332,23
i-Mask Advance Squash Club 7,0.0,50.0,0.0,0.0,0.0,10.0,9
