Team,Rubber 1 Win %,Rubber 2 Win %,Rubber 3 Win %,Rubber 4 Win %,Rubber 5 Win %,avg_win_perc,Total Rubbers
Squashathon 1,100.0,100.0,75.0,75.0,66.66666666666666,83.33333333333333,19.0
North District Sports Association 2,28.57142857142857,71.42857142857143,100.0,100.0,100.0,80.0,35.0
X-Alpha 5,60.0,40.0,80.0,60.0,66.66666666666666,61.33333333333333,23.0
Bravo,80.0,80.0,20.0,25.0,25.0,46.0,23.0
Humphrey Squash,75.0,25.0,28.57142857142857,28.57142857142857,66.66666666666666,44.76190476190475,36.0
Yuen Long District Sports Association Limited,28.57142857142857,28.57142857142857,0.0,0.0,0.0,11.428571428571427,26.0
HK Squash Gear,0.0,0.0,0.0,0.0,0.0,0.0,4.0
