Team,Rubber 1 Win %,Rubber 2 Win %,Rubber 3 Win %,Rubber 4 Win %,Rubber 5 Win %,avg_win_perc,Total Rubbers
Squashathon 1,100.0,100.0,66.66666666666666,66.66666666666666,50.0,76.66666666666666,14.0
North District Sports Association 2,25.0,50.0,100.0,100.0,100.0,75.0,20.0
X-Alpha 5,66.66666666666666,33.33333333333333,66.66666666666666,33.33333333333333,50.0,49.999999999999986,14.0
Humphrey Squash,66.66666666666666,33.33333333333333,40.0,20.0,80.0,48.0,27.0
Bravo,100.0,50.0,0.0,0.0,0.0,30.0,10.0
Yuen Long District Sports Association Limited,20.0,0.0,0.0,0.0,0.0,4.0,20.0
HK Squash Gear,0.0,0.0,0.0,0.0,0.0,0.0,4.0
