Team,Rubber 1 Win %,Rubber 2 Win %,Rubber 3 Win %,Rubber 4 Win %,Rubber 5 Win %,avg_win_perc,Total Rubbers
Kowloon Cricket Club 2A,66.66666666666666,33.33333333333333,66.66666666666666,100.0,100.0,73.33333333333333,15
Kowloon Cricket Club 2B,40.0,80.0,60.0,80.0,25.0,57.0,24
Hong Kong Football Club 2,25.0,0.0,50.0,75.0,100.0,50.0,20
Hong Kong Cricket Club 2,0.0,100.0,50.0,0.0,50.0,40.0,10
Young Player 2,33.33333333333333,0.0,66.66666666666666,33.33333333333333,0.0,26.666666666666664,13
