Team,Rubber 1 Win %,Rubber 2 Win %,Rubber 3 Win %,Rubber 4 Win %,Rubber 5 Win %,avg_win_perc,Total Rubbers
Kowloon Cricket Club 2A,66.66666666666666,33.33333333333333,66.66666666666666,66.66666666666666,100.0,66.66666666666666,15
Kowloon Cricket Club 2B,50.0,75.0,75.0,75.0,33.33333333333333,61.666666666666664,19
Hong Kong Football Club 2,40.0,20.0,60.0,80.0,80.0,56.0,25
Hong Kong Cricket Club 2,0.0,50.0,50.0,0.0,66.66666666666666,33.33333333333333,19
Young Player 2,25.0,0.0,50.0,25.0,0.0,20.0,17
