Team,Rubber 1 Win %,Rubber 2 Win %,Rubber 3 Win %,Rubber 4 Win %,Rubber 5 Win %,avg_win_perc,Total Rubbers
Kowloon Cricket Club 3,60.0,80.0,100.0,100.0,100.0,88.0,20
Hong Kong Football Club 3A,100.0,66.66666666666666,33.33333333333333,33.33333333333333,50.0,56.666666666666664,14
Hong Kong Football Club 3B,50.0,0.0,25.0,75.0,50.0,40.0,20
Happy Squash 1,80.0,40.0,0.0,25.0,50.0,39.0,21
Young Player 3,0.0,0.0,33.33333333333333,66.66666666666666,33.33333333333333,26.666666666666664,15
