Team,Rubber 1 Win %,Rubber 2 Win %,Rubber 3 Win %,Rubber 4 Win %,Rubber 5 Win %,avg_win_perc,Total Rubbers
X-Alpha 1,50.0,75.0,100.0,100.0,33.33333333333333,71.66666666666666,19
Friend Club 1,100.0,33.33333333333333,66.66666666666666,66.66666666666666,33.33333333333333,59.999999999999986,15
Kowloon Cricket Club 4,11.11111111111111,66.66666666666666,77.77777777777779,77.77777777777779,55.55555555555556,57.77777777777777,45
TNGX,50.0,66.66666666666666,33.33333333333333,16.666666666666664,40.0,41.33333333333333,29
Hong Kong Football Club 4A,0.0,40.0,60.0,20.0,25.0,29.0,24
Hong Kong Football Club 4B,20.0,20.0,40.0,0.0,40.0,24.0,25
