Team,Rubber 1 Win %,Rubber 2 Win %,Rubber 3 Win %,Rubber 4 Win %,Rubber 5 Win %,avg_win_perc,Total Rubbers
X-Alpha 1,60.0,60.0,100.0,80.0,50.0,70.0,24
Kowloon Cricket Club 4,10.0,70.0,80.0,80.0,60.0,60.0,50
Friend Club 1,83.33333333333334,16.666666666666664,66.66666666666666,50.0,33.33333333333333,50.0,30
TNGX,50.0,66.66666666666666,33.33333333333333,16.666666666666664,40.0,41.33333333333333,29
Hong Kong Football Club 4A,14.285714285714285,28.57142857142857,42.857142857142854,16.666666666666664,20.0,24.476190476190474,32
Hong Kong Football Club 4B,28.57142857142857,14.285714285714285,28.57142857142857,0.0,28.57142857142857,19.999999999999996,35
