Team,Rubber 1 Win %,Rubber 2 Win %,Rubber 3 Win %,Rubber 4 Win %,Rubber 5 Win %,avg_win_perc,Total Rubbers
Hong Kong Football Club 5,71.42857142857143,71.42857142857143,83.33333333333334,50.0,66.66666666666666,68.57142857142858,32
X-Alpha 2,33.33333333333333,33.33333333333333,66.66666666666666,100.0,100.0,66.66666666666666,15
Kowloon Cricket Club 5,85.71428571428571,71.42857142857143,42.857142857142854,71.42857142857143,40.0,62.28571428571429,33
United Services Recreation Club 1,57.14285714285714,42.857142857142854,50.0,50.0,50.0,50.0,32
Squashathon,0.0,33.33333333333333,66.66666666666666,0.0,66.66666666666666,33.33333333333333,15
Electrify Squash Div 5,28.57142857142857,14.285714285714285,42.857142857142854,28.57142857142857,50.0,32.857142857142854,32
i-Mask Advance Squash Club 1,33.33333333333333,0.0,66.66666666666666,0.0,33.33333333333333,26.666666666666664,15
Sha Tin Squash Rackets Club 1,25.0,25.0,25.0,0.0,33.33333333333333,21.666666666666664,19
YLJR 1,66.66666666666666,0.0,0.0,33.33333333333333,0.0,19.999999999999996,15
