Team,Rubber 1 Win %,Rubber 2 Win %,Rubber 3 Win %,Rubber 4 Win %,Rubber 5 Win %,avg_win_perc,Total Rubbers
Hong Kong Football Club 8A,80.0,80.0,40.0,80.0,60.0,68.0,25
United Services Recreation Club 2,75.0,75.0,75.0,75.0,0.0,60.0,19
Global Squash 1,83.33333333333334,66.66666666666666,50.0,33.33333333333333,33.33333333333333,53.33333333333333,30
Hong Kong Cricket Club 4,0.0,50.0,25.0,75.0,75.0,45.0,20
Physical Chess 2,25.0,75.0,25.0,75.0,0.0,40.0,20
Hong Kong Cricket Club 3,50.0,25.0,25.0,50.0,33.33333333333333,36.666666666666664,19
Sha Tin Squash Rackets Club 2,25.0,100.0,25.0,0.0,25.0,35.0,20
Kowloon Cricket Club 8,33.33333333333333,0.0,33.33333333333333,66.66666666666666,33.33333333333333,33.33333333333333,15
Hong Kong Football Club 8B,20.0,0.0,40.0,20.0,40.0,24.0,25
