Team,Rubber 1 Win %,Rubber 2 Win %,Rubber 3 Win %,Rubber 4 Win %,Rubber 5 Win %,avg_win_perc,Total Rubbers
Hong Kong Football Club 8A,83.33333333333334,66.66666666666666,33.33333333333333,83.33333333333334,50.0,63.33333333333333,30
United Services Recreation Club 2,75.0,75.0,75.0,75.0,0.0,60.0,19
Global Squash 1,85.71428571428571,71.42857142857143,57.14285714285714,42.857142857142854,33.33333333333333,58.09523809523809,34
Hong Kong Cricket Club 3,60.0,20.0,40.0,60.0,50.0,46.0,24
Kowloon Cricket Club 8,50.0,0.0,50.0,75.0,50.0,45.0,20
Hong Kong Cricket Club 4,0.0,50.0,25.0,75.0,75.0,45.0,20
Physical Chess 2,25.0,75.0,25.0,75.0,0.0,40.0,20
Sha Tin Squash Rackets Club 2,25.0,100.0,25.0,0.0,25.0,35.0,20
Hong Kong Football Club 8B,20.0,0.0,40.0,20.0,40.0,24.0,25
