Team,Rubber 1 Win %,Rubber 2 Win %,Rubber 3 Win %,Rubber 4 Win %,Rubber 5 Win %,avg_win_perc,Total Rubbers
Global Squash 1,87.5,75.0,62.5,50.0,42.857142857142854,63.57142857142857,39
Hong Kong Football Club 8A,83.33333333333334,66.66666666666666,33.33333333333333,83.33333333333334,50.0,63.33333333333333,30
Kowloon Cricket Club 8,60.0,20.0,60.0,80.0,60.0,56.0,25
United Services Recreation Club 2,57.14285714285714,71.42857142857143,85.71428571428571,57.14285714285714,0.0,54.28571428571429,34
Hong Kong Cricket Club 3,50.0,33.33333333333333,50.0,50.0,60.0,48.666666666666664,29
Hong Kong Cricket Club 4,0.0,60.0,20.0,80.0,80.0,48.0,25
Sha Tin Squash Rackets Club 2,33.33333333333333,83.33333333333334,33.33333333333333,16.666666666666664,33.33333333333333,40.0,30
Physical Chess 2,16.666666666666664,50.0,33.33333333333333,50.0,0.0,30.0,30
Hong Kong Football Club 8B,20.0,0.0,40.0,20.0,40.0,24.0,25
