Team,Rubber 1 Win %,Rubber 2 Win %,Rubber 3 Win %,Rubber 4 Win %,Rubber 5 Win %,avg_win_perc
Hong Kong Football Club 8A,75.0,75.0,50.0,75.0,75.0,70.0
Global Squash 1,80.0,60.0,60.0,40.0,40.0,56.0
United Services Recreation Club 2,66.66666666666666,66.66666666666666,66.66666666666666,66.66666666666666,0.0,53.33333333333333
Physical Chess 2,0.0,75.0,25.0,75.0,25.0,40.0
Hong Kong Cricket Club 3,50.0,25.0,25.0,50.0,33.33333333333333,36.666666666666664
Sha Tin Squash Rackets Club 2,33.33333333333333,100.0,0.0,0.0,33.33333333333333,33.33333333333333
Kowloon Cricket Club 8,33.33333333333333,0.0,33.33333333333333,66.66666666666666,33.33333333333333,33.33333333333333
Hong Kong Cricket Club 4,0.0,25.0,0.0,50.0,75.0,30.0
Hong Kong Football Club 8B,20.0,0.0,40.0,40.0,40.0,28.0
