Team,Rubber 1 Win %,Rubber 2 Win %,Rubber 3 Win %,avg_win_perc
Hong Kong Football Club L1A,100.0,100.0,100.0,100.0
Jessica,33.33333333333333,33.33333333333333,66.66666666666666,44.444444444444436
Kowloon Cricket Club L1A,50.0,50.0,0.0,33.333333333333336
Kowloon Cricket Club L1B,33.33333333333333,33.33333333333333,33.33333333333333,33.33333333333333
Hong Kong Cricket Club L1,33.33333333333333,0.0,0.0,11.111111111111109
Hong Kong Football Club L1B,0.0,0.0,25.0,8.333333333333334
