Team,Rubber 1 Win %,Rubber 2 Win %,Rubber 3 Win %,avg_win_perc,Total Rubbers
Hong Kong Football Club L1A,100.0,100.0,100.0,100.0,6
Jessica,50.0,33.33333333333333,66.66666666666666,50.0,10
Kowloon Cricket Club L1B,25.0,50.0,50.0,41.666666666666664,12
Kowloon Cricket Club L1A,33.33333333333333,33.33333333333333,50.0,38.888888888888886,8
Hong Kong Cricket Club L1,33.33333333333333,0.0,0.0,11.111111111111109,8
Hong Kong Football Club L1B,0.0,0.0,25.0,8.333333333333334,11
