Team,Rubber 1 Win %,Rubber 2 Win %,Rubber 3 Win %,Rubber 4 Win %,avg_win_perc,Total Rubbers
Hong Kong Football Club L2A,100.0,75.0,75.0,100.0,87.5,15
Kowloon Cricket Club L2,88.88888888888889,77.77777777777779,88.88888888888889,85.71428571428571,85.31746031746032,34
Hong Kong Football Club L2B,75.0,25.0,0.0,33.33333333333333,33.33333333333333,15
Hong Kong Cricket Club L2A,28.57142857142857,42.857142857142854,57.14285714285714,0.0,32.14285714285714,27
Hong Kong Cricket Club L2B,20.0,0.0,40.0,66.66666666666666,31.666666666666664,18
Hong Kong Football Club L2C,42.857142857142854,14.285714285714285,16.666666666666664,25.0,24.70238095238095,24
