Team,Rubber 1 Win %,Rubber 2 Win %,Rubber 3 Win %,Rubber 4 Win %,Rubber 5 Win %,avg_win_perc,Total Rubbers
Hong Kong Football Club M2A,50.0,50.0,100.0,75.0,50.0,65.0,20
Hong Kong Football Club M2C,20.0,40.0,60.0,100.0,100.0,64.0,25
United Services Recreation Club M2,50.0,66.66666666666666,83.33333333333334,50.0,66.66666666666666,63.33333333333333,30
Hong Kong Cricket Club M2,57.14285714285714,28.57142857142857,57.14285714285714,71.42857142857143,57.14285714285714,54.28571428571429,35
Hong Kong Football Club M2B,66.66666666666666,66.66666666666666,33.33333333333333,16.666666666666664,50.0,46.66666666666666,30
Royal Hong Kong Yacht Club M2,87.5,12.5,25.0,50.0,37.5,42.5,40
Old Squash Fellows,85.71428571428571,71.42857142857143,14.285714285714285,14.285714285714285,0.0,37.14285714285714,35
Ladies Recreation Club M2,14.285714285714285,42.857142857142854,42.857142857142854,42.857142857142854,28.57142857142857,34.28571428571429,35
Titlows Squash Team,14.285714285714285,0.0,0.0,0.0,16.666666666666664,6.19047619047619,34
