Team,Rubber 1 Win %,Rubber 2 Win %,Rubber 3 Win %,Rubber 4 Win %,Rubber 5 Win %,avg_win_perc,Total Rubbers
Phoenix,71.42857142857143,100.0,85.71428571428571,83.33333333333334,66.66666666666666,81.42857142857142,33
Kowloon Cricket Club M3,75.0,87.5,87.5,37.5,71.42857142857143,71.78571428571429,39
Hong Kong Football Club M3A,50.0,16.666666666666664,83.33333333333334,83.33333333333334,66.66666666666666,60.0,30
Hong Kong Cricket Club M3,62.5,37.5,37.5,62.5,75.0,55.0,40
United Services Recreation Club M3,25.0,37.5,50.0,75.0,50.0,47.5,40
Royal Hong Kong Yacht Club M3,28.57142857142857,57.14285714285714,42.857142857142854,28.57142857142857,71.42857142857143,45.71428571428571,35
Hong Kong Club Blue,50.0,16.666666666666664,33.33333333333333,33.33333333333333,16.666666666666664,29.999999999999993,30
Bolton,0.0,28.57142857142857,14.285714285714285,57.14285714285714,28.57142857142857,25.71428571428571,35
Hong Kong Football Club M3B,28.57142857142857,28.57142857142857,0.0,42.857142857142854,14.285714285714285,22.857142857142854,35
