Team,Rubber 1 Win %,Rubber 2 Win %,Rubber 3 Win %,Rubber 4 Win %,Rubber 5 Win %,avg_win_perc,Total Rubbers
Phoenix,100.0,100.0,100.0,100.0,100.0,100.0,15
Hong Kong Cricket Club M3,80.0,60.0,60.0,80.0,80.0,72.0,25
Kowloon Cricket Club M3,71.42857142857143,85.71428571428571,85.71428571428571,28.57142857142857,66.66666666666666,67.61904761904762,34
Hong Kong Football Club M3A,40.0,20.0,80.0,80.0,60.0,56.0,25
Royal Hong Kong Yacht Club M3,20.0,60.0,60.0,20.0,80.0,48.0,25
Hong Kong Club Blue,66.66666666666666,0.0,33.33333333333333,66.66666666666666,33.33333333333333,39.999999999999986,15
United Services Recreation Club M3,16.666666666666664,16.666666666666664,33.33333333333333,66.66666666666666,33.33333333333333,33.33333333333333,30
Bolton,0.0,28.57142857142857,14.285714285714285,57.14285714285714,28.57142857142857,25.71428571428571,35
Hong Kong Football Club M3B,16.666666666666664,33.33333333333333,0.0,50.0,16.666666666666664,23.333333333333332,30
