Team Name,Home,Average Home Score,Average Away Score,home_away_diff
Young Player 2,HK Squash Centre,2.0,0.8571428571428571,1.1428571428571428
Kowloon Cricket Club 2,Kowloon Cricket Club,4.666666666666667,3.8333333333333335,0.8333333333333335
Hong Kong Football Club 2A,Hong Kong Football Club,3.2,2.5,0.7000000000000002
Hong Kong Football Club 2B,Hong Kong Football Club,2.6666666666666665,2.3333333333333335,0.33333333333333304
Hong Kong Cricket Club D2,Hong Kong Cricket Club,1.6,1.5714285714285714,0.028571428571428692
