Team,Rubber 1 Win %,Rubber 2 Win %,Rubber 3 Win %,Rubber 4 Win %,Rubber 5 Win %,avg_win_perc
Squash Busters,3.5714285714285694,37.5,-5.357142857142861,66.66666666666667,41.66666666666667,28.80952380952381
Hong Kong Cricket Club D15,-7.9365079365079225,23.809523809523803,17.460317460317455,5.555555555555543,40.0,15.777777777777771
North District Sports Association 3,12.5,-12.5,-12.5,50.0,25.0,12.5
HKIS Div 15,0.0,0.0,0.0,33.33333333333333,20.0,10.666666666666666
United Services Recreation Club 4,-25.0,-5.555555555555557,12.5,0.0,33.33333333333333,3.055555555555557
Squashathon X,-52.38095238095237,23.80952380952381,11.42857142857143,0.0,16.666666666666657,-0.0952380952380949
Royal Hong Kong Yacht Club Div 15,-12.5,0.0,-35.714285714285715,20.83333333333333,21.42857142857143,-1.1904761904761898
Sha Tin 6,-22.222222222222214,0.0,-18.055555555555557,28.571428571428577,-23.333333333333336,-7.007936507936506
