Team,Rubber 1 Win %,Rubber 2 Win %,Rubber 3 Win %,Rubber 4 Win %,Rubber 5 Win %,avg_win_perc,Total Rubbers
Ladies Recreation Club Div 14,83.33333333333334,88.23529411764706,75.0,28.57142857142857,50.0,65.02801120448179,77
North District Sports Association 3,57.89473684210527,68.42105263157895,50.0,58.82352941176471,53.84615384615385,57.79709454632056,86
Kowloon Cricket Club 14,66.66666666666666,64.70588235294117,43.75,69.23076923076923,33.33333333333333,55.53733031674208,76
Hong Kong Football Club 14B,80.95238095238095,47.61904761904761,56.25,81.81818181818183,0.0,53.327922077922075,71
Hong Kong Football Club 14A,36.84210526315789,55.55555555555556,47.05882352941176,46.15384615384615,54.54545454545454,48.03115700948518,78
8 Virtues + 1,35.294117647058826,18.75,38.46153846153847,61.53846153846154,75.0,45.80882352941177,67
Electrify Squash Div 14,14.285714285714285,19.047619047619047,61.111111111111114,23.076923076923077,50.0,33.504273504273506,83
X-Alpha 6,23.52941176470588,40.0,10.0,16.666666666666664,50.0,28.03921568627451,50
