Team,Rubber 1 Win %,Rubber 2 Win %,Rubber 3 Win %,Rubber 4 Win %,Rubber 5 Win %,avg_win_perc,Total Rubbers
The Squash Club 3,81.81818181818183,81.81818181818183,100.0,100.0,85.71428571428571,89.87012987012987,49
Craigengower Cricket Club,81.81818181818183,81.81818181818183,63.63636363636363,40.0,66.66666666666666,66.78787878787878,52
North District Sports Association 1,63.63636363636363,45.45454545454545,63.63636363636363,60.0,80.0,62.54545454545455,53
Arctic Circle,70.0,20.0,70.0,80.0,28.57142857142857,53.71428571428571,47
MM Squash,50.0,80.0,50.0,50.0,20.0,50.0,43
X-Alpha 5,45.45454545454545,36.36363636363637,40.0,37.5,57.14285714285714,43.29220779220779,47
Star River 2,27.27272727272727,45.45454545454545,36.36363636363637,18.181818181818183,50.0,35.45454545454545,54
Squashathon SocGen,18.181818181818183,27.27272727272727,9.090909090909092,54.54545454545454,44.44444444444444,30.707070707070706,53
Greenfield,10.0,30.0,20.0,10.0,10.0,16.0,50
