Team,Rubber 1 Win %,Rubber 2 Win %,Rubber 3 Win %,Rubber 4 Win %,Rubber 5 Win %,avg_win_perc,Total Rubbers
Hong Kong Cricket Club D15,75.0,66.66666666666666,75.0,91.66666666666666,83.33333333333334,78.33333333333333,60
United Services Recreation Club 4,91.66666666666666,50.0,63.63636363636363,60.0,50.0,63.06060606060605,53
Squashathon X,58.333333333333336,66.66666666666666,63.63636363636363,66.66666666666666,42.857142857142854,59.63203463203463,51
Squash Busters,36.36363636363637,81.81818181818183,54.54545454545454,62.5,50.0,57.04545454545455,49
Sha Tin 6,58.333333333333336,58.333333333333336,36.36363636363637,50.0,37.5,48.10606060606061,53
Royal Hong Kong Yacht Club Div 15,58.333333333333336,50.0,36.36363636363637,33.33333333333333,37.5,43.10606060606061,52
North District Sports Association 3,16.666666666666664,18.181818181818183,58.333333333333336,25.0,70.0,37.63636363636364,57
HKIS Div 15,0.0,0.0,9.090909090909092,10.0,11.11111111111111,6.040404040404041,51
