Team,Rubber 1 Win %,Rubber 2 Win %,Rubber 3 Win %,Rubber 4 Win %,Rubber 5 Win %,avg_win_perc,Total Rubbers
Kowloon Cricket Club 5,88.88888888888889,88.88888888888889,77.77777777777779,85.71428571428571,83.33333333333334,84.92063492063491,40
ERROR,90.9090909090909,72.72727272727273,81.81818181818183,60.0,66.66666666666666,74.42424242424242,52
Physical Chess 1,70.0,60.0,80.0,50.0,37.5,59.5,46
Hong Kong Football Club 5,20.0,60.0,50.0,85.71428571428571,60.0,55.142857142857146,40
Squashathon,45.45454545454545,36.36363636363637,36.36363636363637,54.54545454545454,50.0,44.54545454545455,54
United Services Recreation Club 2,60.0,44.44444444444444,55.55555555555556,33.33333333333333,25.0,43.666666666666664,45
Sha Tin 2,36.36363636363637,36.36363636363637,30.0,33.33333333333333,50.0,37.21212121212121,49
Happy Squash 2,40.0,20.0,10.0,14.285714285714285,50.0,26.857142857142854,41
NEXUS 2,0.0,33.33333333333333,25.0,25.0,0.0,16.666666666666664,33
