Team,Rubber 1 Win %,Rubber 2 Win %,Rubber 3 Win %,Rubber 4 Win %,avg_win_perc,Total Rubbers
JESSICA L3,25.0,87.5,62.5,87.5,65.625,32
Hong Kong Cricket Club L3,55.55555555555556,44.44444444444444,55.55555555555556,75.0,57.638888888888886,35
Hong Kong Football Club L3B,70.0,55.55555555555556,44.44444444444444,50.0,55.0,34
Hong Kong Football Club L3A,77.77777777777779,50.0,37.5,16.666666666666664,45.48611111111111,31
Hong Kong Football Club L3C,20.0,20.0,50.0,12.5,25.625,38
