Team Name,Home,Average Home Score,Average Away Score,home_away_diff
Happy Squash 3,Wai Tsuen Sports Centre,3.3333333333333335,2.25,1.0833333333333335
Fusion Squash Club 2,HK Squash Centre,1.0,0.3333333333333333,0.6666666666666667
X-Alpha 4,Cornwall Street Squash Centre,4.0,3.75,0.25
Smart Squash 1,Cornwall Street Squash Centre,4.166666666666667,4.2,-0.033333333333333215
Vitality Squash 1,HK Squash Centre,1.1666666666666667,1.2857142857142858,-0.11904761904761907
TNG 1,Cornwall Street Squash Centre,2.8,3.3333333333333335,-0.5333333333333337
