Team,Rubber 1 Win %,Rubber 2 Win %,Rubber 3 Win %,Rubber 4 Win %,Rubber 5 Win %,avg_win_perc,Total Rubbers
Physical Chess 5,66.66666666666666,16.666666666666664,66.66666666666666,40.0,100.0,58.0,27
Royal Hong Kong Yacht Club Div 15,55.55555555555556,100.0,55.55555555555556,25.0,25.0,52.222222222222214,43
HKIS Div 15,77.77777777777779,77.77777777777779,55.55555555555556,33.33333333333333,12.5,51.38888888888889,44
United Services Recreation Club 4,66.66666666666666,55.55555555555556,33.33333333333333,50.0,28.57142857142857,46.82539682539682,42
Hong Kong Cricket Club 8,44.44444444444444,22.22222222222222,55.55555555555556,55.55555555555556,42.857142857142854,44.12698412698413,43
Squashathon One,57.14285714285714,33.33333333333333,40.0,33.33333333333333,40.0,40.76190476190476,29
Sha Tin 7,50.0,50.0,16.666666666666664,0.0,33.33333333333333,30.0,25
