Team,Played,Won,Lost,Points,Playoffs,1,2,3,4,5,6,7,8
Ladies Recreation Club Div 14,21,18.004400880176036,2.995599119823965,94.67713542708542,100.0,99.77995599119825,0.20004000800160032,0.020004000800160033,0.0,0.0,0.0,0.0,0.0
Kowloon Cricket Club 14,21,14.896379275855171,6.103620724144829,79.19263852770554,100.0,0.20004000800160032,75.1750350070014,24.56491298259652,0.060012002400480095,0.0,0.0,0.0,0.0
North District Sports Association 3,21,13.797759551910382,7.2022404480896185,76.06581316263252,100.0,0.020004000800160033,24.624924984996998,74.99499899979996,0.36007201440288056,0.0,0.0,0.0,0.0
Hong Kong Football Club 14B,21,9.880776155231047,11.119223844768953,61.221844368873775,75.81516303260652,0.0,0.0,0.40008001600320064,75.41508301660332,20.324064812962593,3.840768153630726,0.020004000800160033,0.0
Hong Kong Football Club 14A,21,9.975795159031806,11.024204840968194,56.94258851770354,20.184036807361473,0.0,0.0,0.020004000800160033,20.164032806561313,61.132226445289064,17.06341268253651,1.6203240648129626,0.0
Electrify Squash Div 14,21,7.1500300060012005,13.8499699939988,53.070614122824566,3.960792158431686,0.0,0.0,0.0,3.960792158431686,16.96339267853571,68.85377075415083,10.222044408881777,0.0
8 Virtues + 1,21,8.719743948789759,12.280256051210241,46.01400280056011,0.040008001600320066,0.0,0.0,0.0,0.040008001600320066,1.5803160632126425,10.242048409681937,88.1376275255051,0.0
X-Alpha 6,21,1.575115023004601,19.4248849769954,10.815363072614524,0.0,0.0,0.0,0.0,0.0,0.0,0.0,0.0,100.0
