Team,Played,Won,Lost,Points,Playoffs,1,2,3,4,5,6,7,8
X-Alpha 1,21,19.973994798959794,1.026005201040208,107.15903180636127,100.0,100.0,0.0,0.0,0.0,0.0,0.0,0.0,0.0
Kowloon Cricket Club 4,21,15.212042408481697,5.787957591518303,82.01680336067213,100.0,0.0,90.77815563112622,7.901580316063213,1.3202640528105622,0.0,0.0,0.0,0.0
Hong Kong Football Club 4A,21,12.923384676935388,8.076615323064612,74.8495699139828,99.39987997599519,0.0,7.5215043008601725,67.0134026805361,24.86497299459892,0.6001200240048009,0.0,0.0,0.0
Hong Kong Football Club 4B,21,12.613122624524905,8.386877375475095,71.7239447889578,96.77935587117423,0.0,1.7003400680136025,24.76495299059812,70.31406281256251,3.220644128825765,0.0,0.0,0.0
United Services Recreation Club 1,21,8.78135627125425,12.21864372874575,62.18583716743349,3.820764152830566,0.0,0.0,0.3200640128025605,3.5007001400280053,95.77915583116624,0.40008001600320064,0.0,0.0
NEXUS 2,21,7.047009401880376,13.952990598119623,47.31606321264253,0.0,0.0,0.0,0.0,0.0,0.40008001600320064,76.7753550710142,22.8245649129826,0.0
Hong Kong Cricket Club 3,21,6.223844768953791,14.776155231046209,44.07861572314463,0.0,0.0,0.0,0.0,0.0,0.0,22.8245649129826,77.1754350870174,0.0
Sha Tin 2,21,1.225245049009802,19.7747549509902,14.67013402680536,0.0,0.0,0.0,0.0,0.0,0.0,0.0,0.0,100.0
