Team,Played,Won,Lost,Points,Playoffs,1,2,3,4,5
Hong Kong Football Club L1,8,4.646646646646646,3.3533533533533535,17.505505505505504,89.0890890890891,33.233233233233236,22.722722722722725,20.02002002002002,13.113113113113112,10.91091091091091
JESSICA L1,8,4.568568568568569,3.4314314314314314,17.19119119119119,89.48948948948949,29.429429429429426,24.224224224224226,18.11811811811812,17.71771771771772,10.51051051051051
Kowloon Cricket Club L1A,8,3.957957957957958,4.042042042042042,15.87087087087087,83.18318318318319,17.917917917917915,22.722722722722725,20.82082082082082,21.72172172172172,16.816816816816818
Hong Kong Cricket Club L1,8,3.4204204204204203,4.57957957957958,14.76876876876877,68.76876876876877,9.30930930930931,15.315315315315313,19.91991991991992,24.224224224224226,31.23123123123123
Kowloon Cricket Club L1B,8,3.4064064064064064,4.593593593593594,14.663663663663664,69.46946946946947,10.11011011011011,15.015015015015015,21.12112112112112,23.223223223223226,30.53053053053053
