Team,Rubber 1 Win %,Rubber 2 Win %,Rubber 3 Win %,Rubber 4 Win %,Rubber 5 Win %,avg_win_perc,Total Rubbers
Ladies Recreation Club Div 14,66.66666666666666,83.33333333333334,83.33333333333334,60.0,60.0,70.66666666666667,28
Kowloon Cricket Club 14,83.33333333333334,66.66666666666666,40.0,100.0,50.0,68.0,25
North District Sports Association 3,83.33333333333334,83.33333333333334,80.0,40.0,50.0,67.33333333333334,26
Hong Kong Football Club 14A,50.0,60.0,40.0,60.0,50.0,52.0,25
Electrify Squash Div 14,28.57142857142857,28.57142857142857,71.42857142857143,20.0,75.0,44.71428571428571,30
8 Virtues + 1,16.666666666666664,20.0,25.0,50.0,75.0,37.33333333333333,23
Hong Kong Football Club 14B,80.0,20.0,50.0,0.0,0.0,30.0,17
X-Alpha 6,14.285714285714285,50.0,0.0,25.0,50.0,27.857142857142854,23
