Team,Rubber 1 Win %,Rubber 2 Win %,Rubber 3 Win %,Rubber 4 Win %,Rubber 5 Win %,avg_win_perc
NEXUS 2,3.333333333333343,30.0,33.33333333333333,33.33333333333333,0.0,20.0
Hong Kong Cricket Club 3,0.0,37.5,-12.5,0.0,35.714285714285715,12.142857142857146
X-Alpha 1,0.0,0.0,-7.142857142857139,14.285714285714292,42.85714285714286,10.0
Kowloon Cricket Club 4,-12.698412698412703,1.5873015873015817,19.04761904761905,4.761904761904773,19.04761904761905,6.349206349206369
Hong Kong Football Club 4B,2.857142857142854,51.42857142857143,-57.142857142857146,25.714285714285708,6.666666666666657,5.904761904761905
Hong Kong Football Club 4A,-17.5,5.0,30.0,-2.5,13.333333333333343,5.666666666666671
United Services Recreation Club 1,0.0,0.0,-37.5,21.42857142857143,8.333333333333336,-1.547619047619044
Sha Tin 2,0.0,0.0,-33.33333333333333,-19.047619047619044,0.0,-10.476190476190476
