Team,Rubber 1 Win %,Rubber 2 Win %,Rubber 3 Win %,avg_win_perc,Total Rubbers
JESSICA L4,100.0,50.0,100.0,83.33333333333333,6
Hong Kong Cricket Club L4,83.33333333333334,100.0,33.33333333333333,72.22222222222223,18
Hong Kong Football Club JSA,50.0,50.0,100.0,66.66666666666667,6
Hong Kong Football Club L4,66.66666666666666,66.66666666666666,50.0,61.11111111111111,8
JESSICA Smashin' Mochi,50.0,50.0,50.0,50.0,6
Electrify Squash Ladies,33.33333333333333,33.33333333333333,50.0,38.888888888888886,8
i-Mask Advance Squash Club L4,0.0,50.0,50.0,33.333333333333336,6
