Team,Rubber 1 Win %,Rubber 2 Win %,Rubber 3 Win %,Rubber 4 Win %,avg_win_perc,Total Rubbers
Hong Kong Football Club L3B,100.0,66.66666666666666,33.33333333333333,100.0,75.0,11
JESSICA L3,33.33333333333333,100.0,33.33333333333333,100.0,66.66666666666666,12
Hong Kong Cricket Club L3,50.0,50.0,75.0,66.66666666666666,60.416666666666664,15
Hong Kong Football Club L3A,75.0,25.0,25.0,25.0,37.5,16
Hong Kong Football Club L3C,0.0,25.0,75.0,0.0,25.0,16
