Team,Rubber 1 Win %,Rubber 2 Win %,Rubber 3 Win %,Rubber 4 Win %,Rubber 5 Win %,avg_win_perc,Total Rubbers
Hong Kong Football Club M2A,66.66666666666666,66.66666666666666,100.0,66.66666666666666,100.0,80.0,15
Hong Kong Cricket Club M2,100.0,50.0,50.0,75.0,25.0,60.0,20
Hong Kong Football Club M2B,50.0,50.0,50.0,50.0,75.0,55.0,20
Ladies Recreation Club M2,0.0,100.0,66.66666666666666,33.33333333333333,33.33333333333333,46.666666666666664,15
United Services Recreation Club M2,25.0,0.0,0.0,25.0,25.0,15.0,20
