Team,Rubber 1 Win %,Rubber 2 Win %,Rubber 3 Win %,Rubber 4 Win %,Rubber 5 Win %,avg_win_perc,Total Rubbers
X-Alpha 3,100.0,100.0,100.0,33.33333333333333,50.0,76.66666666666666,18
UST,80.0,80.0,40.0,40.0,60.0,60.0,25
Hong Kong Football Club 7A,44.44444444444444,62.5,66.66666666666666,33.33333333333333,77.77777777777779,56.944444444444436,44
Vitality Squash 1,28.57142857142857,57.14285714285714,50.0,25.0,100.0,52.142857142857146,27
Hong Kong Cricket Club 5,28.57142857142857,57.14285714285714,71.42857142857143,50.0,50.0,51.42857142857142,33
The Best Group 1,50.0,75.0,25.0,25.0,66.66666666666666,48.33333333333333,19
Kinetic 1,83.33333333333334,16.666666666666664,16.666666666666664,16.666666666666664,83.33333333333334,43.33333333333333,30
