Team,Rubber 1 Win %,Rubber 2 Win %,Rubber 3 Win %,Rubber 4 Win %,Rubber 5 Win %,avg_win_perc,Total Rubbers
Hong Kong Football Club 7B,50.0,62.5,75.0,87.5,75.0,70.0,40
Hong Kong Cricket Club 6,57.14285714285714,57.14285714285714,85.71428571428571,14.285714285714285,100.0,62.857142857142854,34
Kowloon Cricket Club 7,77.77777777777779,100.0,33.33333333333333,55.55555555555556,33.33333333333333,59.999999999999986,45
The Squash Club 2,75.0,50.0,50.0,0.0,50.0,45.0,20
Physical Chess 2,0.0,75.0,75.0,50.0,0.0,40.0,19
Xavier,50.0,75.0,50.0,25.0,0.0,40.0,20
Twister 2,0.0,0.0,0.0,40.0,20.0,12.0,25
