Team,Rubber 1 Win %,Rubber 2 Win %,Rubber 3 Win %,Rubber 4 Win %,Rubber 5 Win %,avg_win_perc,Total Rubbers
X-Alpha 1,63.1578947368421,72.22222222222221,76.47058823529412,86.66666666666667,75.0,74.70347437220502,77
Kowloon Cricket Club 3B,47.61904761904761,52.38095238095239,63.1578947368421,66.66666666666666,64.28571428571429,58.82205513784461,93
Happy Squash 1,82.35294117647058,94.11764705882352,29.411764705882355,29.411764705882355,25.0,52.058823529411754,80
Hong Kong Football Club 3A,33.33333333333333,38.095238095238095,73.68421052631578,50.0,61.53846153846154,51.33024869866974,92
NEXUS 1,52.63157894736842,63.1578947368421,43.75,42.857142857142854,25.0,45.47932330827068,76
Hong Kong Football Club 3B,57.89473684210527,33.33333333333333,50.0,45.45454545454545,40.0,45.33652312599681,67
Kowloon Cricket Club 3A,50.0,18.75,43.75,40.0,35.714285714285715,37.642857142857146,77
United Services Recreation Club 1,20.0,30.0,16.666666666666664,37.5,64.28571428571429,33.69047619047619,88
