Team,Rubber 1 Win %,Rubber 2 Win %,Rubber 3 Win %,Rubber 4 Win %,Rubber 5 Win %,avg_win_perc,Total Rubbers
i-Mask Advance Squash Club 2,55.55555555555556,94.44444444444444,72.22222222222221,88.88888888888889,56.25,73.47222222222221,88
Sha Tin 3,94.44444444444444,61.111111111111114,83.33333333333334,52.94117647058824,50.0,68.36601307189542,87
Squashathon Zero,50.0,61.111111111111114,61.111111111111114,66.66666666666666,73.33333333333333,62.44444444444444,87
Physical Chess 3,55.55555555555556,66.66666666666666,35.294117647058826,50.0,80.0,57.50326797385621,84
TOMCAT,58.82352941176471,35.294117647058826,43.75,13.333333333333334,25.0,35.240196078431374,77
Kinetic 2,18.75,18.75,43.75,53.333333333333336,27.27272727272727,32.371212121212125,74
LONGVIEW,11.76470588235294,5.88235294117647,0.0,13.333333333333334,18.181818181818183,9.832442067736185,75
