Team,Rubber 1 Win %,Rubber 2 Win %,Rubber 3 Win %,Rubber 4 Win %,Rubber 5 Win %,avg_win_perc,Total Rubbers
Squashathon Junior,94.73684210526315,88.88888888888889,64.70588235294117,52.94117647058824,50.0,70.25455796353629,85
Happy Squash 5,21.052631578947366,82.35294117647058,81.25,57.14285714285714,78.57142857142857,64.07397169394073,80
Dream Catchers,47.368421052631575,52.63157894736842,72.22222222222221,82.35294117647058,53.333333333333336,61.58169934640523,88
TKO Junior 2,35.294117647058826,58.82352941176471,50.0,68.75,53.333333333333336,53.24019607843137,81
Vitality Squash 3,33.33333333333333,17.647058823529413,40.0,61.53846153846154,77.77777777777779,46.05932629462042,72
RC,76.47058823529412,42.857142857142854,53.84615384615385,9.090909090909092,0.0,36.45295880589998,60
Electrify Squash Div 15,36.84210526315789,26.31578947368421,31.57894736842105,42.10526315789473,38.46153846153847,35.060728744939276,89
NEXUS 4,56.25,26.666666666666668,0.0,7.6923076923076925,11.11111111111111,20.344017094017097,67
