Team,Rubber 1 Win %,Rubber 2 Win %,Rubber 3 Win %,Rubber 4 Win %,Rubber 5 Win %,avg_win_perc,Total Rubbers
Kowloon Cricket Club 2,93.75,87.5,93.75,68.75,71.42857142857143,83.03571428571429,78
Hong Kong Football Club 2A,60.0,73.33333333333333,73.33333333333333,13.333333333333334,61.53846153846154,56.3076923076923,73
Hong Kong Football Club 2B,20.0,33.33333333333333,26.666666666666668,66.66666666666666,60.0,41.33333333333333,75
Hong Kong Cricket Club D2,60.0,40.0,46.666666666666664,40.0,6.666666666666667,38.666666666666664,75
Young Player 2,13.333333333333334,13.333333333333334,6.666666666666667,60.0,54.54545454545454,29.575757575757574,71
