Team,Rubber 1 Win %,Rubber 2 Win %,Rubber 3 Win %,Rubber 4 Win %,Rubber 5 Win %,avg_win_perc,Total Rubbers
i-Mask Advance Squash Club 2,62.5,93.75,75.0,87.5,57.14285714285714,75.17857142857142,78
Sha Tin 3,94.11764705882352,64.70588235294117,88.23529411764706,56.25,53.333333333333336,71.32843137254902,82
Squashathon Zero,50.0,56.25,62.5,62.5,73.33333333333333,60.916666666666664,79
Physical Chess 3,50.0,68.75,31.25,53.333333333333336,78.57142857142857,56.38095238095239,77
TOMCAT,58.82352941176471,35.294117647058826,43.75,13.333333333333334,25.0,35.240196078431374,77
Kinetic 2,14.285714285714285,14.285714285714285,35.714285714285715,53.84615384615385,27.27272727272727,29.08091908091908,66
LONGVIEW,7.142857142857142,7.142857142857142,0.0,15.384615384615385,18.181818181818183,9.570429570429571,65
