Team,Rubber 1 Win %,Rubber 2 Win %,Rubber 3 Win %,Rubber 4 Win %,Rubber 5 Win %,avg_win_perc,Total Rubbers
Smart Squash 1,72.22222222222221,55.55555555555556,58.82352941176471,100.0,66.66666666666666,70.65359477124181,74
X-Alpha 4,62.5,100.0,57.14285714285714,45.45454545454545,42.857142857142854,61.590909090909086,64
TNG 1,68.75,42.857142857142854,41.66666666666667,30.0,33.33333333333333,43.32142857142857,55
Happy Squash 3,5.88235294117647,20.0,71.42857142857143,22.22222222222222,80.0,39.906629318394025,60
Fusion Squash Club 2,44.44444444444444,50.0,57.14285714285714,20.0,0.0,34.317460317460316,31
Vitality Squash 1,44.44444444444444,26.666666666666668,0.0,60.0,25.0,31.22222222222222,52
