Team,Rubber 1 Win %,Rubber 2 Win %,Rubber 3 Win %,Rubber 4 Win %,Rubber 5 Win %,avg_win_perc,Total Rubbers
Hong Kong Football Club 3A,71.42857142857143,85.71428571428571,71.42857142857143,85.71428571428571,33.33333333333333,69.52380952380952,34
Kowloon Cricket Club 3A,57.14285714285714,57.14285714285714,85.71428571428571,57.14285714285714,80.0,67.42857142857142,33
Kowloon Cricket Club 3B,42.857142857142854,42.857142857142854,71.42857142857143,71.42857142857143,71.42857142857143,60.0,35
Young Player 3,50.0,75.0,37.5,87.5,50.0,60.0,38
Happy Squash 1,80.0,80.0,40.0,20.0,33.33333333333333,50.666666666666664,23
TNGX,60.0,0.0,60.0,25.0,0.0,29.0,23
NEXUS 1,100.0,0.0,20.0,20.0,0.0,28.0,24
Sha Tin 1,40.0,25.0,25.0,25.0,25.0,28.0,21
Hong Kong Football Club 3B,12.5,25.0,37.5,28.57142857142857,33.33333333333333,27.38095238095238,37
