Team,Rubber 1 Win %,Rubber 2 Win %,Rubber 3 Win %,Rubber 4 Win %,Rubber 5 Win %,avg_win_perc,Total Rubbers
The Squash Club 3,100.0,66.66666666666666,100.0,100.0,100.0,93.33333333333333,13
Craigengower Cricket Club,100.0,100.0,100.0,66.66666666666666,33.33333333333333,79.99999999999999,15
MM Squash,50.0,100.0,100.0,100.0,0.0,70.0,10
North District Sports Association 1,50.0,100.0,100.0,0.0,50.0,60.0,10
X-Alpha 5,33.33333333333333,33.33333333333333,33.33333333333333,66.66666666666666,66.66666666666666,46.66666666666666,15
Squashathon SocGen,0.0,50.0,0.0,50.0,50.0,30.0,10
Greenfield,0.0,0.0,0.0,0.0,0.0,0.0,5
Arctic Circle,0.0,0.0,0.0,0.0,0.0,0.0,5
