Team,Rubber 1 Win %,Rubber 2 Win %,Rubber 3 Win %,Rubber 4 Win %,Rubber 5 Win %,avg_win_perc,Total Rubbers
Friend Club,40.0,80.0,80.0,60.0,100.0,72.0,23
Kowloon Cricket Club 9,75.0,87.5,50.0,75.0,37.5,65.0,40
i-Mask Advance Squash Club 3,100.0,33.33333333333333,33.33333333333333,66.66666666666666,66.66666666666666,59.999999999999986,15
Kwai Tsing District Squash Club,33.33333333333333,66.66666666666666,66.66666666666666,66.66666666666666,66.66666666666666,59.999999999999986,15
Hong Kong Football Club 9,50.0,62.5,50.0,50.0,75.0,57.5,40
Centre Squash,66.66666666666666,44.44444444444444,55.55555555555556,44.44444444444444,22.22222222222222,46.666666666666664,45
HKPF Squash Team,100.0,25.0,0.0,33.33333333333333,66.66666666666666,44.99999999999999,18
The Best Group 2,0.0,0.0,0.0,100.0,50.0,30.0,10
