Team,Rubber 1 Win %,Rubber 2 Win %,Rubber 3 Win %,avg_win_perc,Total Rubbers
JESSICA L4,75.0,50.0,100.0,75.0,12
Hong Kong Cricket Club L4,85.71428571428571,100.0,28.57142857142857,71.42857142857143,21
JESSICA Smashin' Mochi,66.66666666666666,66.66666666666666,66.66666666666666,66.66666666666666,9
Hong Kong Football Club JSA,66.66666666666666,50.0,80.0,65.55555555555556,17
Hong Kong Football Club L4,50.0,33.33333333333333,40.0,41.11111111111111,17
i-Mask Advance Squash Club L4,20.0,60.0,33.33333333333333,37.77777777777778,13
Electrify Squash Ladies,20.0,20.0,25.0,21.666666666666668,14
