Team,Rubber 1 Win %,Rubber 2 Win %,Rubber 3 Win %,Rubber 4 Win %,Rubber 5 Win %,avg_win_perc
Young Player 2,0.0,50.0,0.0,66.66666666666667,100.0,43.333333333333336
Kowloon Cricket Club 2,-50.0,0.0,33.33333333333334,33.33333333333334,66.66666666666667,16.666666666666686
Hong Kong Football Club 2A,0.0,-50.0,0.0,50.0,50.0,10.0
Hong Kong Cricket Club D2,-50.0,0.0,-33.33333333333333,50.0,0.0,-6.666666666666664
