Team,Rubber 1 Win %,Rubber 2 Win %,Rubber 3 Win %,Rubber 4 Win %,Rubber 5 Win %,avg_win_perc
NEXUS 2,0.0,0.0,100.0,0.0,0.0,20.0
Hong Kong Football Club 5,33.33333333333333,0.0,66.66666666666667,33.33333333333334,-50.0,16.66666666666667
Kowloon Cricket Club 5,33.33333333333334,0.0,-16.666666666666657,-50.0,50.0,3.333333333333343
United Services Recreation Club 2,-25.0,-66.66666666666666,16.66666666666667,0.0,16.66666666666667,-11.666666666666664
Happy Squash 2,-100.0,-66.66666666666666,0.0,-33.33333333333333,-100.0,-60.0
