Team Name,Home,Average Home Score,Average Away Score,home_away_diff
Hong Kong Football Club 10A,Hong Kong Football Club,4.166666666666667,3.0,1.166666666666667
Hong Kong Football Club 10B,Hong Kong Football Club,2.8,2.142857142857143,0.657142857142857
Kowloon Cricket Club 10,Kowloon Cricket Club,3.6666666666666665,3.1666666666666665,0.5
Social Squash Team,HK Squash Centre,2.6666666666666665,2.2,0.46666666666666634
The Best Group,Cornwall Street Squash Centre,1.6666666666666667,1.3333333333333333,0.3333333333333335
Twister 2,Cornwall Street Squash Centre,1.8333333333333333,1.6,0.23333333333333317
The Hong Kong Jockey Club Div 10,HKJC Sha Tin Club House,1.4,1.5,-0.10000000000000009
FC 3,Cornwall Street Squash Centre,3.6666666666666665,4.4,-0.7333333333333338
HKU,Cornwall Street Squash Centre,1.5,2.3333333333333335,-0.8333333333333335
