Team Name,Home,Average Home Score,Average Away Score,home_away_diff
Hong Kong Football Club 10A,Hong Kong Football Club,4.166666666666667,3.2857142857142856,0.8809523809523814
Kowloon Cricket Club 10,Kowloon Cricket Club,3.6666666666666665,3.0,0.6666666666666665
Hong Kong Football Club 10B,Hong Kong Football Club,2.5,2.142857142857143,0.3571428571428572
Social Squash Team,HK Squash Centre,2.857142857142857,2.6666666666666665,0.1904761904761907
The Best Group,Cornwall Street Squash Centre,1.4285714285714286,1.5714285714285714,-0.1428571428571428
The Hong Kong Jockey Club Div 10,HKJC Sha Tin Club House,1.2857142857142858,1.5,-0.2142857142857142
Twister 2,Cornwall Street Squash Centre,1.8571428571428572,2.1666666666666665,-0.3095238095238093
FC 3,Cornwall Street Squash Centre,3.5714285714285716,4.333333333333333,-0.7619047619047614
HKU,Cornwall Street Squash Centre,1.2857142857142858,2.142857142857143,-0.857142857142857
