Team Name,Home,Average Home Score,Average Away Score,home_away_diff
MERCURY,HK Squash Centre,2.6666666666666665,1.1428571428571428,1.5238095238095237
Ladies Recreation Club Div 12,Ladies Recreation Club,1.5714285714285714,0.6666666666666666,0.9047619047619048
Studio Pro,Java Road Sports Centre,2.3333333333333335,1.5714285714285714,0.7619047619047621
Kinetic 1,Yuen Long Jockey Club Squash Courts,2.4285714285714284,1.6666666666666667,0.7619047619047616
Hong Kong Cricket Club 6,Hong Kong Cricket Club,3.7142857142857144,3.0,0.7142857142857144
Sha Tin Squash Rackets Club 3,Cornwall Street Squash Centre,3.0,2.6666666666666665,0.3333333333333335
Squashathon Zero,Cornwall Street Squash Centre,3.5,3.2857142857142856,0.2142857142857144
i-Mask Advance Squash Club 3,Cornwall Street Squash Centre,3.5,3.2857142857142856,0.2142857142857144
