Team Name,Home,Average Home Score,Average Away Score,home_away_diff
MERCURY,HK Squash Centre,2.6666666666666665,1.1666666666666667,1.4999999999999998
Hong Kong Cricket Club 6,Hong Kong Cricket Club,4.0,3.0,1.0
Ladies Recreation Club Div 12,Ladies Recreation Club,1.6666666666666667,0.6666666666666666,1.0
Studio Pro,Java Road Sports Centre,2.3333333333333335,1.6666666666666667,0.6666666666666667
Kinetic 1,Yuen Long Jockey Club Squash Courts,2.1666666666666665,1.6666666666666667,0.4999999999999998
i-Mask Advance Squash Club 3,Cornwall Street Squash Centre,3.5,3.1666666666666665,0.3333333333333335
Sha Tin Squash Rackets Club 3,Cornwall Street Squash Centre,2.8333333333333335,2.6666666666666665,0.16666666666666696
Squashathon Zero,Cornwall Street Squash Centre,3.5,3.3333333333333335,0.16666666666666652
