Team Name,Home,Average Home Score,Average Away Score,home_away_diff
Smart Squash 1,Tai Po Sports Ground,4.0,2.5,1.5
Physical Chess 3,Cornwall Street Squash Centre,3.5714285714285716,3.0,0.5714285714285716
JAVA,HK Squash Centre,1.5555555555555556,1.2857142857142858,0.26984126984126977
TNG 1,Cornwall Street Squash Centre,3.2222222222222223,3.125,0.09722222222222232
YLJR 2,Cornwall Street Squash Centre,4.111111111111111,4.25,-0.13888888888888928
Friend Club 4,Cornwall Street Squash Centre,1.1428571428571428,1.3333333333333333,-0.19047619047619047
i-Mask Advance Squash Club 4,Cornwall Street Squash Centre,0.5,1.125,-0.625
