Team Name,Home,Average Home Score,Average Away Score,home_away_diff
ATM,Cornwall Street Squash Centre,2.1666666666666665,1.5,0.6666666666666665
Kinetic 2,HK Squash Centre,3.5,3.0,0.5
Kowloon Cricket Club 13,Kowloon Cricket Club,3.0,3.0,0.0
Centre Squash,HK Squash Centre,0.7142857142857143,0.8333333333333334,-0.11904761904761907
Friend Club 5,Cornwall Street Squash Centre,2.6,2.857142857142857,-0.2571428571428571
Hong Kong Football Club 13,Hong Kong Football Club,3.142857142857143,3.5,-0.3571428571428572
Greenfield,Cornwall Street Squash Centre,3.4285714285714284,3.8333333333333335,-0.4047619047619051
i-Mask Advance Squash Club 5,Cornwall Street Squash Centre,1.8333333333333333,2.5,-0.6666666666666667
BOSS,Cornwall Street Squash Centre,1.3333333333333333,2.1666666666666665,-0.8333333333333333
