Team Name,Home,Average Home Score,Average Away Score,home_away_diff
Sea Bear,Cornwall Street Squash Centre,2.5714285714285716,1.5,1.0714285714285716
HKPF Squash Team,Cornwall Street Squash Centre,3.5,2.857142857142857,0.6428571428571428
Alpha CUHK,Cornwall Street Squash Centre,2.8333333333333335,2.4285714285714284,0.4047619047619051
Hong Kong Racketlon Association 2,HK Squash Centre,0.8571428571428571,0.5,0.3571428571428571
Craigengower Cricket Club,Craigengower Cricket Club,2.7142857142857144,2.6666666666666665,0.047619047619047894
North District Sports Association 1,Cornwall Street Squash Centre,3.4285714285714284,3.5,-0.07142857142857162
Star River 1,Cornwall Street Squash Centre,2.1666666666666665,2.5714285714285716,-0.4047619047619051
Sha Tin Squash Rackets Club 4,Cornwall Street Squash Centre,2.3333333333333335,3.4285714285714284,-1.095238095238095
