Team Name,Home,Average Home Score,Average Away Score,home_away_diff
Young Player 2,HK Squash Centre,1.875,1.0,0.875
Kowloon Cricket Club 2A,Kowloon Cricket Club,3.3333333333333335,3.4285714285714284,-0.0952380952380949
Kowloon Cricket Club 2B,Kowloon Cricket Club,2.6666666666666665,2.857142857142857,-0.1904761904761907
Hong Kong Football Club 2,Hong Kong Football Club,3.0,3.2857142857142856,-0.2857142857142856
Hong Kong Cricket Club 2,Hong Kong Cricket Club,1.3333333333333333,1.6666666666666667,-0.3333333333333335
