Team Name,Home,Average Home Score,Average Away Score,home_away_diff
Kowloon Cricket Club 4,Kowloon Cricket Club,3.8333333333333335,2.888888888888889,0.9444444444444446
TNGX,Cornwall Street Squash Centre,2.2857142857142856,1.75,0.5357142857142856
Hong Kong Football Club 4B,Hong Kong Football Club,2.0,1.5714285714285714,0.4285714285714286
X-Alpha 1,Cornwall Street Squash Centre,4.142857142857143,3.75,0.39285714285714324
Friend Club 1,Cornwall Street Squash Centre,2.375,2.4285714285714284,-0.05357142857142838
Hong Kong Football Club 4A,Hong Kong Football Club,1.5555555555555556,1.6666666666666667,-0.11111111111111116
