Team Name,Home,Average Home Score,Average Away Score,home_away_diff
TNGX,Cornwall Street Squash Centre,2.4444444444444446,1.6666666666666667,0.7777777777777779
Kowloon Cricket Club 4,Kowloon Cricket Club,3.625,3.0,0.625
Hong Kong Football Club 4B,Hong Kong Football Club,1.8888888888888888,1.3333333333333333,0.5555555555555556
X-Alpha 1,Cornwall Street Squash Centre,4.0,3.6666666666666665,0.3333333333333335
Friend Club 1,Cornwall Street Squash Centre,2.5555555555555554,2.3333333333333335,0.22222222222222188
Hong Kong Football Club 4A,Hong Kong Football Club,1.7,1.875,-0.17500000000000004
