Team Name,Home,Average Home Score,Average Away Score,home_away_diff
Hong Kong Cricket Club L2A,Hong Kong Cricket Club,2.6666666666666665,2.1666666666666665,0.5
Hong Kong Football Club L2C,Hong Kong Football Club,1.6666666666666667,1.1666666666666667,0.5
Kowloon Cricket Club L2,Kowloon Cricket Club,3.0,3.1666666666666665,-0.16666666666666652
Hong Kong Cricket Club L2B,Hong Kong Cricket Club,0.5714285714285714,0.8333333333333334,-0.261904761904762
Hong Kong Football Club L2B,Hong Kong Football Club,1.0,1.2857142857142858,-0.2857142857142858
Hong Kong Football Club L2A,Hong Kong Football Club,3.1666666666666665,3.5,-0.3333333333333335
