Team Name,Home,Average Home Score,Average Away Score,home_away_diff
Old Squash Fellows,Masters - HK Squash Centre,3.4,1.8571428571428572,1.5428571428571427
Hong Kong Football Club M2C,Hong Kong Football Club,4.142857142857143,3.142857142857143,1.0000000000000004
Hong Kong Football Club M2B,Hong Kong Football Club,2.5714285714285716,1.5714285714285714,1.0000000000000002
Hong Kong Football Club M2A,Hong Kong Football Club,3.7142857142857144,2.8333333333333335,0.8809523809523809
Ladies Recreation Club M2,Ladies Recreation Club,2.4285714285714284,1.6,0.8285714285714283
Hong Kong Cricket Club M2,Hong Kong Cricket Club,3.2857142857142856,2.7142857142857144,0.5714285714285712
Titlows Squash Team,MTR Club House,0.6666666666666666,0.2857142857142857,0.38095238095238093
United Services Recreation Club M2,United Services Recreation Club,3.25,3.0,0.25
Royal Hong Kong Yacht Club M2,Royal Hong Kong Yacht Club,2.2,2.125,0.07500000000000018
