Team,Rubber 1 Win %,Rubber 2 Win %,Rubber 3 Win %,Rubber 4 Win %,Rubber 5 Win %,avg_win_perc,Total Rubbers
The Squash Club 3,81.25,87.5,100.0,100.0,87.5,91.25,69
Craigengower Cricket Club,87.5,81.25,53.333333333333336,42.857142857142854,63.63636363636363,65.71536796536796,72
North District Sports Association 1,50.0,50.0,62.5,60.0,85.71428571428571,61.642857142857146,77
X-Alpha 5,43.75,37.5,60.0,58.333333333333336,54.54545454545454,50.82575757575758,70
MM Squash,62.5,68.75,50.0,35.714285714285715,25.0,48.392857142857146,70
Arctic Circle,68.75,37.5,50.0,62.5,18.181818181818183,47.38636363636364,75
Star River 2,18.75,31.25,31.25,25.0,50.0,31.25,78
Squashathon SocGen,12.5,18.75,20.0,50.0,50.0,30.25,71
Greenfield,25.0,37.5,25.0,20.0,20.0,25.5,78
