Team,Rubber 1 Win %,Rubber 2 Win %,Rubber 3 Win %,Rubber 4 Win %,Rubber 5 Win %,avg_win_perc,Total Rubbers
Squashathon Junior,94.44444444444444,88.23529411764706,68.75,50.0,50.0,70.2859477124183,81
Dream Catchers,50.0,50.0,76.47058823529412,81.25,57.14285714285714,62.97268907563025,83
Happy Squash 5,22.22222222222222,81.25,80.0,53.84615384615385,76.92307692307693,62.8482905982906,75
TKO Junior 2,31.25,62.5,46.666666666666664,73.33333333333333,50.0,52.75,76
Vitality Squash 3,33.33333333333333,17.647058823529413,40.0,61.53846153846154,77.77777777777779,46.05932629462042,72
RC,81.25,46.15384615384615,50.0,10.0,0.0,37.48076923076923,56
Electrify Squash Div 15,33.33333333333333,27.77777777777778,33.33333333333333,44.44444444444444,41.66666666666667,36.11111111111111,84
NEXUS 4,56.25,26.666666666666668,0.0,7.6923076923076925,11.11111111111111,20.344017094017097,67
