Team,Rubber 1 Win %,Rubber 2 Win %,Rubber 3 Win %,Rubber 4 Win %,Rubber 5 Win %,avg_win_perc,Total Rubbers
Squashathon Junior,92.85714285714286,92.3076923076923,75.0,50.0,54.54545454545454,72.94205794205794,62
Happy Squash 5,21.428571428571427,78.57142857142857,84.61538461538461,45.45454545454545,81.81818181818183,62.37762237762238,63
Dream Catchers,50.0,57.14285714285714,69.23076923076923,91.66666666666666,40.0,61.608058608058606,63
TKO Junior 2,38.46153846153847,61.53846153846154,50.0,75.0,45.45454545454545,54.090909090909086,61
Vitality Squash 3,14.285714285714285,15.384615384615385,36.36363636363637,55.55555555555556,100.0,44.31790431790432,53
Electrify Squash Div 15,42.857142857142854,28.57142857142857,35.714285714285715,50.0,50.0,41.42857142857143,66
RC,76.92307692307693,36.36363636363637,50.0,12.5,0.0,35.15734265734266,46
NEXUS 4,64.28571428571429,28.57142857142857,0.0,8.333333333333332,11.11111111111111,22.460317460317462,62
