Team,Rubber 1 Win %,Rubber 2 Win %,Rubber 3 Win %,Rubber 4 Win %,Rubber 5 Win %,avg_win_perc,Total Rubbers
Hong Kong Cricket Club D15,76.92307692307693,69.23076923076923,76.92307692307693,92.3076923076923,84.61538461538461,80.0,65
Squashathon X,64.28571428571429,64.28571428571429,61.53846153846154,63.63636363636363,55.55555555555556,61.86036186036186,61
United Services Recreation Club 4,85.71428571428571,42.857142857142854,53.84615384615385,54.54545454545454,44.44444444444444,56.281496281496274,61
Squash Busters,30.76923076923077,76.92307692307693,53.84615384615385,55.55555555555556,44.44444444444444,52.30769230769231,57
Sha Tin 6,57.14285714285714,64.28571428571429,46.15384615384615,58.333333333333336,30.0,51.18315018315018,63
Royal Hong Kong Yacht Club Div 15,64.28571428571429,57.14285714285714,46.15384615384615,36.36363636363637,40.0,48.78921078921079,62
North District Sports Association 3,14.285714285714285,15.384615384615385,50.0,21.428571428571427,75.0,35.21978021978022,67
HKIS Div 15,0.0,0.0,8.333333333333332,18.181818181818183,10.0,7.303030303030303,56
