Team,Rubber 1 Win %,Rubber 2 Win %,Rubber 3 Win %,Rubber 4 Win %,Rubber 5 Win %,avg_win_perc,Total Rubbers
Kowloon Cricket Club 2,91.66666666666666,91.66666666666666,91.66666666666666,75.0,72.72727272727273,84.54545454545455,59
Hong Kong Football Club 2A,63.63636363636363,72.72727272727273,72.72727272727273,18.181818181818183,70.0,59.45454545454546,54
Hong Kong Football Club 2B,9.090909090909092,45.45454545454545,36.36363636363637,72.72727272727273,54.54545454545454,43.63636363636363,55
Hong Kong Cricket Club D2,72.72727272727273,27.27272727272727,45.45454545454545,18.181818181818183,0.0,32.72727272727273,55
Young Player 2,9.090909090909092,9.090909090909092,0.0,63.63636363636363,55.55555555555556,27.47474747474747,53
