Team,Rubber 1 Win %,Rubber 2 Win %,Rubber 3 Win %,Rubber 4 Win %,Rubber 5 Win %,avg_win_perc,Total Rubbers
Kowloon Cricket Club 5,91.66666666666666,91.66666666666666,83.33333333333334,88.88888888888889,87.5,88.61111111111111,53
ERROR,76.92307692307693,69.23076923076923,84.61538461538461,58.333333333333336,63.63636363636363,70.54778554778554,62
Physical Chess 1,66.66666666666666,66.66666666666666,75.0,60.0,50.0,63.666666666666664,56
Hong Kong Football Club 5,16.666666666666664,58.333333333333336,40.0,75.0,50.0,48.0,48
United Services Recreation Club 2,63.63636363636363,40.0,50.0,30.0,22.22222222222222,41.17171717171717,50
Squashathon,46.15384615384615,30.76923076923077,30.76923076923077,46.15384615384615,50.0,40.76923076923077,64
Sha Tin 2,41.66666666666667,33.33333333333333,27.27272727272727,30.0,44.44444444444444,35.34343434343434,54
Happy Squash 2,41.66666666666667,16.666666666666664,16.666666666666664,14.285714285714285,50.0,27.857142857142854,47
NEXUS 2,0.0,40.0,33.33333333333333,40.0,0.0,22.666666666666664,38
