Team,Rubber 1 Win %,Rubber 2 Win %,Rubber 3 Win %,Rubber 4 Win %,Rubber 5 Win %,avg_win_perc,Total Rubbers
Kowloon Cricket Club 5,90.9090909090909,90.9090909090909,81.81818181818183,87.5,85.71428571428571,87.37012987012987,48
ERROR,83.33333333333334,75.0,83.33333333333334,63.63636363636363,70.0,75.06060606060606,57
Physical Chess 1,63.63636363636363,63.63636363636363,81.81818181818183,55.55555555555556,44.44444444444444,61.81818181818183,51
Hong Kong Football Club 5,18.181818181818183,54.54545454545454,44.44444444444444,75.0,50.0,48.43434343434343,45
Squashathon,50.0,33.33333333333333,33.33333333333333,50.0,54.54545454545454,44.242424242424235,59
United Services Recreation Club 2,63.63636363636363,40.0,50.0,30.0,22.22222222222222,41.17171717171717,50
Sha Tin 2,41.66666666666667,33.33333333333333,27.27272727272727,30.0,44.44444444444444,35.34343434343434,54
Happy Squash 2,36.36363636363637,18.181818181818183,9.090909090909092,14.285714285714285,50.0,25.584415584415588,44
NEXUS 2,0.0,40.0,33.33333333333333,40.0,0.0,22.666666666666664,38
