Team,Rubber 1 Win %,Rubber 2 Win %,Rubber 3 Win %,Rubber 4 Win %,Rubber 5 Win %,avg_win_perc,Total Rubbers
Kowloon Cricket Club M3,91.66666666666666,75.0,91.66666666666666,66.66666666666666,50.0,75.0,60
Hong Kong Football Club M3A,58.333333333333336,83.33333333333334,66.66666666666666,90.9090909090909,63.63636363636363,72.57575757575758,58
Hong Kong Cricket Club M3,33.33333333333333,58.333333333333336,75.0,72.72727272727273,77.77777777777779,63.43434343434343,56
Hong Kong Football Club M3B,58.333333333333336,75.0,41.66666666666667,41.66666666666667,63.63636363636363,56.06060606060606,59
Royal Hong Kong Yacht Club M3,66.66666666666666,33.33333333333333,41.66666666666667,50.0,50.0,48.33333333333333,60
OSF,18.181818181818183,9.090909090909092,9.090909090909092,9.090909090909092,37.5,16.590909090909093,52
Titlows Squash Master,18.181818181818183,9.090909090909092,18.181818181818183,18.181818181818183,9.090909090909092,14.545454545454547,55
