Team,Rubber 1 Win %,Rubber 2 Win %,Rubber 3 Win %,Rubber 4 Win %,Rubber 5 Win %,avg_win_perc,Total Rubbers
SKCSC,66.66666666666666,66.66666666666666,66.66666666666666,83.33333333333334,50.0,66.66666666666666,30
Hong Kong Football Club M4A,100.0,50.0,66.66666666666666,50.0,50.0,63.33333333333333,30
United Services Recreation Club M4,50.0,16.666666666666664,66.66666666666666,100.0,83.33333333333334,63.33333333333333,30
Royal Hong Kong Yacht Club M4,16.666666666666664,50.0,83.33333333333334,50.0,83.33333333333334,56.66666666666667,30
WAKO,16.666666666666664,83.33333333333334,50.0,50.0,50.0,50.0,30
Hong Kong Football Club M4B,83.33333333333334,66.66666666666666,33.33333333333333,33.33333333333333,33.33333333333333,49.999999999999986,30
Hong Kong Club Blue,50.0,50.0,0.0,33.33333333333333,20.0,30.666666666666664,29
Bolton,16.666666666666664,16.666666666666664,33.33333333333333,0.0,20.0,17.333333333333332,29
