Team,Rubber 1 Win %,Rubber 2 Win %,Rubber 3 Win %,Rubber 4 Win %,Rubber 5 Win %,avg_win_perc
Kowloon Cricket Club 3A,54.761904761904766,28.57142857142857,54.761904761904766,33.33333333333333,-6.666666666666671,32.95238095238096
Kowloon Cricket Club 3B,18.055555555555557,5.555555555555557,16.666666666666657,57.777777777777786,-30.0,13.611111111111107
Hong Kong Football Club 3A,20.634920634920633,20.634920634920633,-1.7857142857142918,29.166666666666657,-16.666666666666657,10.396825396825392
United Services Recreation Club 1,14.77272727272727,-10.22727272727273,3.8961038961038987,6.666666666666671,6.666666666666657,4.354978354978357
Happy Squash 1,-5.714285714285708,0.0,-2.857142857142854,60.0,-40.0,2.285714285714292
NEXUS 1,-2.5,-27.5,12.5,0.0,25.0,1.5
X-Alpha 1,16.666666666666686,-3.333333333333343,0.0,0.0,-16.666666666666657,-0.6666666666666572
Hong Kong Football Club 3B,-16.666666666666657,50.0,-6.666666666666671,0.0,-66.66666666666666,-8.0
