Team,Rubber 1 Win %,Rubber 2 Win %,Rubber 3 Win %,Rubber 4 Win %,Rubber 5 Win %,avg_win_perc
JESSICA L2 [withdrawal],0.0,0.0,0.0,0.0,0.0,0.0
Hong Kong Football Club L2B,16.666666666666686,-40.0,0.0,6.666666666666657,0.0,-3.3333333333333286
Kowloon Cricket Club L2B,-16.66666666666667,-16.666666666666686,16.666666666666657,-16.666666666666657,0.0,-6.6666666666666785
Hong Kong Cricket Club L2,-37.5,-25.0,-10.714285714285715,0.0,0.0,-14.64285714285714
Hong Kong Football Club L2A,-33.33333333333334,-16.66666666666667,-5.0,-25.0,0.0,-16.000000000000007
Kowloon Cricket Club L2A,50.0,0.0,-33.33333333333334,-100.0,0.0,-16.66666666666667
