Team,Rubber 1 Win %,Rubber 2 Win %,Rubber 3 Win %,Rubber 4 Win %,avg_win_perc
Hong Kong Football Club L3A,33.33333333333334,50.0,25.0,16.66666666666667,31.250000000000004
JESSICA L3,-9.523809523809526,25.0,-15.0,42.85714285714286,10.833333333333329
Hong Kong Football Club L3B,-25.0,41.66666666666666,-16.66666666666667,0.0,0.0
Hong Kong Cricket Club L3,0.0,14.285714285714285,-23.809523809523803,-26.666666666666657,-9.047619047619037
Hong Kong Football Club L3C,-25.0,0.0,0.0,-50.0,-18.75
