Team,Rubber 1 Win %,Rubber 2 Win %,Rubber 3 Win %,Rubber 4 Win %,Rubber 5 Win %,avg_win_perc,Total Rubbers
i-Mask Advance Squash Club 6,25.0,75.0,75.0,100.0,50.0,65.0,18
Smart Squash 2,50.0,50.0,0.0,100.0,100.0,60.0,12
i-Mask Advance Squash Club 7,60.0,80.0,20.0,66.66666666666666,50.0,55.33333333333333,20
JSA 1,75.0,75.0,75.0,0.0,0.0,45.0,13
Bravo D13,100.0,50.0,25.0,0.0,0.0,35.0,13
HKIS Div 13,33.33333333333333,33.33333333333333,50.0,50.0,0.0,33.33333333333333,10
NEXUS 3,50.0,0.0,100.0,0.0,0.0,30.0,5
Vitality Squash 2,50.0,50.0,50.0,0.0,0.0,30.0,11
Smart Squash 3,0.0,0.0,75.0,0.0,33.33333333333333,21.666666666666664,18
