Team,Rubber 1 Win %,Rubber 2 Win %,Rubber 3 Win %,Rubber 4 Win %,Rubber 5 Win %,avg_win_perc,Total Rubbers
Hong Kong Cricket Club D15,50.0,66.66666666666666,83.33333333333334,83.33333333333334,83.33333333333334,73.33333333333334,30
Squashathon X,66.66666666666666,50.0,80.0,66.66666666666666,66.66666666666666,66.0,23
United Services Recreation Club 4,100.0,66.66666666666666,60.0,60.0,20.0,61.33333333333333,27
Squash Busters,50.0,83.33333333333334,50.0,60.0,60.0,60.66666666666667,28
Sha Tin 6,66.66666666666666,50.0,20.0,66.66666666666666,33.33333333333333,47.33333333333333,29
Royal Hong Kong Yacht Club Div 15,50.0,66.66666666666666,40.0,25.0,50.0,46.33333333333333,25
North District Sports Association 3,16.666666666666664,0.0,50.0,33.33333333333333,83.33333333333334,36.666666666666664,29
HKIS Div 15,0.0,0.0,16.666666666666664,0.0,0.0,3.333333333333333,27
