Team,Rubber 1 Win %,Rubber 2 Win %,Rubber 3 Win %,Rubber 4 Win %,Rubber 5 Win %,avg_win_perc,Total Rubbers
Hong Kong Cricket Club D15,75.0,50.0,75.0,100.0,50.0,70.0,20
United Services Recreation Club 4,100.0,60.0,50.0,50.0,25.0,57.0,22
Squash Busters,20.0,80.0,80.0,33.33333333333333,33.33333333333333,49.33333333333333,21
Squashathon X,75.0,50.0,66.66666666666666,50.0,0.0,48.33333333333333,15
Sha Tin 6,50.0,66.66666666666666,50.0,20.0,50.0,47.33333333333333,27
Royal Hong Kong Yacht Club Div 15,60.0,40.0,60.0,20.0,25.0,41.0,24
North District Sports Association 3,20.0,20.0,60.0,0.0,60.0,32.0,25
HKIS Div 15,0.0,0.0,0.0,0.0,0.0,0.0,13
