Team,Rubber 1 Win %,Rubber 2 Win %,Rubber 3 Win %,Rubber 4 Win %,avg_win_perc
Hong Kong Cricket Club L2A,-12.5,12.5,12.5,35.714285714285715,12.05357142857143
Hong Kong Football Club L2C,7.142857142857146,19.047619047619044,0.0,0.0,6.547619047619051
Kowloon Cricket Club L2,-10.0,0.0,-1.1111111111111143,12.5,0.34722222222222854
Hong Kong Football Club L2A,-28.57142857142857,2.3809523809523654,-9.523809523809518,-8.333333333333343,-11.01190476190476
Hong Kong Football Club L2B,-33.33333333333333,0.0,-16.666666666666664,-15.0,-16.25
Hong Kong Cricket Club L2B,-25.0,25.0,-12.5,-62.5,-18.75
