Team,Rubber 1 Win %,Rubber 2 Win %,Rubber 3 Win %,Rubber 4 Win %,Rubber 5 Win %,avg_win_perc,Total Rubbers
X-Alpha 1,80.0,80.0,80.0,100.0,66.66666666666666,81.33333333333333,22
Happy Squash 1,83.33333333333334,100.0,33.33333333333333,0.0,50.0,53.333333333333336,28
NEXUS 1,71.42857142857143,85.71428571428571,28.57142857142857,40.0,25.0,50.142857142857146,30
Hong Kong Football Club 3A,25.0,25.0,85.71428571428571,42.857142857142854,60.0,47.714285714285715,35
Hong Kong Football Club 3B,66.66666666666666,0.0,40.0,50.0,66.66666666666666,44.666666666666664,23
Kowloon Cricket Club 3B,16.666666666666664,50.0,50.0,0.0,75.0,38.33333333333333,24
United Services Recreation Club 1,14.285714285714285,28.57142857142857,16.666666666666664,33.33333333333333,60.0,30.571428571428566,31
Kowloon Cricket Club 3A,20.0,0.0,20.0,40.0,50.0,26.0,24
