Team,Rubber 1 Win %,Rubber 2 Win %,Rubber 3 Win %,Rubber 4 Win %,Rubber 5 Win %,avg_win_perc,Total Rubbers
Ladies Recreation Club Div 14,72.72727272727273,90.0,80.0,50.0,57.14285714285714,69.97402597402598,46
Kowloon Cricket Club 14,76.92307692307693,69.23076923076923,50.0,80.0,30.0,61.23076923076924,58
Hong Kong Football Club 14A,41.66666666666667,63.63636363636363,50.0,44.44444444444444,71.42857142857143,54.23520923520924,49
North District Sports Association 3,53.84615384615385,69.23076923076923,50.0,45.45454545454545,44.44444444444444,52.5951825951826,58
8 Virtues + 1,33.33333333333333,27.27272727272727,25.0,62.5,83.33333333333334,46.28787878787879,45
Hong Kong Football Club 14B,76.92307692307693,30.76923076923077,44.44444444444444,66.66666666666666,0.0,43.76068376068376,43
Electrify Squash Div 14,23.076923076923077,15.384615384615385,75.0,30.0,44.44444444444444,37.58119658119658,57
X-Alpha 6,23.076923076923077,41.66666666666667,11.11111111111111,16.666666666666664,50.0,28.504273504273506,42
