Team,Rubber 1 Win %,Rubber 2 Win %,Rubber 3 Win %,Rubber 4 Win %,Rubber 5 Win %,avg_win_perc,Total Rubbers
Kowloon Cricket Club 3A,58.333333333333336,63.63636363636363,81.81818181818183,81.81818181818183,87.5,74.62121212121212,53
Young Player 3,63.63636363636363,81.81818181818183,54.54545454545454,81.81818181818183,77.77777777777779,71.91919191919192,53
Hong Kong Football Club 3A,63.63636363636363,54.54545454545454,72.72727272727273,100.0,60.0,70.18181818181817,53
Kowloon Cricket Club 3B,36.36363636363637,72.72727272727273,72.72727272727273,63.63636363636363,60.0,61.090909090909086,54
Happy Squash 1,81.81818181818183,81.81818181818183,18.181818181818183,20.0,87.5,57.863636363636374,51
TNGX,38.46153846153847,15.384615384615385,76.92307692307693,25.0,36.36363636363637,38.42657342657343,62
NEXUS 1,66.66666666666666,25.0,25.0,27.27272727272727,20.0,32.78787878787879,57
Hong Kong Football Club 3B,8.333333333333332,41.66666666666667,25.0,20.0,30.0,25.0,56
Sha Tin 1,36.36363636363637,20.0,20.0,30.0,10.0,23.272727272727273,51
