Team,Rubber 1 Win %,Rubber 2 Win %,Rubber 3 Win %,Rubber 4 Win %,Rubber 5 Win %,avg_win_perc,Total Rubbers
Kowloon Cricket Club 2,100.0,80.0,80.0,60.0,50.0,74.0,24
Hong Kong Football Club 2B,0.0,66.66666666666666,66.66666666666666,66.66666666666666,33.33333333333333,46.666666666666664,15
Hong Kong Football Club 2A,33.33333333333333,66.66666666666666,66.66666666666666,0.0,33.33333333333333,39.999999999999986,15
Hong Kong Cricket Club D2,66.66666666666666,16.666666666666664,50.0,0.0,0.0,26.666666666666664,30
Young Player 2,0.0,0.0,0.0,50.0,20.0,14.0,29
