Team,Rubber 1 Win %,Rubber 2 Win %,Rubber 3 Win %,Rubber 4 Win %,Rubber 5 Win %,avg_win_perc,Total Rubbers
X-Alpha 1,80.0,80.0,80.0,100.0,66.66666666666666,81.33333333333333,22
Happy Squash 1,80.0,100.0,40.0,0.0,66.66666666666666,57.33333333333333,23
Hong Kong Football Club 3A,33.33333333333333,16.666666666666664,100.0,40.0,75.0,53.0,26
Kowloon Cricket Club 3B,20.0,60.0,66.66666666666666,0.0,66.66666666666666,42.666666666666664,19
NEXUS 1,60.0,80.0,20.0,25.0,25.0,42.0,23
Hong Kong Football Club 3B,60.0,0.0,25.0,50.0,66.66666666666666,40.33333333333333,20
Kowloon Cricket Club 3A,25.0,0.0,25.0,50.0,50.0,30.0,20
United Services Recreation Club 1,0.0,16.666666666666664,20.0,20.0,50.0,21.333333333333332,26
