Team,Rubber 1 Win %,Rubber 2 Win %,Rubber 3 Win %,Rubber 4 Win %,Rubber 5 Win %,avg_win_perc,Total Rubbers
X-Alpha 1,100.0,100.0,61.53846153846154,92.3076923076923,84.61538461538461,87.6923076923077,65
Kowloon Cricket Club 4,58.333333333333336,66.66666666666666,91.66666666666666,66.66666666666666,75.0,71.66666666666666,60
Hong Kong Football Club 4B,46.15384615384615,38.46153846153847,61.53846153846154,69.23076923076923,66.66666666666666,56.41025641025641,64
Hong Kong Football Club 4A,30.76923076923077,76.92307692307693,53.84615384615385,53.84615384615385,58.333333333333336,54.743589743589745,64
United Services Recreation Club 1,69.23076923076923,46.15384615384615,61.53846153846154,41.66666666666667,27.27272727272727,49.172494172494176,62
NEXUS 2,66.66666666666666,33.33333333333333,25.0,33.33333333333333,11.11111111111111,33.888888888888886,57
Hong Kong Cricket Club 3,30.76923076923077,38.46153846153847,38.46153846153847,23.076923076923077,27.27272727272727,31.60839160839161,63
Sha Tin 2,0.0,0.0,7.6923076923076925,16.666666666666664,30.0,10.871794871794872,61
