Team,Rubber 1 Win %,Rubber 2 Win %,Rubber 3 Win %,Rubber 4 Win %,Rubber 5 Win %,avg_win_perc,Total Rubbers
Friend Club,30.76923076923077,76.92307692307693,76.92307692307693,84.61538461538461,75.0,68.84615384615385,64
i-Mask Advance Squash Club 3,69.23076923076923,61.53846153846154,46.15384615384615,69.23076923076923,76.92307692307693,64.61538461538461,65
Kowloon Cricket Club 9,76.92307692307693,61.53846153846154,53.84615384615385,61.53846153846154,25.0,55.769230769230774,64
Kwai Tsing District Squash Club,46.15384615384615,38.46153846153847,61.53846153846154,46.15384615384615,61.53846153846154,50.769230769230774,65
Hong Kong Football Club 9,23.076923076923077,46.15384615384615,38.46153846153847,53.84615384615385,69.23076923076923,46.15384615384615,65
Centre Squash,53.84615384615385,53.84615384615385,61.53846153846154,23.076923076923077,23.076923076923077,43.07692307692307,65
The Best Group 2,15.384615384615385,23.076923076923077,46.15384615384615,46.15384615384615,46.15384615384615,35.38461538461539,65
HKPF Squash Team,84.61538461538461,38.46153846153847,15.384615384615385,15.384615384615385,23.076923076923077,35.38461538461538,65
