Team,Rubber 1 Win %,Rubber 2 Win %,Rubber 3 Win %,Rubber 4 Win %,avg_win_perc,Total Rubbers
Kowloon Cricket Club 2,75.0,75.0,87.5,62.5,75.0,32
Hong Kong Football Club 2A,60.0,80.0,80.0,60.0,70.0,20
Hong Kong Football Club 2B,16.666666666666664,50.0,66.66666666666666,66.66666666666666,49.99999999999999,24
Hong Kong Cricket Club 2,37.5,37.5,12.5,37.5,31.25,32
Young Player 2,12.5,0.0,25.0,71.42857142857143,27.232142857142858,31
