Team,Played,Won,Lost,Points,Playoffs,1,2,3,4,5,6,7,8
Ladies Recreation Club Div 14,21,17.594518903780756,3.4054810962192437,92.99879975995199,100.0,96.83936787357472,3.0606121224244847,0.10002000400080016,0.0,0.0,0.0,0.0,0.0
Kowloon Cricket Club 14,21,15.361472294458892,5.638527705541108,81.10922184436888,100.0,3.0406081216243246,83.07661532306462,13.862772554510903,0.020004000800160033,0.0,0.0,0.0,0.0
North District Sports Association 3,21,13.261452290458092,7.738547709541908,74.86457291458291,99.95999199839969,0.12002400480096019,13.862772554510903,85.31706341268254,0.6601320264052811,0.040008001600320066,0.0,0.0,0.0
Hong Kong Football Club 14A,21,10.52630526105221,10.47369473894779,60.1006201240248,58.59171834366873,0.0,0.0,0.6001200240048009,57.99159831966393,35.02700540108022,5.6811362272454495,0.7001400280056012,0.0
Hong Kong Football Club 14B,21,9.271854370874175,11.728145629125825,58.859571914382876,37.42748549709942,0.0,0.0,0.12002400480096019,37.30746149229846,50.37007401480296,10.242048409681937,1.960392078415683,0.0
Electrify Squash Div 14,21,6.558511702340468,14.441488297659532,51.70254050810162,2.8005601120224046,0.0,0.0,0.0,2.8005601120224046,10.082016403280656,53.43068613722745,33.68673734746949,0.0
8 Virtues + 1,21,9.641728345669133,11.358271654330867,48.78715743148629,1.220244048809762,0.0,0.0,0.0,1.220244048809762,4.480896179235847,30.64612922584517,63.652730546109225,0.0
X-Alpha 6,21,1.7841568313662732,19.215843168633725,21.57751550310062,0.0,0.0,0.0,0.0,0.0,0.0,0.0,0.0,100.0
