Team,Played,Won,Lost,Points,Playoffs,1,2,3,4,5,6,7,8,9
Hong Kong Football Club 3A,16,13.295259051810362,2.704740948189638,64.1138227645529,98.57971594318865,52.79055811162232,33.14662932586517,8.301660332066414,4.340868173634727,1.4202840568113624,0.0,0.0,0.0,0.0
Young Player 3,16,11.115823164632927,4.884176835367073,63.43588717743549,97.05941188237648,36.62732546509302,32.306461292258454,17.243448689737946,10.882176435287057,2.9405881176235247,0.0,0.0,0.0,0.0
Kowloon Cricket Club 3A,16,10.83116623324665,5.168833766753351,60.21564312862573,92.41848369673934,8.061612322464493,22.544508901780354,37.0874174834967,24.724944988997798,7.581516303260652,0.0,0.0,0.0,0.0
Happy Squash 1,16,10.368273654730945,5.631726345269054,58.41708341668334,70.6741348269654,1.8203640728145631,8.101620324064813,25.845169033806766,34.90698139627926,29.325865173034604,0.0,0.0,0.0,0.0
Kowloon Cricket Club 3B,16,10.346869373874775,5.653130626125225,56.29805961192238,41.268253650730145,0.7001400280056012,3.9007801560312063,11.522304460892178,25.145029005801163,58.731746349269855,0.0,0.0,0.0,0.0
TNGX,16,5.435087017403481,10.56491298259652,36.8877775555111,0.0,0.0,0.0,0.0,0.0,0.0,59.19183836767353,40.54810962192438,0.26005201040208037,0.0
NEXUS 1,16,4.906981396279256,11.093018603720743,36.506901380276055,0.0,0.0,0.0,0.0,0.0,0.0,39.547909581916386,51.37027405481096,8.821764352870574,0.26005201040208037
Sha Tin 1,16,3.346469293858772,12.653530706141229,29.556711342268454,0.0,0.0,0.0,0.0,0.0,0.0,1.260252050410082,7.881576315263053,76.35527105421083,14.502900580116023
Hong Kong Football Club 3B,16,2.3540708141628324,13.645929185837169,24.568113622724546,0.0,0.0,0.0,0.0,0.0,0.0,0.0,0.20004000800160032,14.562912582516505,85.23704740948189
