Team,Rubber 1 Win %,Rubber 2 Win %,Rubber 3 Win %,Rubber 4 Win %,Rubber 5 Win %,avg_win_perc,Total Rubbers
Squashathon Junior,93.75,93.33333333333333,71.42857142857143,50.0,53.84615384615385,72.47161172161172,72
Happy Squash 5,20.0,80.0,85.71428571428571,50.0,83.33333333333334,63.80952380952381,68
Dream Catchers,43.75,56.25,73.33333333333333,85.71428571428571,50.0,61.80952380952381,73
TKO Junior 2,35.714285714285715,57.14285714285714,46.15384615384615,76.92307692307693,50.0,53.1868131868132,66
Vitality Squash 3,25.0,13.333333333333334,30.76923076923077,54.54545454545454,75.0,39.72960372960373,63
Electrify Squash Div 15,37.5,25.0,37.5,50.0,45.45454545454545,39.090909090909086,75
RC,80.0,46.15384615384615,50.0,10.0,0.0,37.23076923076923,55
NEXUS 4,64.28571428571429,28.57142857142857,0.0,8.333333333333332,11.11111111111111,22.460317460317462,62
