Team,Rubber 1 Win %,Rubber 2 Win %,Rubber 3 Win %,Rubber 4 Win %,Rubber 5 Win %,avg_win_perc,Total Rubbers
Kowloon Cricket Club 2,92.3076923076923,84.61538461538461,92.3076923076923,69.23076923076923,75.0,82.6923076923077,64
Hong Kong Football Club 2A,69.23076923076923,76.92307692307693,76.92307692307693,15.384615384615385,66.66666666666666,61.02564102564103,64
Hong Kong Football Club 2B,15.384615384615385,38.46153846153847,30.76923076923077,76.92307692307693,61.53846153846154,44.61538461538462,65
Hong Kong Cricket Club D2,61.53846153846154,30.76923076923077,38.46153846153847,30.76923076923077,0.0,32.30769230769231,65
Young Player 2,8.333333333333332,16.666666666666664,8.333333333333332,58.333333333333336,50.0,28.333333333333332,58
