Team,Rubber 1 Win %,Rubber 2 Win %,Rubber 3 Win %,Rubber 4 Win %,Rubber 5 Win %,avg_win_perc,Total Rubbers
X-Alpha 1,66.66666666666666,71.42857142857143,78.57142857142857,84.61538461538461,85.71428571428571,77.3992673992674,63
Kowloon Cricket Club 3B,37.5,62.5,71.42857142857143,71.42857142857143,58.333333333333336,60.23809523809524,72
Happy Squash 1,80.0,93.33333333333333,26.666666666666668,26.666666666666668,30.0,51.33333333333333,70
Hong Kong Football Club 3A,31.25,37.5,71.42857142857143,57.14285714285714,54.54545454545454,50.37337662337662,71
Hong Kong Football Club 3B,62.5,33.33333333333333,50.0,40.0,40.0,45.166666666666664,58
NEXUS 1,50.0,56.25,46.15384615384615,41.66666666666667,25.0,43.81410256410256,65
Kowloon Cricket Club 3A,57.14285714285714,21.428571428571427,42.857142857142854,46.15384615384615,41.66666666666667,41.849816849816854,67
United Services Recreation Club 1,18.75,25.0,14.285714285714285,30.76923076923077,63.63636363636363,30.488261738261734,70
