Team,Rubber 1 Win %,Rubber 2 Win %,Rubber 3 Win %,Rubber 4 Win %,Rubber 5 Win %,avg_win_perc,Total Rubbers
Hong Kong Cricket Club M2,84.61538461538461,61.53846153846154,61.53846153846154,75.0,50.0,66.53846153846155,61
Hong Kong Football Club M2A,53.84615384615385,53.84615384615385,53.84615384615385,66.66666666666666,91.66666666666666,63.97435897435897,63
Hong Kong Football Club M2B,58.333333333333336,25.0,41.66666666666667,66.66666666666666,50.0,48.333333333333336,60
Ladies Recreation Club M2,38.46153846153847,76.92307692307693,69.23076923076923,23.076923076923077,23.076923076923077,46.15384615384615,65
United Services Recreation Club M2,9.090909090909092,27.27272727272727,18.181818181818183,18.181818181818183,33.33333333333333,21.21212121212121,53
