Team,Rubber 1 Win %,Rubber 2 Win %,Rubber 3 Win %,Rubber 4 Win %,Rubber 5 Win %,avg_win_perc,Total Rubbers
Kowloon Cricket Club 2,87.5,100.0,100.0,87.5,87.5,92.5,40
Hong Kong Football Club 2A,66.66666666666666,50.0,50.0,50.0,100.0,63.33333333333333,29
Hong Kong Football Club 2B,33.33333333333333,50.0,33.33333333333333,66.66666666666666,83.33333333333334,53.33333333333333,30
Young Player 2,25.0,25.0,0.0,87.5,100.0,47.5,36
Hong Kong Cricket Club D2,50.0,50.0,37.5,75.0,12.5,45.0,40
