Team,Rubber 1 Win %,Rubber 2 Win %,Rubber 3 Win %,Rubber 4 Win %,Rubber 5 Win %,avg_win_perc,Total Rubbers
Smart Squash 1,80.0,80.0,60.0,100.0,75.0,79.0,23
Happy Squash 3,12.5,28.57142857142857,83.33333333333334,20.0,100.0,48.88095238095239,27
X-Alpha 4,33.33333333333333,100.0,100.0,0.0,0.0,46.666666666666664,12
TNG 1,50.0,66.66666666666666,50.0,0.0,0.0,33.33333333333333,9
Vitality Squash 1,28.57142857142857,33.33333333333333,0.0,66.66666666666666,33.33333333333333,32.38095238095237,24
Fusion Squash Club 2,20.0,40.0,40.0,33.33333333333333,0.0,26.666666666666664,19
