Team,Rubber 1 Win %,Rubber 2 Win %,Rubber 3 Win %,Rubber 4 Win %,avg_win_perc,Total Rubbers
JESSICA L3,33.33333333333333,100.0,60.0,100.0,73.33333333333333,22
Hong Kong Football Club L3A,100.0,50.0,25.0,50.0,56.25,16
Hong Kong Football Club L3B,50.0,66.66666666666666,33.33333333333333,33.33333333333333,45.83333333333333,11
Hong Kong Cricket Club L3,42.857142857142854,57.14285714285714,42.857142857142854,40.0,45.714285714285715,26
Hong Kong Football Club L3C,25.0,0.0,50.0,0.0,18.75,16
