Team,Played,Won,Lost,Points,Playoffs,1,2,3,4,5,6,7,8
Ladies Recreation Club Div 14,21,18.32843284328433,2.6715671567156716,96.18671867186718,100.0,100.0,0.0,0.0,0.0,0.0,0.0,0.0,0.0
North District Sports Association 3,21,15.672667266726673,5.327332733273328,81.61066106610662,100.0,0.0,97.14971497149715,2.8502850285028503,0.0,0.0,0.0,0.0,0.0
Kowloon Cricket Club 14,21,14.655065506550654,6.344934493449345,76.55755575557556,100.0,0.0,2.8502850285028503,97.14971497149715,0.0,0.0,0.0,0.0,0.0
Hong Kong Football Club 14B,21,10.675267526752675,10.324732473247325,65.50925092509252,100.0,0.0,0.0,0.0,100.0,0.0,0.0,0.0,0.0
Hong Kong Football Club 14A,21,8.671567156715671,12.328432843284329,52.81328132813282,0.0,0.0,0.0,0.0,0.0,87.18871887188719,12.721272127212721,0.09000900090009001,0.0
Electrify Squash Div 14,21,6.324732473247325,14.675267526752675,50.49074907490749,0.0,0.0,0.0,0.0,0.0,12.8012801280128,87.00870087008701,0.19001900190019003,0.0
8 Virtues + 1,21,9.344934493449346,11.655065506550654,45.44244424442444,0.0,0.0,0.0,0.0,0.0,0.010001000100010001,0.27002700270027,99.71997199719972,0.0
X-Alpha 6,21,0.32733273327332735,20.672667266726673,-3.6106610661066108,0.0,0.0,0.0,0.0,0.0,0.0,0.0,0.0,100.0
