Team,Rubber 1 Win %,Rubber 2 Win %,Rubber 3 Win %,avg_win_perc,Total Rubbers
Kowloon Cricket Club 1B,0.0,0.0,100.0,33.333333333333336,3
Hong Kong Cricket Club D1,0.0,100.0,0.0,33.333333333333336,3
FWD,33.33333333333333,0.0,66.66666666666666,33.33333333333333,9
Kowloon Cricket Club 1A,0.0,0.0,0.0,0.0,3
