Team,Rubber 1 Win %,Rubber 2 Win %,Rubber 3 Win %,Rubber 4 Win %,Rubber 5 Win %,avg_win_perc,Total Rubbers
X-Alpha 4,68.42105263157895,89.47368421052632,89.47368421052632,100.0,100.0,89.47368421052632,93
Fusion Squash Club 2,66.66666666666666,72.22222222222221,83.33333333333334,66.66666666666666,72.72727272727273,72.32323232323232,80
Vitality Squash 2,57.89473684210527,63.1578947368421,50.0,38.88888888888889,38.46153846153847,49.680611785874945,87
Happy Squash 3,47.368421052631575,47.368421052631575,31.25,43.75,46.15384615384615,43.178137651821864,83
i-Mask Advance Squash Club 8,75.0,18.75,37.5,38.46153846153847,25.0,38.94230769230769,69
Smart Squash 2,35.294117647058826,41.17647058823529,42.857142857142854,30.76923076923077,10.0,32.01939237233355,71
i-Mask Advance Squash Club 7,23.076923076923077,30.76923076923077,25.0,30.0,25.0,26.769230769230766,52
Friend Club 6,21.052631578947366,26.31578947368421,23.52941176470588,28.57142857142857,30.0,25.893852277753204,79
