Team,Rubber 1 Win %,Rubber 2 Win %,Rubber 3 Win %,Rubber 4 Win %,Rubber 5 Win %,avg_win_perc,Total Rubbers
Kowloon Cricket Club 3,37.5,75.0,81.25,100.0,100.0,78.75,65
Hong Kong Football Club 3B,62.5,31.25,56.25,60.0,45.45454545454545,51.090909090909086,74
Hong Kong Football Club 3A,62.5,62.5,37.5,28.57142857142857,50.0,48.21428571428571,70
Young Player 3,6.25,31.25,62.5,50.0,46.15384615384615,39.23076923076923,77
Happy Squash 1,81.25,50.0,12.5,15.384615384615385,28.57142857142857,37.541208791208796,68
