Team,Rubber 1 Win %,Rubber 2 Win %,Rubber 3 Win %,Rubber 4 Win %,Rubber 5 Win %,avg_win_perc
Hong Kong Football Club M4B,0.0,100.0,66.66666666666666,66.66666666666666,33.33333333333333,53.333333333333314
United Services Recreation Club M4,-16.666666666666657,-33.33333333333333,33.33333333333334,0.0,33.33333333333334,3.333333333333343
Royal Hong Kong Yacht Club M4,50.0,-16.666666666666657,-50.0,16.66666666666667,0.0,0.0
Hong Kong Club Blue,-16.66666666666667,16.666666666666657,0.0,-16.66666666666667,0.0,-3.3333333333333357
Bolton,0.0,-33.33333333333333,16.66666666666667,0.0,-33.33333333333333,-9.999999999999996
SKCSC,-33.33333333333334,-66.66666666666667,16.666666666666657,50.0,-16.66666666666667,-10.000000000000014
Hong Kong Football Club M4A,0.0,-33.33333333333333,-66.66666666666666,66.66666666666667,-66.66666666666666,-20.0
WAKO,-50.0,-33.33333333333334,-16.66666666666667,-16.66666666666667,-66.66666666666667,-36.66666666666667
