Team,Rubber 1 Win %,Rubber 2 Win %,Rubber 3 Win %,Rubber 4 Win %,Rubber 5 Win %,avg_win_perc
Hong Kong Football Club M4B,14.285714285714292,28.571428571428577,14.285714285714292,28.57142857142857,-14.285714285714285,14.285714285714285
Hong Kong Football Club M4A,0.0,28.57142857142857,-14.285714285714278,42.85714285714286,0.0,11.428571428571445
WAKO,20.83333333333333,-20.833333333333343,-5.555555555555557,19.444444444444443,30.555555555555557,8.888888888888879
Royal Hong Kong Yacht Club M4,37.5,-19.444444444444443,-6.944444444444443,5.555555555555557,0.0,3.3333333333333357
United Services Recreation Club M4,5.555555555555557,-19.444444444444443,19.444444444444443,0.0,-1.3888888888888857,0.8333333333333286
Bolton,-8.333333333333329,-6.944444444444443,-19.444444444444443,2.7777777777777786,22.222222222222218,-1.9444444444444429
SKCSC,-6.944444444444443,-54.16666666666667,-20.833333333333343,38.888888888888886,4.166666666666657,-7.777777777777786
Hong Kong Club Blue,-5.555555555555557,-15.277777777777779,0.0,-15.277777777777779,-34.92063492063492,-14.20634920634921
