Team,Played,Won,Lost,Points,Playoffs,1,2,3,4,5
Kowloon Cricket Club L1A,8,5.606303151575788,2.393696848424212,21.8304152076038,100.0,58.77938969484743,31.615807903951975,8.0040020010005,1.6008004002001,0.0
JESSICA L1,8,5.501750875437718,2.498249124562281,20.464732366183092,100.00000000000001,35.41770885442722,46.37318659329665,13.506753376688344,4.702351175587794,0.0
Kowloon Cricket Club L1B,8,4.133066533266634,3.8669334667333666,16.406703351675837,99.64982491245622,3.951975987993997,13.906953476738368,50.12506253126563,31.665832916458232,0.3501750875437719
Hong Kong Football Club L1,8,3.9339669834917457,4.066033016508254,14.79639819909955,98.3991995997999,1.8509254627313656,8.104052026013006,28.36418209104552,60.08004002001,1.6008004002001
Hong Kong Cricket Club L1,8,0.824912456228114,7.175087543771886,6.501750875437719,1.9509754877438719,0.0,0.0,0.0,1.9509754877438719,98.04902451225614
