Team,Rubber 1 Win %,Rubber 2 Win %,Rubber 3 Win %,Rubber 4 Win %,Rubber 5 Win %,avg_win_perc,Total Rubbers
Perrier Sergio Tacchini KCC 7,100.0,81.81818181818183,72.72727272727273,54.54545454545454,72.72727272727273,76.36363636363637,55
Physical Chess 2,55.55555555555556,88.88888888888889,55.55555555555556,66.66666666666666,55.55555555555556,64.44444444444443,45
Vitality Squash 1,33.33333333333333,11.11111111111111,66.66666666666666,66.66666666666666,66.66666666666666,48.888888888888886,45
Hong Kong Cricket Club 5,20.0,60.0,50.0,40.0,44.44444444444444,42.88888888888889,49
Hong Kong Football Club 11,0.0,30.0,30.0,70.0,66.66666666666666,39.33333333333333,49
KTSC,60.0,40.0,60.0,30.0,0.0,38.0,50
HKU 2,77.77777777777779,33.33333333333333,11.11111111111111,22.22222222222222,44.44444444444444,37.777777777777786,45
