Team,Rubber 1 Win %,Rubber 2 Win %,Rubber 3 Win %,Rubber 4 Win %,Rubber 5 Win %,avg_win_perc,Total Rubbers
Young Player 3,100.0,100.0,88.88888888888889,33.33333333333333,57.14285714285714,75.87301587301587,43
Perrier Sergio Tacchini KCC 3,33.33333333333333,55.55555555555556,77.77777777777779,77.77777777777779,37.5,56.38888888888889,44
Hong Kong Football Club 3A,66.66666666666666,33.33333333333333,33.33333333333333,66.66666666666666,62.5,52.5,44
Hong Kong Football Club 3B,11.11111111111111,33.33333333333333,33.33333333333333,55.55555555555556,71.42857142857143,40.95238095238095,43
Fusion Squash Club 1,37.5,25.0,12.5,12.5,16.666666666666664,20.833333333333332,38
