Team,Rubber 1 Win %,Rubber 2 Win %,Rubber 3 Win %,Rubber 4 Win %,Rubber 5 Win %,avg_win_perc,Total Rubbers
TNG 1,90.0,90.0,66.66666666666666,77.77777777777779,55.55555555555556,76.0,47
Hong Kong Football Club 4A,70.0,60.0,50.0,90.0,90.0,72.0,50
Perrier Sergio Tacchini KCC 4,27.27272727272727,81.81818181818183,100.0,72.72727272727273,72.72727272727273,70.9090909090909,55
Friend Club 1,72.72727272727273,36.36363636363637,63.63636363636363,63.63636363636363,54.54545454545454,58.18181818181817,55
Happy Squash Zang Bong,100.0,54.54545454545454,36.36363636363637,27.27272727272727,27.27272727272727,49.09090909090909,55
The New Generation X,27.27272727272727,54.54545454545454,36.36363636363637,27.27272727272727,90.0,47.09090909090909,54
Hong Kong Football Club 4B,27.27272727272727,40.0,50.0,40.0,22.22222222222222,35.898989898989896,50
Smart Squash 1,0.0,30.0,44.44444444444444,55.55555555555556,11.11111111111111,28.22222222222222,48
United Services Recreation Club 1,40.0,0.0,0.0,0.0,20.0,12.0,50
