Team,Rubber 1 Win %,Rubber 2 Win %,Rubber 3 Win %,Rubber 4 Win %,Rubber 5 Win %,avg_win_perc,Total Rubbers
Perrier Sergio Tacchini KCC 5,72.72727272727273,100.0,81.81818181818183,72.72727272727273,60.0,77.45454545454547,54
Hong Kong Football Club 5,45.45454545454545,45.45454545454545,72.72727272727273,72.72727272727273,90.0,65.27272727272728,54
Friend Club 2,36.36363636363637,63.63636363636363,45.45454545454545,81.81818181818183,20.0,49.45454545454545,54
YLJR 1,90.9090909090909,36.36363636363637,54.54545454545454,9.090909090909092,50.0,48.18181818181818,52
Sha Tin Squash Rackets Club 1,45.45454545454545,45.45454545454545,18.181818181818183,18.181818181818183,50.0,35.45454545454545,52
Energetic,9.090909090909092,9.090909090909092,27.27272727272727,45.45454545454545,30.0,24.18181818181818,54
