Team,Rubber 1 Win %,Rubber 2 Win %,Rubber 3 Win %,Rubber 4 Win %,Rubber 5 Win %,avg_win_perc,Total Rubbers
Perrier Sergio Tacchini KCC 6,83.33333333333334,66.66666666666666,91.66666666666666,83.33333333333334,81.81818181818183,81.36363636363636,59
Hong Kong Cricket Club 3,75.0,75.0,83.33333333333334,83.33333333333334,58.333333333333336,75.0,60
Global Squash 1,41.66666666666667,83.33333333333334,63.63636363636363,63.63636363636363,40.0,58.45454545454545,56
Sha Tin Squash Rackets Club 2,33.33333333333333,66.66666666666666,75.0,58.333333333333336,54.54545454545454,57.57575757575758,59
Hong Kong Football Club 8A,41.66666666666667,33.33333333333333,41.66666666666667,50.0,66.66666666666666,46.66666666666667,60
Hong Kong Football Club 8B,25.0,25.0,36.36363636363637,45.45454545454545,60.0,38.36363636363636,56
TSC - Asymmetry,66.66666666666666,41.66666666666667,8.333333333333332,8.333333333333332,33.33333333333333,31.666666666666664,60
Friend Club 4,33.33333333333333,8.333333333333332,0.0,8.333333333333332,8.333333333333332,11.666666666666663,60
