Team,Rubber 1 Win %,Rubber 2 Win %,Rubber 3 Win %,Rubber 4 Win %,avg_win_perc,Total Rubbers
Howards Folly Wine LRC Master 1,45.45454545454545,81.81818181818183,90.9090909090909,100.0,79.54545454545455,43
Hong Kong Football Club M1A,72.72727272727273,81.81818181818183,54.54545454545454,60.0,67.27272727272728,43
Hong Kong Football Club M1B,100.0,54.54545454545454,45.45454545454545,40.0,60.0,43
Hong Kong Cricket Club M1B,45.45454545454545,36.36363636363637,18.181818181818183,36.36363636363637,34.09090909090909,44
Hong Kong Cricket Club M1A,36.36363636363637,9.090909090909092,36.36363636363637,33.33333333333333,28.78787878787879,42
HK Club Gold,0.0,36.36363636363637,54.54545454545454,16.666666666666664,26.89393939393939,39
