Team,Rubber 1 Win %,Rubber 2 Win %,Rubber 3 Win %,Rubber 4 Win %,Rubber 5 Win %,avg_win_perc,Total Rubbers
X-Alpha 1,100.0,100.0,57.14285714285714,85.71428571428571,57.14285714285714,80.0,35
Kowloon Cricket Club 4,55.55555555555556,55.55555555555556,66.66666666666666,66.66666666666666,66.66666666666666,62.222222222222214,45
Hong Kong Football Club 4A,37.5,75.0,50.0,62.5,66.66666666666666,58.33333333333333,38
Hong Kong Football Club 4B,40.0,20.0,100.0,60.0,60.0,56.0,25
United Services Recreation Club 1,75.0,50.0,75.0,28.57142857142857,16.666666666666664,49.047619047619044,37
Hong Kong Cricket Club 3,25.0,12.5,50.0,25.0,14.285714285714285,25.357142857142854,39
Sha Tin 2,0.0,0.0,33.33333333333333,33.33333333333333,50.0,23.333333333333332,14
NEXUS 2,80.0,20.0,0.0,0.0,0.0,20.0,24
