Team,Played,Won,Lost,Points,Playoffs,1,2,3,4,5,6,7,8
X-Alpha 1,21,18.402201100550275,2.597798899449725,98.42521260630315,100.0,96.09804902451225,3.9019509754877437,0.0,0.0,0.0,0.0,0.0,0.0
Kowloon Cricket Club 4,21,15.674337168584291,5.325662831415707,85.83841920960481,100.0,3.9019509754877437,94.24712356178088,1.7508754377188593,0.10005002501250625,0.0,0.0,0.0,0.0
Hong Kong Football Club 4A,21,12.28064032016008,8.71935967983992,69.27563781890944,88.8944472236118,0.0,1.4507253626813406,61.030515257628814,26.413206603301653,10.25512756378189,0.80040020010005,0.05002501250625312,0.0
Hong Kong Football Club 4B,21,11.172586293146573,9.827413706853427,64.78489244622311,59.829914957478735,0.0,0.3001500750375188,20.76038019009505,38.76938469234617,35.217608804402204,4.302151075537769,0.6503251625812907,0.0
United Services Recreation Club 1,21,9.49024512256128,11.50975487743872,64.08204102051025,49.27463731865933,0.0,0.10005002501250625,16.408204102051023,32.7663831915958,44.072036018009,5.252626313156578,1.4007003501750876,0.0
NEXUS 2,21,7.23111555777889,13.768884442221111,51.368684342171086,0.9504752376188095,0.0,0.0,0.0,0.9504752376188095,5.302651325662831,46.57328664332166,47.1735867933967,0.0
Hong Kong Cricket Club 3,21,7.711855927963982,13.288144072036019,51.05252626313157,1.0505252626313157,0.0,0.0,0.05002501250625312,1.0005002501250626,5.152576288144072,43.07153576788394,50.72536268134067,0.0
Sha Tin 2,21,2.0370185092546276,18.96298149074537,19.172586293146573,0.0,0.0,0.0,0.0,0.0,0.0,0.0,0.0,100.0
