Team,Rubber 1 Win %,Rubber 2 Win %,Rubber 3 Win %,Rubber 4 Win %,Rubber 5 Win %,avg_win_perc,Total Rubbers
The Squash Club 3,78.57142857142857,85.71428571428571,100.0,100.0,87.5,90.35714285714286,62
Craigengower Cricket Club,84.61538461538461,84.61538461538461,58.333333333333336,36.36363636363637,70.0,66.78554778554778,59
North District Sports Association 1,50.0,50.0,64.28571428571429,61.53846153846154,84.61538461538461,62.08791208791208,68
Arctic Circle,69.23076923076923,30.76923076923077,61.53846153846154,69.23076923076923,20.0,50.15384615384615,62
X-Alpha 5,42.857142857142854,28.57142857142857,53.84615384615385,54.54545454545454,50.0,45.96403596403596,62
MM Squash,61.53846153846154,69.23076923076923,46.15384615384615,36.36363636363637,14.285714285714285,45.514485514485514,57
Star River 2,23.076923076923077,38.46153846153847,30.76923076923077,23.076923076923077,54.54545454545454,33.98601398601399,63
Squashathon SocGen,15.384615384615385,23.076923076923077,8.333333333333332,50.0,50.0,29.358974358974358,60
Greenfield,23.076923076923077,38.46153846153847,23.076923076923077,15.384615384615385,15.384615384615385,23.07692307692308,65
