Team,Rubber 1 Win %,Rubber 2 Win %,Rubber 3 Win %,Rubber 4 Win %,Rubber 5 Win %,avg_win_perc,Total Rubbers
X-Alpha 1,64.28571428571429,69.23076923076923,84.61538461538461,91.66666666666666,85.71428571428571,79.1025641025641,59
Kowloon Cricket Club 3B,40.0,66.66666666666666,69.23076923076923,69.23076923076923,54.54545454545454,59.93473193473193,67
Happy Squash 1,78.57142857142857,92.85714285714286,28.57142857142857,28.57142857142857,33.33333333333333,52.38095238095237,65
Hong Kong Football Club 3A,33.33333333333333,33.33333333333333,69.23076923076923,53.84615384615385,60.0,49.94871794871794,66
Kowloon Cricket Club 3A,61.53846153846154,23.076923076923077,46.15384615384615,50.0,41.66666666666667,44.48717948717949,63
NEXUS 1,53.333333333333336,60.0,41.66666666666667,36.36363636363637,25.0,43.27272727272727,61
Hong Kong Football Club 3B,60.0,28.57142857142857,45.45454545454545,33.33333333333333,40.0,41.47186147186147,54
United Services Recreation Club 1,13.333333333333334,26.666666666666668,15.384615384615385,33.33333333333333,60.0,29.743589743589745,65
