Team,Rubber 1 Win %,Rubber 2 Win %,Rubber 3 Win %,Rubber 4 Win %,Rubber 5 Win %,avg_win_perc,Total Rubbers
Kowloon Cricket Club 5,92.3076923076923,92.3076923076923,84.61538461538461,90.0,88.88888888888889,89.62393162393161,58
ERROR,78.57142857142857,71.42857142857143,78.57142857142857,61.53846153846154,63.63636363636363,70.74925074925075,66
Physical Chess 1,69.23076923076923,61.53846153846154,76.92307692307693,63.63636363636363,50.0,64.26573426573427,60
Hong Kong Football Club 5,23.076923076923077,61.53846153846154,45.45454545454545,77.77777777777779,50.0,51.56954156954157,52
Squashathon,42.857142857142854,28.57142857142857,28.57142857142857,42.857142857142854,50.0,38.57142857142857,68
United Services Recreation Club 2,58.333333333333336,36.36363636363637,45.45454545454545,27.27272727272727,20.0,37.484848484848484,55
Sha Tin 2,38.46153846153847,30.76923076923077,33.33333333333333,27.27272727272727,44.44444444444444,34.856254856254864,58
Happy Squash 2,41.66666666666667,16.666666666666664,16.666666666666664,14.285714285714285,50.0,27.857142857142854,47
NEXUS 2,0.0,45.45454545454545,30.0,33.33333333333333,0.0,21.757575757575758,42
