Team,Rubber 1 Win %,Rubber 2 Win %,Rubber 3 Win %,Rubber 4 Win %,Rubber 5 Win %,avg_win_perc,Total Rubbers
Smart Squash 1,64.28571428571429,57.14285714285714,53.84615384615385,100.0,62.5,67.55494505494505,58
X-Alpha 4,66.66666666666666,100.0,63.63636363636363,50.0,40.0,64.06060606060605,48
TNG 1,66.66666666666666,36.36363636363637,40.0,33.33333333333333,33.33333333333333,41.93939393939394,45
Happy Squash 3,0.0,23.076923076923077,75.0,25.0,80.0,40.61538461538462,52
Vitality Squash 1,57.14285714285714,30.76923076923077,0.0,75.0,33.33333333333333,39.24908424908425,42
Fusion Squash Club 2,50.0,57.14285714285714,50.0,0.0,0.0,31.428571428571427,27
