Team,Rubber 1 Win %,Rubber 2 Win %,Rubber 3 Win %,Rubber 4 Win %,Rubber 5 Win %,avg_win_perc,Total Rubbers
Kowloon Cricket Club M3,92.3076923076923,76.92307692307693,92.3076923076923,69.23076923076923,53.84615384615385,76.92307692307693,65
Hong Kong Football Club M3A,53.84615384615385,84.61538461538461,61.53846153846154,83.33333333333334,66.66666666666666,70.0,63
Hong Kong Cricket Club M3,38.46153846153847,61.53846153846154,76.92307692307693,75.0,80.0,66.38461538461539,61
Hong Kong Football Club M3B,61.53846153846154,69.23076923076923,46.15384615384615,46.15384615384615,58.333333333333336,56.282051282051285,64
Royal Hong Kong Yacht Club M3,66.66666666666666,33.33333333333333,41.66666666666667,50.0,50.0,48.33333333333333,60
OSF,16.666666666666664,8.333333333333332,8.333333333333332,8.333333333333332,33.33333333333333,14.999999999999996,57
Titlows Squash Master,16.666666666666664,8.333333333333332,16.666666666666664,16.666666666666664,8.333333333333332,13.333333333333332,60
