Team,Rubber 1 Win %,Rubber 2 Win %,Rubber 3 Win %,Rubber 4 Win %,Rubber 5 Win %,avg_win_perc
Kowloon Cricket Club 9,40.0,55.0,10.0,15.0,50.0,34.0
Friend Club,16.66666666666667,33.33333333333334,0.0,66.66666666666667,33.33333333333334,30.0
HKPF Squash Team,33.33333333333334,16.66666666666667,-33.33333333333333,-33.33333333333333,66.66666666666667,10.000000000000014
Hong Kong Football Club 9,40.0,-20.0,-20.0,20.0,0.0,4.0
Centre Squash,23.80952380952381,-23.809523809523803,-23.809523809523803,42.857142857142854,-19.047619047619044,1.4210854715202004e-14
The Best Group 2,0.0,0.0,-50.0,100.0,-50.0,0.0
Kwai Tsing District Squash Club,-66.66666666666667,66.66666666666666,-33.33333333333334,66.66666666666666,-33.33333333333334,-1.4210854715202004e-14
i-Mask Advance Squash Club 3,33.33333333333334,-100.0,-100.0,0.0,0.0,-33.33333333333333
