Team,Rubber 1 Win %,Rubber 2 Win %,Rubber 3 Win %,Rubber 4 Win %,Rubber 5 Win %,avg_win_perc
Electrify Squash Div 14,46.66666666666666,33.33333333333333,40.0,10.0,80.0,42.0
Kowloon Cricket Club 14,25.0,0.0,-25.0,33.33333333333334,66.66666666666666,20.0
Ladies Recreation Club Div 14,-33.33333333333334,-33.33333333333334,50.0,50.0,50.0,16.666666666666657
North District Sports Association 3,46.66666666666666,6.666666666666657,46.66666666666666,-26.66666666666667,-16.66666666666667,11.333333333333329
X-Alpha 6,0.0,-33.33333333333333,0.0,33.33333333333333,50.0,10.0
Hong Kong Football Club 14A,-50.0,25.0,0.0,-50.0,-33.33333333333334,-21.66666666666667
8 Virtues + 1,-50.0,-16.66666666666667,-50.0,0.0,0.0,-23.333333333333336
Hong Kong Football Club 14B,0.0,-33.33333333333333,16.666666666666657,-100.0,0.0,-23.333333333333336
