Team,Rubber 1 Win %,Rubber 2 Win %,Rubber 3 Win %,Rubber 4 Win %,Rubber 5 Win %,avg_win_perc
Hong Kong Cricket Club 3,6.666666666666671,80.0,6.666666666666671,6.666666666666671,0.0,20.0
X-Alpha 1,0.0,0.0,0.0,0.0,66.66666666666667,13.333333333333329
Hong Kong Football Club 4B,0.0,66.66666666666666,-33.33333333333334,33.33333333333334,0.0,13.333333333333329
NEXUS 2,-33.33333333333334,33.33333333333333,0.0,33.33333333333333,0.0,6.666666666666664
United Services Recreation Club 1,0.0,25.0,-50.0,50.0,-8.333333333333329,3.3333333333333357
Hong Kong Football Club 4A,-25.0,50.0,-25.0,-25.0,25.0,0.0
Kowloon Cricket Club 4,-50.0,-25.0,0.0,0.0,0.0,-15.0
Sha Tin 2,0.0,0.0,-33.33333333333333,-33.33333333333333,-50.0,-23.333333333333332
