Team,Rubber 1 Win %,Rubber 2 Win %,Rubber 3 Win %,Rubber 4 Win %,Rubber 5 Win %,avg_win_perc
LONGVIEW,0.0,30.0,-40.0,80.0,100.0,34.0
Fusion Squash Club 1,60.0,80.0,-30.0,40.0,0.0,30.0
Dynamos Squash,0.0,0.0,-50.0,33.33333333333334,0.0,-3.3333333333333286
X-Alpha 4,-25.0,0.0,-50.0,-25.0,-25.0,-25.0
Happy Squash 3,-30.0,-30.0,-40.0,0.0,-25.0,-25.0
MERCURY,40.0,0.0,-80.0,-60.0,-75.0,-35.0
NEXUS 3,33.33333333333333,-33.33333333333334,-33.33333333333333,-66.66666666666667,-100.0,-40.000000000000014
