Team,Rubber 1 Win %,Rubber 2 Win %,Rubber 3 Win %,Rubber 4 Win %,avg_win_perc
Hong Kong Football Club L2B,66.66666666666666,-33.33333333333334,66.66666666666666,-33.33333333333334,16.666666666666657
Hong Kong Football Club L2C,100.0,0.0,0.0,-50.0,12.5
JESSICA L2,25.0,-25.0,25.0,0.0,6.25
Kowloon Cricket Club L2,-16.666666666666657,-25.0,66.66666666666667,0.0,6.25
Hong Kong Cricket Club L2,33.33333333333333,-6.666666666666671,13.333333333333329,-40.0,-3.552713678800501e-15
Hong Kong Football Club L2A,-50.0,0.0,50.0,-50.0,-12.5
