Team,Rubber 1 Win %,Rubber 2 Win %,Rubber 3 Win %,avg_win_perc
Hong Kong Football Club 1B,0.0,25.0,66.66666666666666,30.555555555555554
Kowloon Cricket Club 1A,33.33333333333333,0.0,0.0,11.1111111111111
FWD,8.333333333333329,25.0,-25.0,2.7777777777777715
Hong Kong Cricket Club 1,50.0,10.0,-60.0,0.0
Hong Kong Football Club 1A,50.0,-25.0,-50.0,-8.333333333333329
Kowloon Cricket Club 1B,-33.33333333333333,0.0,-16.666666666666657,-16.66666666666666
