Team,Rubber 1 Win %,Rubber 2 Win %,Rubber 3 Win %,Rubber 4 Win %,Rubber 5 Win %,avg_win_perc,Total Rubbers
Hong Kong Cricket Club D15,50.0,50.0,100.0,100.0,100.0,80.0,20
Squashathon X,75.0,75.0,66.66666666666666,100.0,50.0,73.33333333333333,15
Sha Tin 6,66.66666666666666,66.66666666666666,50.0,66.66666666666666,66.66666666666666,63.33333333333333,14
Squash Busters,66.66666666666666,66.66666666666666,33.33333333333333,66.66666666666666,66.66666666666666,59.999999999999986,15
United Services Recreation Club 4,100.0,75.0,66.66666666666666,33.33333333333333,0.0,55.0,17
North District Sports Association 3,25.0,0.0,50.0,25.0,75.0,35.0,19
Royal Hong Kong Yacht Club Div 15,25.0,50.0,33.33333333333333,33.33333333333333,33.33333333333333,35.0,17
HKIS Div 15,0.0,0.0,0.0,0.0,0.0,0.0,19
