Team,Rubber 1 Win %,Rubber 2 Win %,Rubber 3 Win %,Rubber 4 Win %,Rubber 5 Win %,avg_win_perc,Total Rubbers
ERROR,100.0,75.0,75.0,75.0,100.0,85.0,20
Kowloon Cricket Club 5,100.0,100.0,66.66666666666666,100.0,0.0,73.33333333333333,10
Physical Chess 1,100.0,66.66666666666666,100.0,33.33333333333333,33.33333333333333,66.66666666666666,15
Squashathon,50.0,50.0,50.0,75.0,66.66666666666666,58.33333333333333,19
Hong Kong Football Club 5,33.33333333333333,66.66666666666666,66.66666666666666,50.0,0.0,43.33333333333333,12
Happy Squash 2,50.0,50.0,0.0,33.33333333333333,66.66666666666666,39.99999999999999,18
Sha Tin 2,0.0,25.0,50.0,75.0,25.0,35.0,20
United Services Recreation Club 2,33.33333333333333,33.33333333333333,33.33333333333333,0.0,33.33333333333333,26.666666666666664,15
NEXUS 2,0.0,0.0,25.0,0.0,0.0,5.0,15
