Team,Rubber 1 Win %,Rubber 2 Win %,Rubber 3 Win %,Rubber 4 Win %,avg_win_perc,Total Rubbers
Hong Kong Football Club L3B,100.0,66.66666666666666,33.33333333333333,100.0,75.0,11
JESSICA L3,33.33333333333333,100.0,33.33333333333333,100.0,66.66666666666666,12
Hong Kong Cricket Club L3,66.66666666666666,33.33333333333333,66.66666666666666,50.0,54.16666666666666,11
Hong Kong Football Club L3A,66.66666666666666,33.33333333333333,33.33333333333333,33.33333333333333,41.66666666666666,12
Hong Kong Football Club L3C,0.0,25.0,75.0,0.0,25.0,16
