Team,Rubber 1 Win %,Rubber 2 Win %,Rubber 3 Win %,avg_win_perc,Total Rubbers
Kowloon Cricket Club L1A,33.33333333333333,66.66666666666666,100.0,66.66666666666667,9
JESSICA L1,75.0,75.0,33.33333333333333,61.11111111111111,11
Hong Kong Football Club L1,66.66666666666666,33.33333333333333,66.66666666666666,55.55555555555554,9
Kowloon Cricket Club L1B,33.33333333333333,33.33333333333333,33.33333333333333,33.33333333333333,9
Hong Kong Cricket Club L1,33.33333333333333,33.33333333333333,0.0,22.222222222222218,8
