Team,Rubber 1 Win %,Rubber 2 Win %,Rubber 3 Win %,Rubber 4 Win %,avg_win_perc,Total Rubbers
Kowloon Cricket Club L2,62.5,87.5,100.0,85.71428571428571,83.92857142857143,31
Hong Kong Football Club L2B,50.0,66.66666666666666,66.66666666666666,83.33333333333334,66.66666666666666,24
JESSICA L2,100.0,62.5,75.0,28.57142857142857,66.51785714285714,31
Hong Kong Football Club L2A,60.0,0.0,40.0,50.0,37.5,19
Hong Kong Football Club L2C,33.33333333333333,0.0,33.33333333333333,50.0,29.166666666666664,11
Hong Kong Cricket Club L2,14.285714285714285,28.57142857142857,14.285714285714285,16.666666666666664,18.45238095238095,27
