Team,Rubber 1 Win %,Rubber 2 Win %,Rubber 3 Win %,Rubber 4 Win %,Rubber 5 Win %,avg_win_perc,Total Rubbers
Hong Kong Football Club 13,100.0,100.0,100.0,75.0,50.0,85.0,21
Kowloon Cricket Club 13,42.857142857142854,57.14285714285714,57.14285714285714,66.66666666666666,100.0,64.76190476190476,31
Happy Squash 4,83.33333333333334,83.33333333333334,66.66666666666666,50.0,33.33333333333333,63.333333333333336,27
Squashathon One,33.33333333333333,50.0,40.0,80.0,80.0,56.666666666666664,27
Electrify Squash Div 13,28.57142857142857,71.42857142857143,83.33333333333334,25.0,50.0,51.66666666666667,28
TNG 2,50.0,50.0,50.0,33.33333333333333,50.0,46.666666666666664,21
Fusion Squash Club 3,50.0,16.666666666666664,33.33333333333333,50.0,0.0,30.0,28
Kinetic 4,50.0,0.0,0.0,40.0,33.33333333333333,24.666666666666664,25
Yuen Long District Sports Association Limited,16.666666666666664,20.0,20.0,0.0,33.33333333333333,18.0,22
