Team,Rubber 1 Win %,Rubber 2 Win %,Rubber 3 Win %,Rubber 4 Win %,Rubber 5 Win %,avg_win_perc,Total Rubbers
Hong Kong Cricket Club D15,62.5,62.5,87.5,87.5,75.0,75.0,40
Squashathon X,62.5,62.5,71.42857142857143,80.0,50.0,65.28571428571429,32
Squash Busters,42.857142857142854,85.71428571428571,57.14285714285714,60.0,60.0,61.14285714285713,31
United Services Recreation Club 4,100.0,50.0,57.14285714285714,66.66666666666666,20.0,58.76190476190476,34
Royal Hong Kong Yacht Club Div 15,50.0,75.0,42.857142857142854,33.33333333333333,50.0,50.23809523809524,35
Sha Tin 6,62.5,50.0,14.285714285714285,50.0,42.857142857142854,43.92857142857143,38
North District Sports Association 3,12.5,0.0,50.0,25.0,85.71428571428571,34.642857142857146,38
HKIS Div 15,0.0,0.0,14.285714285714285,0.0,0.0,2.8571428571428568,32
