Team,Rubber 1 Win %,Rubber 2 Win %,Rubber 3 Win %,Rubber 4 Win %,Rubber 5 Win %,avg_win_perc,Total Rubbers
Kowloon Cricket Club 2,85.71428571428571,100.0,85.71428571428571,57.14285714285714,66.66666666666666,79.04761904761904,34
Hong Kong Football Club 2A,66.66666666666666,83.33333333333334,100.0,16.666666666666664,60.0,65.33333333333334,29
Hong Kong Football Club 2B,14.285714285714285,42.857142857142854,42.857142857142854,71.42857142857143,71.42857142857143,48.57142857142858,35
Hong Kong Cricket Club D2,83.33333333333334,0.0,16.666666666666664,33.33333333333333,0.0,26.666666666666664,30
Young Player 2,0.0,16.666666666666664,0.0,66.66666666666666,50.0,26.666666666666664,28
