Team,Rubber 1 Win %,Rubber 2 Win %,Rubber 3 Win %,Rubber 4 Win %,Rubber 5 Win %,avg_win_perc,Total Rubbers
X-Alpha 1,62.5,75.0,87.5,85.71428571428571,100.0,82.14285714285714,35
Kowloon Cricket Club 3B,37.5,50.0,57.14285714285714,71.42857142857143,66.66666666666666,56.54761904761904,36
Happy Squash 1,75.0,87.5,25.0,25.0,40.0,50.5,37
Kowloon Cricket Club 3A,75.0,25.0,50.0,42.857142857142854,42.857142857142854,47.142857142857146,38
Hong Kong Football Club 3A,25.0,25.0,62.5,62.5,57.14285714285714,46.42857142857143,39
Hong Kong Football Club 3B,75.0,25.0,50.0,33.33333333333333,33.33333333333333,43.33333333333333,31
NEXUS 1,37.5,87.5,42.857142857142854,28.57142857142857,14.285714285714285,42.142857142857146,37
United Services Recreation Club 1,12.5,25.0,16.666666666666664,50.0,60.0,32.83333333333333,33
