Team,Rubber 1 Win %,Rubber 2 Win %,Rubber 3 Win %,Rubber 4 Win %,Rubber 5 Win %,avg_win_perc,Total Rubbers
ERROR,100.0,66.66666666666666,83.33333333333334,83.33333333333334,83.33333333333334,83.33333333333334,30
Kowloon Cricket Club 5,85.71428571428571,100.0,71.42857142857143,80.0,75.0,82.42857142857143,30
Squashathon,42.857142857142854,42.857142857142854,57.14285714285714,57.14285714285714,66.66666666666666,53.33333333333333,34
Hong Kong Football Club 5,16.666666666666664,66.66666666666666,66.66666666666666,80.0,33.33333333333333,52.666666666666664,26
Physical Chess 1,66.66666666666666,50.0,66.66666666666666,40.0,20.0,48.666666666666664,28
United Services Recreation Club 2,66.66666666666666,40.0,40.0,0.0,40.0,37.33333333333333,26
Happy Squash 2,66.66666666666666,33.33333333333333,0.0,20.0,50.0,34.0,27
Sha Tin 2,14.285714285714285,28.57142857142857,28.57142857142857,42.857142857142854,33.33333333333333,29.52380952380952,34
NEXUS 2,0.0,16.666666666666664,33.33333333333333,33.33333333333333,0.0,16.666666666666664,23
