Team,Rubber 1 Win %,Rubber 2 Win %,Rubber 3 Win %,Rubber 4 Win %,avg_win_perc,Total Rubbers
JESSICA L4,50.0,100.0,83.33333333333334,80.0,78.33333333333334,22
JESSICA Mochis,50.0,66.66666666666666,80.0,100.0,74.16666666666666,21
Hong Kong Football Club JSA,66.66666666666666,60.0,60.0,60.0,61.666666666666664,21
The Squash Club L4,50.0,66.66666666666666,50.0,80.0,61.666666666666664,23
Squashathon Ladies,57.14285714285714,33.33333333333333,28.57142857142857,60.0,44.76190476190476,25
Hong Kong Football Club L4,28.57142857142857,14.285714285714285,66.66666666666666,50.0,39.88095238095238,26
Kwai Tsing District Squash Club L4,71.42857142857143,28.57142857142857,14.285714285714285,28.57142857142857,35.71428571428571,28
Hong Kong Cricket Club L4,50.0,40.0,40.0,0.0,32.5,20
Hong Kong Cricket Club Rockettes,28.57142857142857,57.14285714285714,42.857142857142854,0.0,32.14285714285714,26
