Team,Rubber 1 Win %,Rubber 2 Win %,Rubber 3 Win %,Rubber 4 Win %,Rubber 5 Win %,avg_win_perc
Electrify Squash Div 14,41.66666666666666,33.33333333333333,50.0,25.0,75.0,45.0
Kowloon Cricket Club 14,16.666666666666657,-8.333333333333343,-41.66666666666667,33.33333333333334,100.0,20.0
Ladies Recreation Club Div 14,-33.33333333333334,-33.33333333333334,50.0,50.0,50.0,16.666666666666657
X-Alpha 6,0.0,-33.33333333333333,0.0,33.33333333333333,50.0,10.0
North District Sports Association 3,41.66666666666666,-8.333333333333343,41.66666666666666,-41.66666666666667,0.0,6.666666666666664
Hong Kong Football Club 14B,0.0,0.0,16.666666666666657,-100.0,0.0,-16.66666666666667
8 Virtues + 1,-50.0,0.0,-50.0,0.0,0.0,-20.0
Hong Kong Football Club 14A,-66.66666666666667,16.666666666666657,16.666666666666657,-33.33333333333334,-50.0,-23.33333333333335
