Team,Rubber 1 Win %,Rubber 2 Win %,Rubber 3 Win %,Rubber 4 Win %,Rubber 5 Win %,avg_win_perc,Total Rubbers
Friend Club,50.0,100.0,100.0,100.0,100.0,90.0,9
Kowloon Cricket Club 9,100.0,50.0,50.0,50.0,50.0,60.0,10
i-Mask Advance Squash Club 3,100.0,0.0,0.0,100.0,100.0,60.0,5
HKPF Squash Team,100.0,100.0,0.0,0.0,100.0,60.0,5
Centre Squash,66.66666666666666,66.66666666666666,33.33333333333333,66.66666666666666,0.0,46.66666666666666,15
Hong Kong Football Club 9,50.0,50.0,25.0,50.0,50.0,45.0,20
Kwai Tsing District Squash Club,0.0,100.0,0.0,0.0,100.0,40.0,5
The Best Group 2,0.0,0.0,0.0,100.0,0.0,20.0,5
