Team,Rubber 1 Win %,Rubber 2 Win %,Rubber 3 Win %,Rubber 4 Win %,avg_win_perc,Total Rubbers
Kowloon Cricket Club L2,90.0,80.0,90.0,87.5,86.875,38
Hong Kong Football Club L2A,100.0,83.33333333333334,66.66666666666666,75.0,81.25,22
Hong Kong Football Club L2B,66.66666666666666,33.33333333333333,16.666666666666664,40.0,39.166666666666664,23
Hong Kong Cricket Club L2A,25.0,50.0,62.5,14.285714285714285,37.94642857142857,31
Hong Kong Cricket Club L2B,25.0,0.0,37.5,75.0,34.375,28
Hong Kong Football Club L2C,42.857142857142854,14.285714285714285,16.666666666666664,25.0,24.70238095238095,24
