Team,Rubber 1 Win %,Rubber 2 Win %,Rubber 3 Win %,Rubber 4 Win %,Rubber 5 Win %,avg_win_perc,Total Rubbers
Royal Hong Kong Yacht Club Div 15,52.94117647058824,94.11764705882352,76.47058823529412,56.25,38.46153846153847,63.64819004524886,80
Squashathon One,68.75,53.333333333333336,46.666666666666664,46.666666666666664,61.53846153846154,55.391025641025635,74
Physical Chess 5,43.75,31.25,40.0,69.23076923076923,91.66666666666666,55.17948717948718,72
United Services Recreation Club 4,62.5,43.75,37.5,57.14285714285714,33.33333333333333,46.845238095238095,74
Hong Kong Cricket Club 8,33.33333333333333,50.0,44.44444444444444,56.25,50.0,46.80555555555556,82
HKIS Div 15,56.25,60.0,53.333333333333336,28.57142857142857,30.76923076923077,45.78479853479854,73
Sha Tin 7,35.294117647058826,17.647058823529413,50.0,35.714285714285715,46.15384615384615,36.961861667744024,77
