Team,Rubber 1 Win %,Rubber 2 Win %,Rubber 3 Win %,Rubber 4 Win %,Rubber 5 Win %,avg_win_perc,Total Rubbers
X-Alpha 3,70.58823529411765,73.33333333333333,66.66666666666666,38.46153846153847,58.333333333333336,61.47662141779789,72
Hong Kong Football Club 7A,38.88888888888889,47.05882352941176,61.111111111111114,41.17647058823529,76.47058823529412,52.941176470588246,87
UST,75.0,43.75,31.25,62.5,33.33333333333333,49.166666666666664,79
The Best Group 1,37.5,62.5,56.25,46.666666666666664,42.857142857142854,49.154761904761905,77
Hong Kong Cricket Club 5,29.411764705882355,52.94117647058824,64.70588235294117,60.0,30.76923076923077,47.56561085972851,79
Vitality Squash 1,26.666666666666668,50.0,41.66666666666667,55.55555555555556,50.0,44.777777777777786,56
Kinetic 1,70.58823529411765,23.52941176470588,25.0,46.666666666666664,53.333333333333336,43.82352941176471,80
