Team,Rubber 1 Win %,Rubber 2 Win %,Rubber 3 Win %,Rubber 4 Win %,Rubber 5 Win %,avg_win_perc
Royal Hong Kong Yacht Club Div 15,5.555555555555557,-11.111111111111114,26.388888888888886,49.206349206349216,21.42857142857143,18.293650793650805
Sha Tin 7,-30.0,-50.0,23.333333333333336,80.0,46.66666666666667,14.0
Hong Kong Cricket Club 8,-22.22222222222222,55.555555555555564,-22.22222222222223,1.5873015873015817,17.142857142857146,5.968253968253961
Squashathon One,-33.33333333333333,-6.666666666666671,10.0,26.666666666666657,30.0,5.333333333333336
HKIS Div 15,-26.984126984126988,-21.42857142857143,-7.142857142857139,28.57142857142857,26.19047619047619,-0.15873015873015106
United Services Recreation Club 4,-4.166666666666657,-30.555555555555557,16.66666666666667,7.142857142857139,4.761904761904759,-1.2301587301587276
Physical Chess 5,-26.666666666666657,3.3333333333333357,-26.666666666666657,35.0,0.0,-3.0
