Team,Rubber 1 Win %,Rubber 2 Win %,Rubber 3 Win %,Rubber 4 Win %,avg_win_perc,Total Rubbers
JESSICA L2,83.33333333333334,83.33333333333334,83.33333333333334,50.0,75.0,22
Kowloon Cricket Club L2,62.5,100.0,62.5,71.42857142857143,74.10714285714286,31
Hong Kong Football Club L2B,33.33333333333333,66.66666666666666,66.66666666666666,100.0,66.66666666666666,12
Hong Kong Cricket Club L2,12.5,50.0,12.5,25.0,25.0,32
Hong Kong Football Club L2A,33.33333333333333,0.0,0.0,50.0,20.833333333333332,11
Hong Kong Football Club L2C,0.0,0.0,20.0,50.0,17.5,19
