Team,Played,Won,Lost,Points,Playoffs,1,2,3,4,5
Kowloon Cricket Club 2,16,15.0,1.0,82.0,100.0,100.0,0.0,0.0,0.0,0.0
Hong Kong Football Club 2A,16,12.704704704704705,3.295295295295295,58.72472472472472,100.0,0.0,100.0,0.0,0.0,0.0
Hong Kong Football Club 2B,16,5.661661661661662,10.338338338338339,39.61461461461462,99.99999999999999,0.0,0.0,89.38938938938938,10.61061061061061,0.0
Hong Kong Cricket Club D2,16,5.295295295295295,10.704704704704705,36.27527527527528,99.99999999999999,0.0,0.0,10.61061061061061,89.38938938938938,0.0
Young Player 2,16,1.3383383383383383,14.661661661661661,22.385385385385383,0.0,0.0,0.0,0.0,0.0,100.0
