Team,Played,Won,Lost,Points,Playoffs,1,2,3,4,5,6,7,8
X-Alpha 1,21,19.41741741741742,1.5825825825825826,101.56556556556556,100.0,100.0,0.0,0.0,0.0,0.0,0.0,0.0,0.0
Kowloon Cricket Club 3B,21,14.314314314314315,6.685685685685685,78.15515515515516,100.0,0.0,84.98498498498499,15.015015015015015,0.0,0.0,0.0,0.0,0.0
Happy Squash 1,21,13.048048048048049,7.951951951951952,75.16516516516516,100.0,0.0,15.015015015015015,84.88488488488488,0.10010010010010009,0.0,0.0,0.0,0.0
NEXUS 1,21,11.037037037037036,9.962962962962964,66.14614614614615,97.1971971971972,0.0,0.0,0.10010010010010009,97.09709709709709,2.8028028028028027,0.0,0.0,0.0
Hong Kong Football Club 3A,21,9.767767767767769,11.232232232232231,60.152152152152155,2.8028028028028027,0.0,0.0,0.0,2.8028028028028027,97.1971971971972,0.0,0.0,0.0
United Services Recreation Club 1,21,6.54054054054054,14.45945945945946,43.37037037037037,0.0,0.0,0.0,0.0,0.0,0.0,72.37237237237237,26.426426426426424,1.2012012012012012
Hong Kong Football Club 3B,21,5.1841841841841845,15.815815815815816,41.62262262262262,0.0,0.0,0.0,0.0,0.0,0.0,26.826826826826828,61.46146146146146,11.711711711711711
Kowloon Cricket Club 3A,21,4.6906906906906904,16.30930930930931,37.82282282282282,0.0,0.0,0.0,0.0,0.0,0.0,0.8008008008008007,12.112112112112113,87.08708708708708
