Team Name,Home,Average Home Score,Average Away Score,home_away_diff
Hong Kong Football Club L2A,Hong Kong Football Club,1.6,0.6666666666666666,0.9333333333333335
Kowloon Cricket Club L2,Kowloon Cricket Club,3.2857142857142856,3.0,0.2857142857142856
JESSICA L2,HK Squash Centre,2.75,2.5714285714285716,0.17857142857142838
Hong Kong Football Club L2C,Hong Kong Football Club,1.0,0.8333333333333334,0.16666666666666663
Hong Kong Football Club L2B,Hong Kong Football Club,2.6,2.6666666666666665,-0.06666666666666643
Hong Kong Cricket Club L2,Hong Kong Cricket Club,0.8571428571428571,1.0,-0.1428571428571429
