Team,Played,Won,Lost,Points,Playoffs,1,2,3,4,5,6,7,8
X-Alpha 1,21,18.533253325332534,2.466746674667467,103.1021102110211,100.0,100.0,0.0,0.0,0.0,0.0,0.0,0.0,0.0
Kowloon Cricket Club 4,21,14.98879887988799,6.011201120112011,81.81068106810682,99.99999999999999,0.0,81.46814681468146,17.77177717771777,0.7600760076007601,0.0,0.0,0.0,0.0
Hong Kong Football Club 4A,21,14.21912191219122,6.780878087808781,78.02650265026503,100.0,0.0,18.5018501850185,72.32723272327233,9.170917091709171,0.0,0.0,0.0,0.0
Hong Kong Football Club 4B,21,13.203620362036204,7.796379637963796,73.94559455945594,99.86998699869987,0.0,0.030003000300030006,9.900990099009901,89.93899389938994,0.13001300130013002,0.0,0.0,0.0
United Services Recreation Club 1,21,9.004300430043005,11.995699569956995,63.178317831783176,0.13001300130013002,0.0,0.0,0.0,0.13001300130013002,99.86998699869987,0.0,0.0,0.0
NEXUS 2,21,6.60996099609961,14.390039003900391,44.61176117611761,0.0,0.0,0.0,0.0,0.0,0.0,95.21952195219522,4.780478047804781,0.0
Hong Kong Cricket Club 3,21,5.214421442144214,15.785578557855786,39.80688068806881,0.0,0.0,0.0,0.0,0.0,0.0,4.780478047804781,95.21952195219522,0.0
Sha Tin 2,21,2.2265226522652264,18.773477347734772,19.51815181518152,0.0,0.0,0.0,0.0,0.0,0.0,0.0,0.0,100.0
