Team,Rubber 1 Win %,Rubber 2 Win %,Rubber 3 Win %,Rubber 4 Win %,Rubber 5 Win %,avg_win_perc,Total Rubbers
Sha Tin 3,75.0,75.0,100.0,100.0,100.0,90.0,38
Hong Kong Football Club 8,55.55555555555556,66.66666666666666,66.66666666666666,88.88888888888889,71.42857142857143,69.84126984126983,43
Ladies Recreation Club Div 8,71.42857142857143,100.0,85.71428571428571,28.57142857142857,60.0,69.14285714285714,33
Physical Chess 3,44.44444444444444,44.44444444444444,33.33333333333333,66.66666666666666,85.71428571428571,54.92063492063492,43
Squashathon Zero,37.5,37.5,50.0,62.5,71.42857142857143,51.78571428571429,39
Striving Squash,88.88888888888889,44.44444444444444,22.22222222222222,55.55555555555556,12.5,44.722222222222214,44
TOMCAT,33.33333333333333,55.55555555555556,22.22222222222222,11.11111111111111,33.33333333333333,31.111111111111107,42
i-Mask Advance Squash Club 2,37.5,37.5,62.5,12.5,0.0,30.0,38
Kinetic 2,11.11111111111111,0.0,22.22222222222222,22.22222222222222,16.666666666666664,14.444444444444443,42
