Team,Played,Won,Lost,Points,Playoffs,1,2,3,4,5,6,7,8
Ladies Recreation Club Div 14,21,17.01660332066413,3.983396679335867,90.67313462692539,99.99999999999999,95.67913582716542,4.280856171234247,0.040008001600320066,0.0,0.0,0.0,0.0,0.0
Kowloon Cricket Club 14,21,14.620924184836968,6.3790758151630325,79.09961992398479,100.00000000000001,4.300860172034407,85.71714342868574,8.961792358471694,1.0202040408081616,0.0,0.0,0.0,0.0
North District Sports Association 3,21,12.294058811762351,8.705941188237647,69.90838167633527,98.27965593118624,0.020004000800160033,7.7615523104620925,62.032406481296256,28.465693138627724,1.6203240648129626,0.10002000400080016,0.0,0.0
Hong Kong Football Club 14A,21,11.853370674134826,9.146629325865174,66.30526105221044,93.3986797359472,0.0,2.2204440888177635,28.325665133026607,62.85257051410282,5.821164232846569,0.6801360272054411,0.10002000400080016,0.0
Electrify Squash Div 14,21,7.877375475095019,13.122624524904982,55.80656131226245,6.221244248849771,0.0,0.020004000800160033,0.5201040208041607,5.6811362272454495,53.110622124424886,26.865373074614922,13.80276055211042,0.0
Hong Kong Football Club 14B,21,7.524504900980196,13.475495099019804,52.357071414282856,1.5603120624124824,0.0,0.0,0.10002000400080016,1.4602920584116823,26.845369073814762,39.227845569113825,32.36647329465893,0.0
8 Virtues + 1,21,10.18503700740148,10.81496299259852,49.87177435487098,0.5401080216043208,0.0,0.0,0.020004000800160033,0.5201040208041607,12.60252050410082,33.126625325065014,53.730746149229844,0.0
X-Alpha 6,21,2.628125625125025,18.371874374874974,23.978195639127826,0.0,0.0,0.0,0.0,0.0,0.0,0.0,0.0,100.0
