Team Name,Home,Average Home Score,Average Away Score,home_away_diff
Yuen Long District Sports Association Limited,Yuen Long Jockey Club Squash Courts,3.0,0.8333333333333334,2.1666666666666665
Hong Kong Football Club 13,Hong Kong Football Club,3.4285714285714284,1.5714285714285714,1.857142857142857
Fusion Squash Club 3,HK Squash Centre,3.0,1.5,1.5
TNG 2,Cornwall Street Squash Centre,3.2857142857142856,1.8333333333333333,1.4523809523809523
Happy Squash 4,Wai Tsuen Sports Centre,4.0,2.6666666666666665,1.3333333333333335
Squashathon One,Cornwall Street Squash Centre,3.6666666666666665,2.4,1.2666666666666666
Kinetic 4,Pei Ho Street Sports Centre,1.625,0.4,1.225
Kowloon Cricket Club 13,Kowloon Cricket Club,3.625,2.4285714285714284,1.1964285714285716
Electrify Squash Div 13,HK Squash Centre,3.3333333333333335,2.8333333333333335,0.5
