Team,Rubber 1 Win %,Rubber 2 Win %,Rubber 3 Win %,Rubber 4 Win %,Rubber 5 Win %,avg_win_perc,Total Rubbers
The Hong Kong Jockey Club Div 10,77.77777777777779,55.55555555555556,88.88888888888889,88.88888888888889,88.88888888888889,80.0,45
United Services Recreation Club 3,33.33333333333333,44.44444444444444,77.77777777777779,77.77777777777779,77.77777777777779,62.222222222222214,45
Banbil,62.5,75.0,37.5,75.0,50.0,60.0,40
RELAY 1,77.77777777777779,77.77777777777779,66.66666666666666,44.44444444444444,22.22222222222222,57.777777777777786,45
Bravo D10,62.5,37.5,12.5,25.0,25.0,32.5,40
Sha Tin 4,0.0,37.5,12.5,25.0,75.0,30.0,40
Craigengower Cricket Club,28.57142857142857,14.285714285714285,42.857142857142854,0.0,0.0,17.142857142857142,35
