Team,Rubber 1 Win %,Rubber 2 Win %,Rubber 3 Win %,Rubber 4 Win %,Rubber 5 Win %,avg_win_perc,Total Rubbers
X-Alpha 1,100.0,100.0,55.55555555555556,100.0,77.77777777777779,86.66666666666666,45
Kowloon Cricket Club 4,60.0,70.0,90.0,60.0,80.0,72.0,50
Hong Kong Football Club 4A,20.0,80.0,50.0,60.0,66.66666666666666,55.33333333333333,49
United Services Recreation Club 1,80.0,60.0,60.0,33.33333333333333,22.22222222222222,51.11111111111111,48
Hong Kong Football Club 4B,30.0,20.0,70.0,60.0,60.0,48.0,50
NEXUS 2,80.0,30.0,30.0,40.0,14.285714285714285,38.857142857142854,47
Hong Kong Cricket Club 3,30.0,40.0,30.0,30.0,37.5,33.5,48
Sha Tin 2,0.0,0.0,11.11111111111111,12.5,16.666666666666664,8.055555555555554,41
