Team,Rubber 1 Win %,Rubber 2 Win %,Rubber 3 Win %,Rubber 4 Win %,Rubber 5 Win %,avg_win_perc,Total Rubbers
X-Alpha 3,88.88888888888889,87.5,66.66666666666666,28.57142857142857,66.66666666666666,67.65873015873015,39
Hong Kong Football Club 7A,33.33333333333333,25.0,66.66666666666666,62.5,75.0,52.5,42
Vitality Squash 1,14.285714285714285,71.42857142857143,57.14285714285714,40.0,75.0,51.57142857142858,30
UST,75.0,50.0,25.0,62.5,37.5,50.0,40
Kinetic 1,75.0,25.0,25.0,37.5,62.5,45.0,40
Hong Kong Cricket Club 5,12.5,50.0,75.0,57.14285714285714,16.666666666666664,42.26190476190476,37
The Best Group 1,44.44444444444444,44.44444444444444,33.33333333333333,55.55555555555556,25.0,40.55555555555556,44
