Team,Rubber 1 Win %,Rubber 2 Win %,Rubber 3 Win %,Rubber 4 Win %,avg_win_perc,Total Rubbers
Kowloon Cricket Club L2,50.0,90.0,70.0,75.0,71.25,38
JESSICA L2,90.0,60.0,90.0,44.44444444444444,71.11111111111111,39
Hong Kong Football Club L2B,60.0,90.0,70.0,55.55555555555556,68.88888888888889,39
Hong Kong Football Club L2A,60.0,20.0,20.0,66.66666666666666,41.666666666666664,39
Hong Kong Cricket Club L2,20.0,40.0,20.0,20.0,25.0,40
Hong Kong Football Club L2C,20.0,0.0,30.0,42.857142857142854,23.214285714285715,37
