Team,Played,Won,Lost,Points,Playoffs,1,2,3,4,5,6,7,8,9
FC 3,16,14.2696,1.7304,72.9054,100.0,83.1,14.2,2.7,0.0,0.0,0.0,0.0,0.0,0.0
Hong Kong Football Club 10A,16,12.8574,3.1426,68.2774,100.0,15.58,71.28,13.139999999999999,0.0,0.0,0.0,0.0,0.0,0.0
Kowloon Cricket Club 10,16,11.5472,4.4528,64.1126,100.0,1.32,14.52,84.16,0.0,0.0,0.0,0.0,0.0,0.0
Social Squash Team,16,8.3916,7.6084,47.565200000000004,70.24000000000001,0.0,0.0,0.0,70.24000000000001,25.96,3.4799999999999995,0.32,0.0,0.0
Hong Kong Football Club 10B,16,6.7152,9.2848,44.9298,28.52,0.0,0.0,0.0,28.52,60.46,9.56,1.46,0.0,0.0
HKU,16,6.7501999999999995,9.2498,38.0254,0.72,0.0,0.0,0.0,0.72,8.06,55.300000000000004,32.16,3.62,0.13999999999999999
Twister 2,16,6.1436,9.8564,36.6348,0.52,0.0,0.0,0.0,0.52,5.5,29.9,53.400000000000006,9.02,1.66
The Best Group,16,3.525,12.475,30.1614,0.0,0.0,0.0,0.0,0.0,0.02,1.4000000000000001,8.64,58.120000000000005,31.819999999999997
The Hong Kong Jockey Club Div 10,16,1.8002,14.1998,28.387999999999998,0.0,0.0,0.0,0.0,0.0,0.0,0.36,4.02,29.24,66.38
