Team,Played,Won,Lost,Points,Playoffs,1,2,3,4,5,6,7,8,9
FC 3,16,14.1416,1.8584,72.2954,99.99999999999999,91.72,7.539999999999999,0.74,0.0,0.0,0.0,0.0,0.0,0.0
Hong Kong Football Club 10A,16,12.193,3.807,64.5476,100.0,7.88,78.58000000000001,12.879999999999999,0.66,0.0,0.0,0.0,0.0,0.0
Kowloon Cricket Club 10,16,10.7636,5.2364,58.864999999999995,99.78,0.4,13.020000000000001,75.92,10.440000000000001,0.2,0.02,0.0,0.0,0.0
Social Squash Team,16,9.5842,6.4158,51.2732,90.04,0.0,0.86,10.280000000000001,78.9,8.58,1.3,0.08,0.0,0.0
Hong Kong Football Club 10B,16,6.8708,9.1292,43.5428,8.06,0.0,0.0,0.16,7.9,57.96,23.419999999999998,9.379999999999999,1.08,0.1
Twister 2,16,6.5054,9.4946,39.081199999999995,0.8,0.0,0.0,0.0,0.8,16.68,35.02,36.52,9.22,1.76
HKU,16,6.441,9.559000000000001,38.885999999999996,1.32,0.0,0.0,0.02,1.3,15.8,35.96,37.18,8.200000000000001,1.54
The Hong Kong Jockey Club Div 10,16,2.4656,13.5344,32.074200000000005,0.0,0.0,0.0,0.0,0.0,0.64,2.78,10.639999999999999,45.540000000000006,40.400000000000006
The Best Group,16,3.0348,12.9652,30.4346,0.0,0.0,0.0,0.0,0.0,0.13999999999999999,1.5,6.2,35.96,56.2
