Team,Played,Won,Lost,Points,Playoffs,1,2,3,4,5,6,7,8,9
FC 3,16,15.182318231823182,0.8176817681768177,74.6937693769377,99.99999999999999,83.51835183518351,16.48164816481648,0.0,0.0,0.0,0.0,0.0,0.0,0.0
Hong Kong Football Club 10A,16,13.395639563956395,2.6043604360436046,71.54785478547855,99.99999999999999,16.48164816481648,83.5083508350835,0.010001000100010001,0.0,0.0,0.0,0.0,0.0,0.0
Kowloon Cricket Club 10,16,11.637463746374637,4.362536253625363,63.51505150515052,99.99999999999999,0.0,0.010001000100010001,99.98999899989998,0.0,0.0,0.0,0.0,0.0,0.0
Social Squash Team,16,8.924992499249925,7.0750075007500755,51.72587258725873,99.75997599759975,0.0,0.0,0.0,99.75997599759975,0.24002400240024005,0.0,0.0,0.0,0.0
Hong Kong Football Club 10B,16,5.96959695969597,10.03040304030403,42.872987298729875,0.23002300230023,0.0,0.0,0.0,0.23002300230023,54.56545654565457,45.2045204520452,0.0,0.0,0.0
Twister 2,16,6.730473047304731,9.26952695269527,41.997699769977,0.010001000100010001,0.0,0.0,0.0,0.010001000100010001,45.19451945194519,54.7954795479548,0.0,0.0,0.0
HKU,16,5.544754475447545,10.455245524552454,32.16891689168917,0.0,0.0,0.0,0.0,0.0,0.0,0.0,68.88688868886888,31.113111311131114,0.0
The Best Group,16,4.032503250325032,11.967496749674968,30.116711671167117,0.0,0.0,0.0,0.0,0.0,0.0,0.0,31.113111311131114,67.95679567956796,0.9300930093009301
The Hong Kong Jockey Club Div 10,16,0.5822582258225822,15.417741774177419,22.361136113611362,0.0,0.0,0.0,0.0,0.0,0.0,0.0,0.0,0.9300930093009301,99.06990699069908
