Team,Played,Won,Lost,Points,Playoffs,1,2,3,4,5,6,7,8,9
FC 3,16,14.848084808480849,1.151915191519152,74.32063206320632,100.0,82.41824182418242,17.551755175517552,0.030003000300030006,0.0,0.0,0.0,0.0,0.0,0.0
Hong Kong Football Club 10A,16,13.208120812081209,2.791879187918792,70.76587658765877,100.00000000000001,17.581758175817583,81.56815681568158,0.8500850085008501,0.0,0.0,0.0,0.0,0.0,0.0
Kowloon Cricket Club 10,16,11.391239123912392,4.608760876087609,63.46234623462346,100.0,0.0,0.88008800880088,98.79987998799879,0.32003200320032005,0.0,0.0,0.0,0.0,0.0
Social Squash Team,16,9.329232923292329,6.670767076707671,52.37493749374937,99.12991299129914,0.0,0.0,0.32003200320032005,98.80988098809881,0.87008700870087,0.0,0.0,0.0,0.0
Hong Kong Football Club 10B,16,6.257825782578258,9.742174217421741,43.07750775077508,0.87008700870087,0.0,0.0,0.0,0.87008700870087,76.51765176517652,22.562256225622562,0.05000500050005,0.0,0.0
Twister 2,16,6.3154315431543155,9.684568456845685,39.287228722872285,0.0,0.0,0.0,0.0,0.0,22.612261226122612,74.14741474147415,3.2303230323032306,0.010001000100010001,0.0
HKU,16,5.703370337033704,10.296629662966296,32.80318031803181,0.0,0.0,0.0,0.0,0.0,0.0,3.2403240324032403,75.64756475647565,20.83208320832083,0.28002800280028
The Best Group,16,3.9902990299029906,12.00970097009701,29.96889688968897,0.0,0.0,0.0,0.0,0.0,0.0,0.05000500050005,20.762076207620762,70.67706770677069,8.510851085108511
The Hong Kong Jockey Club Div 10,16,0.9563956395639563,15.043604360436044,24.939393939393938,0.0,0.0,0.0,0.0,0.0,0.0,0.0,0.31003100310031007,8.48084808480848,91.20912091209121
