Team,Played,Won,Lost,Points,Playoffs,1,2,3,4,5,6,7,8,9
FC 3,16,14.262599999999999,1.7374,72.9132,100.0,82.67999999999999,14.82,2.5,0.0,0.0,0.0,0.0,0.0,0.0
Hong Kong Football Club 10A,16,12.8714,3.1286,68.31739999999999,100.0,15.82,70.96000000000001,13.22,0.0,0.0,0.0,0.0,0.0,0.0
Kowloon Cricket Club 10,16,11.5678,4.4322,64.154,100.00000000000001,1.5,14.219999999999999,84.24000000000001,0.04,0.0,0.0,0.0,0.0,0.0
Social Squash Team,16,8.4012,7.598800000000001,47.5908,71.16000000000001,0.0,0.0,0.04,71.12,24.779999999999998,3.7800000000000002,0.27999999999999997,0.0,0.0
Hong Kong Football Club 10B,16,6.7096,9.2904,44.91,27.76,0.0,0.0,0.0,27.76,61.760000000000005,9.32,1.16,0.0,0.0
HKU,16,6.7612000000000005,9.2388,38.0436,0.66,0.0,0.0,0.0,0.66,7.86,54.72,32.9,3.6999999999999997,0.16
Twister 2,16,6.1296,9.8704,36.608599999999996,0.42,0.0,0.0,0.0,0.42,5.6000000000000005,30.5,52.52,9.3,1.66
The Best Group,16,3.5262000000000002,12.4738,30.183999999999997,0.0,0.0,0.0,0.0,0.0,0.0,1.4000000000000001,9.82,57.36,31.419999999999998
The Hong Kong Jockey Club Div 10,16,1.7704,14.2296,28.278399999999998,0.0,0.0,0.0,0.0,0.0,0.0,0.27999999999999997,3.32,29.64,66.75999999999999
