Team,Played,Won,Lost,Points,Playoffs,1,2,3,4,5,6,7,8,9
FC 3,16,14.119399999999999,1.8806,72.2882,100.0,91.86,7.539999999999999,0.6,0.0,0.0,0.0,0.0,0.0,0.0
Hong Kong Football Club 10A,16,12.227599999999999,3.7724,64.6048,100.0,7.7,79.34,12.22,0.74,0.0,0.0,0.0,0.0,0.0
Kowloon Cricket Club 10,16,10.7832,5.2168,58.935199999999995,99.78,0.44,12.26,77.12,9.959999999999999,0.22,0.0,0.0,0.0,0.0
Social Squash Team,16,9.568200000000001,6.4318,51.2628,90.25999999999999,0.0,0.86,9.92,79.47999999999999,8.219999999999999,1.44,0.08,0.0,0.0
Hong Kong Football Club 10B,16,6.8751999999999995,9.1248,43.4916,8.06,0.0,0.0,0.13999999999999999,7.920000000000001,56.84,24.240000000000002,9.719999999999999,1.06,0.08
Twister 2,16,6.5012,9.4988,39.105599999999995,0.88,0.0,0.0,0.0,0.88,16.900000000000002,36.3,35.160000000000004,9.4,1.3599999999999999
HKU,16,6.4374,9.5626,38.863,1.02,0.0,0.0,0.0,1.02,17.34,34.08,37.9,8.5,1.16
The Hong Kong Jockey Club Div 10,16,2.4498,13.5502,32.0094,0.0,0.0,0.0,0.0,0.0,0.36,2.82,10.979999999999999,45.2,40.64
The Best Group,16,3.038,12.962,30.4394,0.0,0.0,0.0,0.0,0.0,0.12,1.1199999999999999,6.16,35.839999999999996,56.76
