Team,Played,Won,Lost,Points,Playoffs,1,2,3,4,5,6,7,8,9
FC 3,16,14.281,1.719,72.9516,100.0,83.58,13.86,2.56,0.0,0.0,0.0,0.0,0.0,0.0
Hong Kong Football Club 10A,16,12.854800000000001,3.1452,68.2914,100.0,15.260000000000002,72.11999999999999,12.620000000000001,0.0,0.0,0.0,0.0,0.0,0.0
Kowloon Cricket Club 10,16,11.5684,4.4315999999999995,64.1292,100.00000000000001,1.16,14.02,84.74000000000001,0.08,0.0,0.0,0.0,0.0,0.0
Social Squash Team,16,8.371,7.629,47.5132,70.16,0.0,0.0,0.08,70.08,25.94,3.56,0.32,0.02,0.0
Hong Kong Football Club 10B,16,6.712,9.288,44.9292,28.7,0.0,0.0,0.0,28.7,61.14000000000001,9.08,1.06,0.02,0.0
HKU,16,6.7456,9.2544,37.9728,0.8200000000000001,0.0,0.0,0.0,0.8200000000000001,7.22,54.76,33.52,3.52,0.16
Twister 2,16,6.1518,9.8482,36.650999999999996,0.32,0.0,0.0,0.0,0.32,5.680000000000001,30.64,52.66,9.06,1.6400000000000001
The Best Group,16,3.5202,12.479800000000001,30.2162,0.0,0.0,0.0,0.0,0.0,0.02,1.54,8.7,58.28,31.46
The Hong Kong Jockey Club Div 10,16,1.7952,14.2048,28.345399999999998,0.0,0.0,0.0,0.0,0.0,0.0,0.42,3.74,29.099999999999998,66.74
