Team,Played,Won,Lost,Points,Playoffs,1,2,3,4,5,6,7,8,9
FC 3,16,14.5756,1.4244,74.1648,100.00000000000001,89.88000000000001,9.28,0.84,0.0,0.0,0.0,0.0,0.0,0.0
Hong Kong Football Club 10A,16,12.8664,3.1336,68.3368,100.0,9.64,74.1,16.259999999999998,0.0,0.0,0.0,0.0,0.0,0.0
Kowloon Cricket Club 10,16,11.777,4.223,64.0658,100.0,0.48,16.619999999999997,82.82000000000001,0.08,0.0,0.0,0.0,0.0,0.0
Social Squash Team,16,8.8538,7.1462,49.4676,92.14,0.0,0.0,0.08,92.06,7.66,0.2,0.0,0.0,0.0
Hong Kong Football Club 10B,16,6.3654,9.6346,43.4262,7.6,0.0,0.0,0.0,7.6,79.9,11.540000000000001,0.96,0.0,0.0
Twister 2,16,6.1690000000000005,9.831,36.7744,0.24,0.0,0.0,0.0,0.24,9.48,40.339999999999996,40.1,8.28,1.5599999999999998
HKU,16,6.3376,9.6624,36.325,0.02,0.0,0.0,0.0,0.02,2.96,45.2,45.16,6.36,0.3
The Best Group,16,3.503,12.497,30.130200000000002,0.0,0.0,0.0,0.0,0.0,0.0,2.34,9.9,56.26,31.5
The Hong Kong Jockey Club Div 10,16,1.5522,14.4478,28.3092,0.0,0.0,0.0,0.0,0.0,0.0,0.38,3.88,29.099999999999998,66.64
