Team,Played,Won,Lost,Points,Playoffs,1,2,3,4,5,6,7
Xavier,18,14.0966,3.9034,75.1188,100.0,97.92,2.02,0.06,0.0,0.0,0.0,0.0
Banbil,18,12.272,5.728,65.845,100.0,1.6400000000000001,50.78,38.86,8.72,0.0,0.0,0.0
Vitality Squash 1,18,11.8,6.2,65.0438,100.0,0.44,43.1,44.64,11.82,0.0,0.0,0.0
Hong Kong Football Club 11,18,10.075800000000001,7.9242,60.288399999999996,100.0,0.0,4.1000000000000005,16.439999999999998,79.46,0.0,0.0,0.0
RELAY 1,18,7.5202,10.479800000000001,43.146,0.0,0.0,0.0,0.0,0.0,89.14,10.84,0.02
TOMCAT,18,4.3934,13.6066,37.9442,0.0,0.0,0.0,0.0,0.0,10.84,85.6,3.56
Hong Kong Cricket Club 5,18,2.842,15.158,30.6138,0.0,0.0,0.0,0.0,0.0,0.02,3.56,96.41999999999999
