Team,Played,Won,Lost,Points,Playoffs,1,2,3,4,5,6,7
Xavier,18,14.542454245424542,3.4575457545754578,78.006200620062,100.0,99.42994299429942,0.57005700570057,0.0,0.0,0.0,0.0,0.0
Banbil,18,12.903190319031903,5.0968096809680965,69.3037303730373,100.0,0.57005700570057,97.1997199719972,2.1702170217021703,0.06000600060006001,0.0,0.0,0.0
Vitality Squash 1,18,11.301930193019302,6.698069806980698,62.001500150015005,100.0,0.0,2.1002100210021,86.0986098609861,11.801180118011802,0.0,0.0,0.0
Hong Kong Football Club 11,18,9.646764676467647,8.353235323532353,57.52045204520452,99.9899989999,0.0,0.13001300130013002,11.731173117311732,88.12881288128813,0.010001000100010001,0.0,0.0
RELAY 1,18,7.504350435043504,10.495649564956496,43.104210421042104,0.010001000100010001,0.0,0.0,0.0,0.010001000100010001,89.99899989999,9.960996099609961,0.030003000300030006
TOMCAT,18,4.331033103310331,13.66896689668967,37.75027502750275,0.0,0.0,0.0,0.0,0.0,9.99099909990999,87.52875287528752,2.4802480248024805
Hong Kong Cricket Club 5,18,2.7702770277027704,15.22972297229723,30.313631363136313,0.0,0.0,0.0,0.0,0.0,0.0,2.51025102510251,97.4897489748975
