Team,Played,Won,Lost,Points,Playoffs,1,2,3,4,5,6,7
Xavier,18,14.237,3.763,77.7058,100.0,90.25999999999999,8.540000000000001,1.2,0.0,0.0,0.0,0.0
Vitality Squash 1,18,12.6776,5.3224,69.362,99.99999999999997,7.359999999999999,56.99999999999999,31.819999999999997,3.82,0.0,0.0,0.0
Banbil,18,12.4972,5.502800000000001,66.7118,100.0,2.36,32.76,55.48,9.4,0.0,0.0,0.0
Hong Kong Football Club 11,18,10.178,7.822,59.5096,99.9,0.02,1.7000000000000002,11.5,86.68,0.1,0.0,0.0
TOMCAT,18,5.735799999999999,12.264199999999999,40.2772,0.08,0.0,0.0,0.0,0.08,73.86,24.98,1.08
RELAY 1,18,6.1844,11.8156,35.963,0.02,0.0,0.0,0.0,0.02,25.36,67.72,6.9
Hong Kong Cricket Club 5,18,1.49,16.509999999999998,28.470599999999997,0.0,0.0,0.0,0.0,0.0,0.6799999999999999,7.3,92.02
