Team,Played,Won,Lost,Points,Playoffs,1,2,3,4,5,6,7
Xavier,18,14.299800000000001,3.7001999999999997,76.8964,100.0,94.96,4.3999999999999995,0.58,0.06,0.0,0.0,0.0
Vitality Squash 1,18,12.0032,5.9968,66.7586,100.0,2.58,44.86,43.64,8.92,0.0,0.0,0.0
Banbil,18,12.710799999999999,5.2892,66.6234,100.00000000000001,2.42,48.02,42.08,7.48,0.0,0.0,0.0
Hong Kong Football Club 11,18,10.457,7.543,59.7046,99.98000000000002,0.04,2.7199999999999998,13.700000000000001,83.52000000000001,0.02,0.0,0.0
TOMCAT,18,5.183,12.817,39.9042,0.02,0.0,0.0,0.0,0.02,67.88,29.56,2.54
RELAY 1,18,5.886,12.114,36.7706,0.0,0.0,0.0,0.0,0.0,30.2,57.86,11.940000000000001
Hong Kong Cricket Club 5,18,2.4602,15.5398,31.3422,0.0,0.0,0.0,0.0,0.0,1.9,12.58,85.52
