Team,Played,Won,Lost,Points,Playoffs,1,2,3,4,5,6,7
Xavier,18,14.3192,3.6808,77.05539999999999,100.0,89.92,8.38,1.66,0.04,0.0,0.0,0.0
Vitality Squash 1,18,12.8722,5.127800000000001,69.1876,100.0,6.92,59.86,29.7,3.52,0.0,0.0,0.0
Banbil,18,12.4894,5.5106,66.7406,100.0,3.1199999999999997,29.92,57.620000000000005,9.34,0.0,0.0,0.0
Hong Kong Football Club 11,18,10.2088,7.7912,59.6054,99.82000000000001,0.04,1.8399999999999999,11.020000000000001,86.92,0.18,0.0,0.0
TOMCAT,18,5.4597999999999995,12.540199999999999,40.105199999999996,0.16,0.0,0.0,0.0,0.16,68.34,30.520000000000003,0.98
RELAY 1,18,6.151,11.849,36.8286,0.02,0.0,0.0,0.0,0.02,30.98,63.82,5.18
Hong Kong Cricket Club 5,18,1.4996,16.5004,28.4772,0.0,0.0,0.0,0.0,0.0,0.5,5.66,93.84
