Team,Played,Won,Lost,Points,Playoffs,1,2,3,4,5,6,7
Xavier,18,14.798879887988798,3.201120112011201,81.14581458145814,100.0,100.0,0.0,0.0,0.0,0.0,0.0,0.0
Banbil,18,12.501650165016502,5.4983498349834985,65.85248524852486,100.0,0.0,74.07740774077408,25.922592259225922,0.0,0.0,0.0,0.0
Vitality Squash 1,18,11.706070607060706,6.293929392939294,64.7033703370337,100.0,0.0,25.922592259225922,74.01740174017402,0.06000600060006001,0.0,0.0,0.0
Hong Kong Football Club 11,18,9.7992799279928,8.2007200720072,58.08420842084208,100.0,0.0,0.0,0.06000600060006001,99.93999399939995,0.0,0.0,0.0
RELAY 1,18,7.455845584558456,10.544154415441543,43.973797379737974,0.0,0.0,0.0,0.0,0.0,100.0,0.0,0.0
TOMCAT,18,3.4006400640064007,14.599359935993599,33.846384638463846,0.0,0.0,0.0,0.0,0.0,0.0,88.73887388738873,11.261126112611262
Hong Kong Cricket Club 5,18,3.3376337633763375,14.662366236623662,30.393939393939394,0.0,0.0,0.0,0.0,0.0,0.0,11.261126112611262,88.73887388738873
