Team,Played,Won,Lost,Points,Playoffs,1,2,3,4,5,6,7,8
Hong Kong Cricket Club 6,21,17.91869186918692,3.081308130813081,92.53515351535154,99.99999999999999,79.73797379737974,19.921992199219922,0.34003400340034,0.0,0.0,0.0,0.0,0.0
Squashathon Zero,21,15.845084508450846,5.154915491549155,89.24682468246824,100.0,20.23202320232023,76.90769076907691,2.8602860286028604,0.0,0.0,0.0,0.0,0.0
i-Mask Advance Squash Club 3,21,15.873287328732873,5.126712671267127,81.28172817281728,100.0,0.030003000300030006,3.17031703170317,96.68966896689669,0.11001100110011,0.0,0.0,0.0,0.0
Sha Tin Squash Rackets Club 3,21,11.945694569456945,9.054305430543055,67.61616161616162,100.0,0.0,0.0,0.11001100110011,99.8899889988999,0.0,0.0,0.0,0.0
MERCURY,21,6.358235823582358,14.641764176417642,48.58135813581358,0.0,0.0,0.0,0.0,0.0,55.62556255625562,41.104110411041106,3.2603260326032606,0.010001000100010001
Kinetic 1,21,6.487548754875488,14.512451245124513,48.05570557055705,0.0,0.0,0.0,0.0,0.0,43.71437143714371,51.45514551455146,4.8004800480048,0.030003000300030006
Studio Pro,21,5.763376337633764,15.236623662366236,41.293429342934296,0.0,0.0,0.0,0.0,0.0,0.6600660066006601,7.330733073307331,89.50895089508951,2.5002500250025
Ladies Recreation Club Div 12,21,3.808080808080808,17.19191919191919,33.38963896389639,0.0,0.0,0.0,0.0,0.0,0.0,0.11001100110011,2.43024302430243,97.45974597459745
