Team,Played,Won,Lost,Points,Playoffs,1,2,3,4,5,6,7,8
Hong Kong Cricket Club 6,21,16.224322432243227,4.775677567756776,84.14061406140614,100.00000000000001,53.97539753975398,30.443044304430444,14.981498149814982,0.6000600060006,0.0,0.0,0.0,0.0
Squashathon Zero,21,14.252725272527252,6.747274727472748,81.52225222522253,100.0,27.19271927192719,35.75357535753575,34.51345134513451,2.54025402540254,0.0,0.0,0.0,0.0
i-Mask Advance Squash Club 3,21,15.154815481548155,5.845184518451845,80.01710171017102,99.94999499949995,18.731873187318733,32.983298329832984,44.694469446944694,3.5403540354035403,0.05000500050005,0.0,0.0,0.0
Sha Tin Squash Rackets Club 3,21,11.936993699369937,9.063006300630063,66.36673667366736,94.06940694069408,0.1000100010001,0.8200820082008201,5.7905790579057905,87.35873587358736,5.0405040504050405,0.79007900790079,0.09000900090009001,0.010001000100010001
Studio Pro,21,8.413141314131412,12.586858685868588,52.8935893589359,3.3903390339033903,0.0,0.0,0.0,3.3903390339033903,47.06470647064707,38.01380138013801,10.00100010001,1.5301530153015301
MERCURY,21,7.558155815581558,13.441844184418443,52.76647664766477,2.54025402540254,0.0,0.0,0.020002000200020003,2.5202520252025202,41.684168416841686,41.194119411941195,12.51125112511251,2.07020702070207
Kinetic 1,21,5.384738473847385,15.615261526152615,45.26682668266827,0.040004000400040006,0.0,0.0,0.0,0.040004000400040006,4.930493049304931,14.78147814781478,52.00520052005201,28.24282428242824
Ladies Recreation Club Div 12,21,5.075107510751075,15.924892489248926,41.026402640264024,0.010001000100010001,0.0,0.0,0.0,0.010001000100010001,1.2301230123012301,5.2205220522052205,25.392539253925396,68.14681468146814
