Team,Played,Won,Lost,Points,Playoffs,1,2,3,4,5,6,7,8
Hong Kong Cricket Club 6,21,17.6354,3.3646000000000003,90.3556,100.0,73.66,23.28,3.06,0.0,0.0,0.0,0.0,0.0
Squashathon Zero,21,15.407,5.593,87.4644,100.00000000000001,24.060000000000002,55.800000000000004,20.14,0.0,0.0,0.0,0.0,0.0
i-Mask Advance Squash Club 3,21,16.2854,4.7146,82.9362,100.0,2.2800000000000002,20.919999999999998,76.72,0.08,0.0,0.0,0.0,0.0
Sha Tin Squash Rackets Club 3,21,11.9036,9.0964,67.4834,100.0,0.0,0.0,0.08,99.92,0.0,0.0,0.0,0.0
Kinetic 1,21,6.809,14.190999999999999,50.3876,0.0,0.0,0.0,0.0,0.0,71.34,25.900000000000002,2.76,0.0
MERCURY,21,5.8244,15.1756,47.5092,0.0,0.0,0.0,0.0,0.0,26.52,56.48,16.82,0.18
Studio Pro,21,6.316,14.684000000000001,42.4292,0.0,0.0,0.0,0.0,0.0,2.1399999999999997,17.599999999999998,78.44,1.82
Ladies Recreation Club Div 12,21,3.8192,17.1808,33.4344,0.0,0.0,0.0,0.0,0.0,0.0,0.02,1.9800000000000002,98.0
