Team,Played,Won,Lost,Points,Playoffs,1,2,3,4,5,6,7,8
Hong Kong Cricket Club 6,21,16.617,4.383,84.0648,100.0,46.12,30.080000000000002,22.52,1.28,0.0,0.0,0.0,0.0
i-Mask Advance Squash Club 3,21,16.0112,4.9887999999999995,82.594,99.99999999999999,27.639999999999997,37.04,31.86,3.46,0.0,0.0,0.0,0.0
Squashathon Zero,21,14.1836,6.8164,82.4296,100.0,26.16,31.540000000000003,39.300000000000004,3.0,0.0,0.0,0.0,0.0
Sha Tin Squash Rackets Club 3,21,12.3954,8.6046,70.32,99.52,0.08,1.34,6.32,91.78,0.45999999999999996,0.02,0.0,0.0
Studio Pro,21,8.4754,12.5246,52.1258,0.36,0.0,0.0,0.0,0.36,59.599999999999994,29.28,10.5,0.26
MERCURY,21,6.5329999999999995,14.466999999999999,49.4964,0.1,0.0,0.0,0.0,0.1,25.919999999999998,41.099999999999994,31.2,1.68
Kinetic 1,21,5.9524,15.0476,47.1792,0.02,0.0,0.0,0.0,0.02,13.900000000000002,28.74,53.879999999999995,3.46
Ladies Recreation Club Div 12,21,3.832,17.168,35.7902,0.0,0.0,0.0,0.0,0.0,0.12,0.86,4.42,94.6
