Team,Played,Won,Lost,Points,Playoffs,1,2,3,4,5,6,7,8
i-Mask Advance Squash Club 3,21,16.2574,4.7425999999999995,83.7228,100.0,39.879999999999995,31.46,26.3,2.36,0.0,0.0,0.0,0.0
Hong Kong Cricket Club 6,21,16.1104,4.8896,82.9904,100.0,32.9,34.36,30.520000000000003,2.22,0.0,0.0,0.0,0.0
Squashathon Zero,21,14.541599999999999,6.4584,82.789,100.00000000000001,27.02,32.940000000000005,36.96,3.08,0.0,0.0,0.0,0.0
Sha Tin Squash Rackets Club 3,21,12.614799999999999,8.385200000000001,71.3084,99.91999999999999,0.2,1.24,6.22,92.25999999999999,0.08,0.0,0.0,0.0
Kinetic 1,21,6.8536,14.1464,50.6462,0.04,0.0,0.0,0.0,0.04,40.760000000000005,35.52,23.48,0.2
Studio Pro,21,8.022,12.978,50.354600000000005,0.04,0.0,0.0,0.0,0.04,41.660000000000004,35.96,22.06,0.27999999999999997
MERCURY,21,6.1294,14.8706,47.8682,0.0,0.0,0.0,0.0,0.0,17.5,28.26,52.32,1.92
Ladies Recreation Club Div 12,21,3.4708,17.5292,34.3204,0.0,0.0,0.0,0.0,0.0,0.0,0.26,2.1399999999999997,97.6
