Team,Played,Won,Lost,Points,Playoffs,1,2,3,4,5,6,7,8
Hong Kong Cricket Club 6,21,18.16211621162116,2.837883788378838,93.63226322632264,99.99999999999999,76.13761376137613,23.78237823782378,0.08000800080008001,0.0,0.0,0.0,0.0,0.0
Squashathon Zero,21,16.047204720472045,4.952795279527953,91.04000400040005,100.0,23.85238523852385,74.007400740074,2.1402140214021403,0.0,0.0,0.0,0.0,0.0
i-Mask Advance Squash Club 3,21,16.14891489148915,4.851085108510851,83.45054505450545,100.0,0.010001000100010001,2.21022102210221,97.77977797779778,0.0,0.0,0.0,0.0,0.0
Sha Tin Squash Rackets Club 3,21,10.417841784178417,10.582158215821583,60.667966796679664,99.76997699769977,0.0,0.0,0.0,99.76997699769977,0.23002300230023,0.0,0.0,0.0
MERCURY,21,7.1272127212721275,13.872787278727873,51.57035703570357,0.23002300230023,0.0,0.0,0.0,0.23002300230023,91.36913691369138,8.380838083808381,0.020002000200020003,0.0
Kinetic 1,21,6.087608760876088,14.912391239123913,45.45964596459646,0.0,0.0,0.0,0.0,0.0,8.4008400840084,85.95859585958596,5.540554055405541,0.1000100010001
Studio Pro,21,5.601360136013602,15.398639863986398,39.56105610561056,0.0,0.0,0.0,0.0,0.0,0.0,5.41054105410541,88.51885188518852,6.070607060706071
Ladies Recreation Club Div 12,21,4.407740774077408,16.592259225922593,34.61816181618162,0.0,0.0,0.0,0.0,0.0,0.0,0.25002500250025006,5.920592059205921,93.82938293829383
