Team,Played,Won,Lost,Points,Playoffs,1,2,3,4,5,6,7,8
Hong Kong Cricket Club 6,21,18.35913591359136,2.640864086408641,95.47544754475447,100.0,83.83838383838383,16.161616161616163,0.0,0.0,0.0,0.0,0.0,0.0
Squashathon Zero,21,16.33933393339334,4.660666066606661,92.31713171317132,100.0,16.161616161616163,82.42824282428242,1.4101410141014101,0.0,0.0,0.0,0.0,0.0
i-Mask Advance Squash Club 3,21,16.3974397439744,4.602560256025603,85.45454545454545,100.0,0.0,1.4101410141014101,98.58985898589859,0.0,0.0,0.0,0.0,0.0
Sha Tin Squash Rackets Club 3,21,10.078107810781079,10.921892189218921,59.29052905290529,100.0,0.0,0.0,0.0,100.0,0.0,0.0,0.0,0.0
MERCURY,21,6.902090209020902,14.097909790979099,49.61996199619962,0.0,0.0,0.0,0.0,0.0,91.77917791779177,8.22082208220822,0.0,0.0
Kinetic 1,21,5.656465646564657,15.343534353435343,44.695769576957694,0.0,0.0,0.0,0.0,0.0,8.22082208220822,91.30913091309131,0.47004700470047006,0.0
Studio Pro,21,5.371937193719372,15.628062806280628,37.54605460546055,0.0,0.0,0.0,0.0,0.0,0.0,0.47004700470047006,80.75807580758075,18.771877187718772
Ladies Recreation Club Div 12,21,4.895489548954895,16.104510451045105,34.6005600560056,0.0,0.0,0.0,0.0,0.0,0.0,0.0,18.771877187718772,81.22812281228123
