Team,Played,Won,Lost,Points,Playoffs,1,2,3,4,5,6,7,8
i-Mask Advance Squash Club 3,21,16.2516,4.7484,83.7092,100.0,40.42,32.36,24.88,2.34,0.0,0.0,0.0,0.0
Squashathon Zero,21,14.5606,6.4394,82.8522,100.0,27.16,33.86,35.76,3.2199999999999998,0.0,0.0,0.0,0.0
Hong Kong Cricket Club 6,21,16.034,4.966,82.8082,100.0,32.26,32.5,32.46,2.78,0.0,0.0,0.0,0.0
Sha Tin Squash Rackets Club 3,21,12.6528,8.3472,71.4436,99.9,0.16,1.28,6.9,91.56,0.1,0.0,0.0,0.0
Kinetic 1,21,6.8324,14.1676,50.6322,0.08,0.0,0.0,0.0,0.08,41.04,35.76,22.6,0.52
Studio Pro,21,8.0364,12.9636,50.3382,0.0,0.0,0.0,0.0,0.0,41.760000000000005,35.620000000000005,22.24,0.38
MERCURY,21,6.126799999999999,14.8732,47.8208,0.02,0.0,0.0,0.0,0.02,17.080000000000002,28.24,52.459999999999994,2.1999999999999997
Ladies Recreation Club Div 12,21,3.5054,17.4946,34.3956,0.0,0.0,0.0,0.0,0.0,0.02,0.38,2.7,96.89999999999999
