Team,Played,Won,Lost,Points,Playoffs,1,2,3,4,5,6,7,8
Hong Kong Cricket Club 6,21,16.357535753575355,4.642464246424643,83.6918691869187,99.98999899989998,57.77577757775778,27.17271727172717,13.591359135913592,1.45014501450145,0.010001000100010001,0.0,0.0,0.0
i-Mask Advance Squash Club 3,21,15.415741574157416,5.5842584258425845,80.21202120212021,99.98999899989998,23.03230323032303,38.05380538053805,31.873187318731873,7.03070307030703,0.010001000100010001,0.0,0.0,0.0
Squashathon Zero,21,13.515351535153515,7.484648464846485,79.60936093609361,99.92999299929994,18.48184818481848,30.953095309530955,40.234023402340235,10.261026102610261,0.07000700070007,0.0,0.0,0.0
Sha Tin Squash Rackets Club 3,21,12.73847384738474,8.26152615261526,70.60176017601759,97.999799979998,0.7100710071007101,3.8203820382038205,14.3014301430143,79.16791679167918,1.9201920192019204,0.07000700070007,0.010001000100010001,0.0
Studio Pro,21,9.184618461846185,11.815381538153815,54.884988498849886,1.7301730173017302,0.0,0.0,0.0,1.7301730173017302,65.42654265426543,26.512651265126514,6.230623062306231,0.1000100010001
MERCURY,21,7.085508550855086,13.914491449144915,51.853385338533855,0.35003500350035005,0.0,0.0,0.0,0.35003500350035005,26.302630263026305,51.95519551955196,20.59205920592059,0.8000800080008
Kinetic 1,21,5.57975797579758,15.42024202420242,46.916691669166916,0.010001000100010001,0.0,0.0,0.0,0.010001000100010001,6.210621062106211,20.812081208120812,65.69656965696569,7.270727072707271
Ladies Recreation Club Div 12,21,4.123012301230123,16.876987698769877,36.22992299229923,0.0,0.0,0.0,0.0,0.0,0.05000500050005,0.65006500650065,7.470747074707471,91.82918291829183
