Team,Played,Won,Lost,Points,Playoffs,1,2,3,4,5,6,7,8
Hong Kong Cricket Club 6,21,16.5432,4.456799999999999,85.8672,100.0,46.379999999999995,31.34,21.86,0.42,0.0,0.0,0.0,0.0
i-Mask Advance Squash Club 3,21,16.662,4.338,84.3452,100.0,30.740000000000002,35.260000000000005,33.379999999999995,0.62,0.0,0.0,0.0,0.0
Squashathon Zero,21,14.8106,6.1894,83.9558,100.00000000000001,22.86,33.26,42.620000000000005,1.26,0.0,0.0,0.0,0.0
Sha Tin Squash Rackets Club 3,21,12.1234,8.8766,70.379,99.94,0.02,0.13999999999999999,2.1399999999999997,97.64,0.06,0.0,0.0,0.0
Kinetic 1,21,6.6536,14.3464,49.788799999999995,0.06,0.0,0.0,0.0,0.06,48.24,31.22,20.02,0.45999999999999996
MERCURY,21,6.142799999999999,14.857199999999999,47.8876,0.0,0.0,0.0,0.0,0.0,26.02,34.18,38.2,1.6
Studio Pro,21,7.5158000000000005,13.484200000000001,47.278400000000005,0.0,0.0,0.0,0.0,0.0,25.619999999999997,34.160000000000004,39.2,1.02
Ladies Recreation Club Div 12,21,3.5486,17.4514,34.498000000000005,0.0,0.0,0.0,0.0,0.0,0.06,0.44,2.58,96.92
