Team,Played,Won,Lost,Points,Playoffs,1,2,3,4,5,6,7
YLJR 2,18,15.9384,2.0616000000000003,86.108,100.0,100.0,0.0,0.0,0.0,0.0,0.0,0.0
Smart Squash 1,18,12.4316,5.5684000000000005,69.7684,100.0,0.0,43.46,36.94,19.6,0.0,0.0,0.0
TNG 1,18,12.6116,5.3884,69.713,100.0,0.0,42.74,37.32,19.939999999999998,0.0,0.0,0.0
Physical Chess 3,18,10.9536,7.0464,67.0216,100.0,0.0,13.8,25.740000000000002,60.46,0.0,0.0,0.0
JAVA,18,3.9614000000000003,14.0386,30.7534,0.0,0.0,0.0,0.0,0.0,68.24,24.54,7.22
Friend Club 4,18,3.746,14.254,27.358,0.0,0.0,0.0,0.0,0.0,22.28,49.38,28.34
i-Mask Advance Squash Club 4,18,3.3574,14.6426,25.2776,0.0,0.0,0.0,0.0,0.0,9.48,26.08,64.44
