Team,Played,Won,Lost,Points,Playoffs,1,2,3,4,5,6,7
YLJR 2,18,14.988398839883988,3.0116011601160118,79.14011401140114,99.99999999999999,88.38883888388838,10.27102710271027,1.27012701270127,0.07000700070007,0.0,0.0,0.0
Physical Chess 3,18,12.103310331033104,5.896689668966896,71.46024602460247,99.99999999999999,9.25092509250925,56.95569556955695,27.952795279527955,5.840584058405841,0.0,0.0,0.0
TNG 1,18,12.471347134713472,5.528652865286529,67.95259525952595,99.9899989999,2.2002200220022003,28.982898289828984,54.255425542554256,14.551455145514552,0.010001000100010001,0.0,0.0
Smart Squash 1,18,10.588458845884588,7.411541154115412,61.36813681368137,99.85998599859985,0.16001600160016002,3.7903790379037905,16.521652165216523,79.38793879387939,0.14001400140014,0.0,0.0
JAVA,18,5.891089108910891,12.10891089108911,40.725372537253726,0.15001500150015,0.0,0.0,0.0,0.15001500150015,88.33883388338833,11.3011301130113,0.21002100210021002
i-Mask Advance Squash Club 4,18,4.457545754575458,13.542454245424542,32.83028302830283,0.0,0.0,0.0,0.0,0.0,11.25112511251125,83.51835183518351,5.23052305230523
Friend Club 4,18,2.4998499849985,15.5001500150015,22.523252325232523,0.0,0.0,0.0,0.0,0.0,0.26002600260026004,5.18051805180518,94.55945594559456
