Team,Played,Won,Lost,Points,Playoffs,1,2,3,4,5,6,7
YLJR 2,18,15.4962,2.5038,82.3306,100.0,98.96000000000001,1.0,0.02,0.02,0.0,0.0,0.0
Physical Chess 3,18,11.336,6.664,69.4072,100.0,0.8200000000000001,52.68000000000001,27.839999999999996,18.66,0.0,0.0,0.0
Smart Squash 1,18,11.8966,6.103400000000001,66.42920000000001,100.0,0.1,24.959999999999997,38.46,36.480000000000004,0.0,0.0,0.0
TNG 1,18,11.921800000000001,6.0782,65.874,100.0,0.12,21.36,33.68,44.84,0.0,0.0,0.0
JAVA,18,4.965,13.035,36.009,0.0,0.0,0.0,0.0,0.0,79.7,18.740000000000002,1.5599999999999998
i-Mask Advance Squash Club 4,18,4.236000000000001,13.764,30.8854,0.0,0.0,0.0,0.0,0.0,18.82,65.96,15.22
Friend Club 4,18,3.1484,14.851600000000001,25.0646,0.0,0.0,0.0,0.0,0.0,1.48,15.299999999999999,83.22
