Team,Played,Won,Lost,Points,Playoffs,1,2,3,4,5,6,7
YLJR 2,18,15.482800000000001,2.5172,82.273,100.0,98.32,1.6400000000000001,0.04,0.0,0.0,0.0,0.0
TNG 1,18,12.657,5.343,69.7296,100.0,1.02,51.160000000000004,35.92,11.899999999999999,0.0,0.0,0.0
Physical Chess 3,18,11.305,6.695,69.2952,100.0,0.62,41.74,43.26,14.38,0.0,0.0,0.0
Smart Squash 1,18,11.254,6.746,62.9026,100.0,0.04,5.46,20.78,73.72,0.0,0.0,0.0
JAVA,18,4.9352,13.0648,35.968,0.0,0.0,0.0,0.0,0.0,79.96,18.68,1.3599999999999999
i-Mask Advance Squash Club 4,18,4.205,13.795,30.7818,0.0,0.0,0.0,0.0,0.0,18.48,65.66,15.86
Friend Club 4,18,3.161,14.839,25.049799999999998,0.0,0.0,0.0,0.0,0.0,1.5599999999999998,15.659999999999998,82.78
