Team,Played,Won,Lost,Points,Playoffs,1,2,3,4,5,6,7
YLJR 2,18,16.35083508350835,1.649164916491649,87.04470447044704,100.0,100.0,0.0,0.0,0.0,0.0,0.0,0.0
TNG 1,18,12.775577557755776,5.224422442244224,71.38333833383338,100.0,0.0,52.465246524652464,33.703370337033704,13.831383138313832,0.0,0.0,0.0
Smart Squash 1,18,12.534153415341533,5.465846584658466,71.07230723072307,100.0,0.0,39.55395539553955,43.62436243624362,16.821682168216824,0.0,0.0,0.0
Physical Chess 3,18,10.663066306630663,7.336933693369337,67.62916291629163,100.0,0.0,7.980798079807981,22.672267226722674,69.34693469346934,0.0,0.0,0.0
JAVA,18,4.425042504250425,13.574957495749576,32.84548454845485,0.0,0.0,0.0,0.0,0.0,97.07970797079707,2.9202920292029204,0.0
Friend Club 4,18,3.493849384938494,14.506150615061506,25.23852385238524,0.0,0.0,0.0,0.0,0.0,2.9202920292029204,89.43894389438944,7.640764076407641
i-Mask Advance Squash Club 4,18,2.7574757475747576,15.242524252425243,20.786478647864786,0.0,0.0,0.0,0.0,0.0,0.0,7.640764076407641,92.35923592359237
