Team,Played,Won,Lost,Points,Playoffs,1,2,3,4,5,6,7
YLJR 2,18,16.96859685968597,1.0314031403140314,92.15961596159616,100.0,100.0,0.0,0.0,0.0,0.0,0.0,0.0
Smart Squash 1,18,12.675167516751674,5.324832483248325,71.59205920592059,100.0,0.0,87.52875287528752,11.59115911591159,0.88008800880088,0.0,0.0,0.0
Physical Chess 3,18,11.2012201220122,6.798779877987799,68.73267326732673,100.0,0.0,10.791079107910791,59.48594859485949,29.72297229722972,0.0,0.0,0.0
TNG 1,18,11.584758475847584,6.415241524152416,66.32003200320032,100.0,0.0,1.6801680168016802,28.922892289228923,69.3969396939694,0.0,0.0,0.0
JAVA,18,4.449544954495449,13.55045504550455,30.956295629562955,0.0,0.0,0.0,0.0,0.0,96.67966796679667,3.32033203320332,0.0
Friend Club 4,18,3.596059605960596,14.403940394039404,27.06870687068707,0.0,0.0,0.0,0.0,0.0,3.32033203320332,96.0996099609961,0.58005800580058
i-Mask Advance Squash Club 4,18,2.5246524652465245,15.475347534753475,19.17061706170617,0.0,0.0,0.0,0.0,0.0,0.0,0.58005800580058,99.41994199419942
