Team,Played,Won,Lost,Points,Playoffs,1,2,3,4,5,6,7
YLJR 2,18,15.4662,2.5338000000000003,82.281,100.0,98.28,1.5,0.2,0.02,0.0,0.0,0.0
Smart Squash 1,18,12.6304,5.3696,70.537,100.0,1.3,56.86,28.08,13.76,0.0,0.0,0.0
TNG 1,18,12.450199999999999,5.5498,67.99119999999999,100.0,0.36,25.96,40.94,32.74,0.0,0.0,0.0
Physical Chess 3,18,10.7182,7.2818000000000005,66.95060000000001,100.0,0.06,15.68,30.78,53.480000000000004,0.0,0.0,0.0
JAVA,18,4.360799999999999,13.639199999999999,32.409,0.0,0.0,0.0,0.0,0.0,67.74,24.02,8.24
Friend Club 4,18,3.833,14.167,28.666600000000003,0.0,0.0,0.0,0.0,0.0,20.419999999999998,46.68,32.9
i-Mask Advance Squash Club 4,18,3.5412,14.4588,27.1646,0.0,0.0,0.0,0.0,0.0,11.84,29.299999999999997,58.86
