Team,Played,Won,Lost,Points,Playoffs,1,2,3,4,5,6,7
YLJR 2,18,15.028502850285028,2.9714971497149714,79.88018801880187,100.00000000000001,85.55855585558557,11.95119511951195,2.3502350235023504,0.14001400140014,0.0,0.0,0.0
TNG 1,18,13.367536753675367,4.632463246324632,71.87988798879888,100.0,9.26092609260926,47.914791479147915,34.583458345834586,8.24082408240824,0.0,0.0,0.0
Physical Chess 3,18,12.178717871787178,5.821282128212822,71.05330533053305,99.99999999999999,4.970497049704971,36.17361736173617,46.84468446844684,12.01120112011201,0.0,0.0,0.0
Smart Squash 1,18,11.135413541354136,6.8645864586458645,63.82328232823282,100.0,0.21002100210021002,3.9603960396039604,16.22162216221622,79.60796079607961,0.0,0.0,0.0
i-Mask Advance Squash Club 4,18,5.796179617961796,12.203820382038204,38.33583358335834,0.0,0.0,0.0,0.0,0.0,97.66976697669767,2.1802180218021805,0.15001500150015
Friend Club 4,18,3.172017201720172,14.827982798279828,25.68816881688169,0.0,0.0,0.0,0.0,0.0,1.6101610161016102,51.47514751475148,46.914691469146916
JAVA,18,2.3216321632163215,15.678367836783679,25.339333933393338,0.0,0.0,0.0,0.0,0.0,0.7200720072007201,46.34463446344634,52.93529352935293
