Team,Played,Won,Lost,Points,Playoffs,1,2,3,4,5,6,7
YLJR 2,18,16.934293429342933,1.0657065706570656,91.28162816281628,100.0,100.0,0.0,0.0,0.0,0.0,0.0,0.0
Smart Squash 1,18,11.999799979998,6.0002000200020005,69.92599259925993,100.0,0.0,45.1045104510451,36.343634363436344,18.55185518551855,0.0,0.0,0.0
Physical Chess 3,18,11.207520752075208,6.792479247924793,68.78067806780678,100.0,0.0,25.26252625262526,36.22362236223623,38.513851385138516,0.0,0.0,0.0
TNG 1,18,12.267926792679267,5.732073207320732,67.98419841984199,100.0,0.0,29.632963296329635,27.432743274327432,42.93429342934294,0.0,0.0,0.0
JAVA,18,4.2776277627762775,13.722372237223723,31.25082508250825,0.0,0.0,0.0,0.0,0.0,90.3090309030903,9.64096409640964,0.05000500050005
Friend Club 4,18,3.6371637163716373,14.362836283628363,26.235923592359235,0.0,0.0,0.0,0.0,0.0,9.68096809680968,85.7085708570857,4.61046104610461
i-Mask Advance Squash Club 4,18,2.6756675667566756,15.324332433243324,20.54075407540754,0.0,0.0,0.0,0.0,0.0,0.010001000100010001,4.65046504650465,95.33953395339535
