Team,Played,Won,Lost,Points,Playoffs,1,2,3,4,5,6,7
YLJR 2,18,15.4826,2.5174000000000003,82.3078,99.99999999999999,98.6,1.3,0.1,0.0,0.0,0.0,0.0
Physical Chess 3,18,11.3004,6.6996,69.24080000000001,100.0,1.08,51.64,28.24,19.040000000000003,0.0,0.0,0.0
Smart Squash 1,18,11.8748,6.1251999999999995,66.4288,100.0,0.18,24.34,38.58,36.9,0.0,0.0,0.0
TNG 1,18,11.9668,6.0332,65.9832,100.0,0.13999999999999999,22.720000000000002,33.08,44.06,0.0,0.0,0.0
JAVA,18,4.936,13.064,35.937200000000004,0.0,0.0,0.0,0.0,0.0,78.16,20.24,1.6
i-Mask Advance Squash Club 4,18,4.26,13.74,30.9858,0.0,0.0,0.0,0.0,0.0,20.16,64.24,15.6
Friend Club 4,18,3.1794000000000002,14.820599999999999,25.1164,0.0,0.0,0.0,0.0,0.0,1.68,15.52,82.8
