Team,Played,Won,Lost,Points,Playoffs,1,2,3,4,5,6,7
YLJR 2,18,16.955195519551957,1.0448044804480447,92.02750275027503,100.0,100.0,0.0,0.0,0.0,0.0,0.0,0.0
Smart Squash 1,18,12.674867486748674,5.325132513251325,71.61586158615862,99.99999999999999,0.0,76.41764176417641,23.502350235023503,0.08000800080008001,0.0,0.0,0.0
Physical Chess 3,18,11.77997799779978,6.22002200220022,70.02790279027903,100.0,0.0,23.582358235823584,76.41764176417641,0.0,0.0,0.0,0.0
TNG 1,18,11.0,7.0,65.0,100.0,0.0,0.0,0.08000800080008001,99.91999199919992,0.0,0.0,0.0
JAVA,18,4.461646164616462,13.538353835383539,31.000400040004,0.0,0.0,0.0,0.0,0.0,57.505750575057505,42.494249424942495,0.0
Friend Club 4,18,4.044804480448045,13.955195519551955,29.972497249724974,0.0,0.0,0.0,0.0,0.0,42.494249424942495,57.505750575057505,0.0
i-Mask Advance Squash Club 4,18,2.0835083508350833,15.916491649164916,16.355835583558356,0.0,0.0,0.0,0.0,0.0,0.0,0.0,100.0
