Team,Played,Won,Lost,Points,Playoffs,1,2,3,4,5,6,7
YLJR 2,18,16.95009500950095,1.0499049904990498,91.38733873387339,100.0,100.0,0.0,0.0,0.0,0.0,0.0,0.0
Smart Squash 1,18,11.999399939994,6.0006000600060005,69.91779177917792,100.0,0.0,43.544354435443545,38.943894389438945,17.511751175117514,0.0,0.0,0.0
Physical Chess 3,18,11.205620562056206,6.794379437943794,68.7959795979598,100.0,0.0,25.1025102510251,34.623462346234625,40.27402740274027,0.0,0.0,0.0
TNG 1,18,12.250725072507251,5.749274927492749,68.23372337233724,100.0,0.0,31.353135313531354,26.432643264326433,42.21422142214221,0.0,0.0,0.0
JAVA,18,4.333833383338334,13.666166616661666,31.5008500850085,0.0,0.0,0.0,0.0,0.0,95.32953295329533,4.65046504650465,0.020002000200020003
Friend Club 4,18,3.4986498649864988,14.501350135013501,25.31953195319532,0.0,0.0,0.0,0.0,0.0,4.66046604660466,87.48874887488749,7.850785078507851
i-Mask Advance Squash Club 4,18,2.761676167616762,15.238323832383237,20.844784478447846,0.0,0.0,0.0,0.0,0.0,0.010001000100010001,7.860786078607861,92.12921292129212
