Team,Played,Won,Lost,Points,Playoffs,1,2,3,4,5,6,7
YLJR 2,18,15.6052,2.3948,83.66159999999999,100.0,98.42,1.5599999999999998,0.02,0.0,0.0,0.0,0.0
Smart Squash 1,18,12.850999999999999,5.149,72.6172,100.0,1.58,72.7,20.200000000000003,5.52,0.0,0.0,0.0
TNG 1,18,12.414200000000001,5.5858,67.851,100.0,0.0,17.0,45.92,37.08,0.0,0.0,0.0
Physical Chess 3,18,10.896799999999999,7.1032,66.77,100.0,0.0,8.74,33.86,57.4,0.0,0.0,0.0
JAVA,18,4.2306,13.769400000000001,32.8846,0.0,0.0,0.0,0.0,0.0,83.42,13.74,2.8400000000000003
Friend Club 4,18,3.7062,14.293800000000001,27.1756,0.0,0.0,0.0,0.0,0.0,11.92,58.220000000000006,29.86
i-Mask Advance Squash Club 4,18,3.2960000000000003,14.704,25.04,0.0,0.0,0.0,0.0,0.0,4.66,28.04,67.30000000000001
