Team,Played,Won,Lost,Points,Playoffs,1,2,3,4,5,6,7
YLJR 2,18,15.5764,2.4236,83.58840000000001,100.0,98.2,1.72,0.08,0.0,0.0,0.0,0.0
Smart Squash 1,18,12.8432,5.1568000000000005,72.583,100.00000000000001,1.76,72.2,20.0,6.04,0.0,0.0,0.0
TNG 1,18,12.4254,5.5746,67.9282,100.0,0.04,17.0,47.3,35.66,0.0,0.0,0.0
Physical Chess 3,18,10.9006,7.0994,66.788,100.0,0.0,9.08,32.62,58.3,0.0,0.0,0.0
JAVA,18,4.215199999999999,13.7848,32.8442,0.0,0.0,0.0,0.0,0.0,83.12,13.819999999999999,3.06
Friend Club 4,18,3.713,14.286999999999999,27.1292,0.0,0.0,0.0,0.0,0.0,11.700000000000001,56.64,31.66
i-Mask Advance Squash Club 4,18,3.3262,14.6738,25.139,0.0,0.0,0.0,0.0,0.0,5.18,29.54,65.28
