Team,Played,Won,Lost,Points,Playoffs,1,2,3,4,5,6,7,8,9
Greenfield,16,13.2842,2.7157999999999998,70.1908,100.00000000000001,97.26,2.5,0.2,0.04,0.0,0.0,0.0,0.0,0.0
Kinetic 2,16,11.964,4.036,62.7202,99.63999999999999,1.9,54.379999999999995,28.199999999999996,15.160000000000002,0.36,0.0,0.0,0.0,0.0
Hong Kong Football Club 13,16,10.7254,5.2745999999999995,61.9012,98.44,0.52,33.339999999999996,38.74,25.840000000000003,1.5599999999999998,0.0,0.0,0.0,0.0
Kowloon Cricket Club 13,16,11.6428,4.3572,59.4488,95.52000000000001,0.32,9.78,32.4,53.02,4.4799999999999995,0.0,0.0,0.0,0.0
Friend Club 5,16,8.5854,7.4146,53.0984,6.4,0.0,0.0,0.45999999999999996,5.94,92.97999999999999,0.62,0.0,0.0,0.0
i-Mask Advance Squash Club 5,16,6.3722,9.6278,40.635,0.0,0.0,0.0,0.0,0.0,0.62,90.66,7.88,0.84,0.0
ATM,16,4.4594000000000005,11.5406,35.0118,0.0,0.0,0.0,0.0,0.0,0.0,6.78,64.42,28.799999999999997,0.0
BOSS,16,4.2324,11.7676,33.010400000000004,0.0,0.0,0.0,0.0,0.0,0.0,1.94,27.700000000000003,70.36,0.0
Centre Squash,16,0.7342,15.2658,14.9834,0.0,0.0,0.0,0.0,0.0,0.0,0.0,0.0,0.0,100.0
