Team,Played,Won,Lost,Points,Playoffs,1,2,3,4,5,6,7,8,9
Greenfield,16,12.506550655065507,3.4934493449344934,64.8933893389339,97.9097909790979,58.26582658265826,22.43224322432243,11.391139113911391,5.8205820582058205,2.0902090209020905,0.0,0.0,0.0,0.0
Kinetic 2,16,11.61146114611461,4.388538853885389,61.15751575157516,91.67916791679167,19.491949194919492,30.37303730373037,24.57245724572457,17.241724172417243,8.310831083108312,0.010001000100010001,0.0,0.0,0.0
Kowloon Cricket Club 13,16,11.766376637663766,4.233623362336234,60.84878487848785,89.8989898989899,16.28162816281628,28.372837283728376,26.902690269026902,18.341834183418342,10.04100410041004,0.06000600060006001,0.0,0.0,0.0
Hong Kong Football Club 13,16,10.53035303530353,5.469646964696469,58.000500050005,68.83688368836884,3.9403940394039405,11.59115911591159,21.732173217321733,31.573157315731574,30.933093309330932,0.23002300230023,0.0,0.0,0.0
Friend Club 5,16,9.511451145114512,6.488548854885488,56.857885788578855,51.63516351635164,2.0202020202020203,7.230723072307231,15.391539153915392,26.992699269926995,47.92479247924793,0.44004400440044,0.0,0.0,0.0
i-Mask Advance Squash Club 5,16,5.793279327932794,10.206720672067206,41.3992399239924,0.040004000400040006,0.0,0.0,0.010001000100010001,0.030003000300030006,0.65006500650065,70.04700470047005,21.56215621562156,7.700770077007702,0.0
ATM,16,4.756575657565756,11.243424342434244,36.41034103410341,0.0,0.0,0.0,0.0,0.0,0.05000500050005,16.29162916291629,42.12421242124213,41.534153415341535,0.0
BOSS,16,4.657565756575657,11.342434243424343,35.95579557955796,0.0,0.0,0.0,0.0,0.0,0.0,12.921292129212922,36.31363136313631,50.75507550755075,0.010001000100010001
Centre Squash,16,0.8663866386638663,15.133613361336135,15.476547654765476,0.0,0.0,0.0,0.0,0.0,0.0,0.0,0.0,0.010001000100010001,99.98999899989998
