Team,Played,Won,Lost,Points,Playoffs,1,2,3,4,5,6,7,8,9
Greenfield,16,13.283,2.717,70.1944,100.00000000000001,97.22,2.4,0.33999999999999997,0.04,0.0,0.0,0.0,0.0,0.0
Kinetic 2,16,11.9662,4.0338,62.7566,99.66000000000001,1.94,53.620000000000005,29.48,14.62,0.33999999999999997,0.0,0.0,0.0,0.0
Hong Kong Football Club 13,16,10.7362,5.2638,61.8954,98.44000000000003,0.45999999999999996,33.800000000000004,38.440000000000005,25.740000000000002,1.5599999999999998,0.0,0.0,0.0,0.0
Kowloon Cricket Club 13,16,11.661999999999999,4.338,59.4884,96.28,0.38,10.18,31.1,54.620000000000005,3.7199999999999998,0.0,0.0,0.0,0.0
Friend Club 5,16,8.5656,7.4344,53.0396,5.619999999999999,0.0,0.0,0.64,4.9799999999999995,93.92,0.45999999999999996,0.0,0.0,0.0
i-Mask Advance Squash Club 5,16,6.3498,9.6502,40.5704,0.0,0.0,0.0,0.0,0.0,0.45999999999999996,90.92,8.04,0.58,0.0
ATM,16,4.4394,11.5606,34.9488,0.0,0.0,0.0,0.0,0.0,0.0,6.54,63.2,30.259999999999998,0.0
BOSS,16,4.2446,11.7554,33.0566,0.0,0.0,0.0,0.0,0.0,0.0,2.08,28.76,69.16,0.0
Centre Squash,16,0.7532,15.2468,15.049800000000001,0.0,0.0,0.0,0.0,0.0,0.0,0.0,0.0,0.0,100.0
