Team,Played,Won,Lost,Points,Playoffs,1,2,3,4,5,6,7,8,9
Greenfield,16,13.5074,2.4926,70.2084,99.99999999999999,89.25999999999999,9.36,1.3599999999999999,0.02,0.0,0.0,0.0,0.0,0.0
Kinetic 2,16,12.1974,3.8026,63.520399999999995,98.72000000000001,9.66,62.660000000000004,19.56,6.84,1.28,0.0,0.0,0.0,0.0
Kowloon Cricket Club 13,16,11.6008,4.3992,60.3086,94.12,1.0,20.26,50.160000000000004,22.7,5.88,0.0,0.0,0.0,0.0
Hong Kong Football Club 13,16,10.1464,5.8536,57.3648,66.1,0.04,5.680000000000001,18.16,42.22,33.86,0.04,0.0,0.0,0.0
Friend Club 5,16,9.051,6.949,56.0184,41.06,0.04,2.04,10.76,28.22,58.879999999999995,0.06,0.0,0.0,0.0
i-Mask Advance Squash Club 5,16,5.8864,10.1136,39.7352,0.0,0.0,0.0,0.0,0.0,0.08,69.22,22.88,7.82,0.0
BOSS,16,5.0568,10.943200000000001,36.463,0.0,0.0,0.0,0.0,0.0,0.0,22.14,46.14,31.72,0.0
ATM,16,3.9370000000000003,12.062999999999999,35.0758,0.0,0.0,0.0,0.0,0.0,0.02,8.540000000000001,30.98,60.46,0.0
Centre Squash,16,0.6168,15.3832,12.305399999999999,0.0,0.0,0.0,0.0,0.0,0.0,0.0,0.0,0.0,100.0
