Team,Played,Won,Lost,Points,Playoffs,1,2,3,4,5,6,7,8
North District Sports Association 1,21,14.219521952195219,6.78047804780478,80.7887788778878,99.99999999999999,56.685668566856684,42.26422642264227,1.0401040104010402,0.010001000100010001,0.0,0.0,0.0,0.0
HKPF Squash Team,21,14.567056705670566,6.432943294329433,80.30493049304931,100.0,43.22432243224322,55.43554355435544,1.34013401340134,0.0,0.0,0.0,0.0,0.0
Sha Tin Squash Rackets Club 4,21,12.512751275127513,8.487248724872487,75.02140214021402,99.9899989999,0.09000900090009001,2.3002300230023005,95.66956695669568,1.93019301930193,0.010001000100010001,0.0,0.0,0.0
Alpha CUHK,21,11.872187218721873,9.127812781278127,68.53115311531153,91.72917291729173,0.0,0.0,1.94019401940194,89.78897889788979,8.050805080508052,0.22002200220022,0.0,0.0
Craigengower Cricket Club,21,9.932393239323932,11.067606760676068,63.75997599759976,7.96079607960796,0.0,0.0,0.010001000100010001,7.950795079507951,71.13711371137114,20.9020902090209,0.0,0.0
Star River 1,21,11.905790579057905,9.094209420942095,60.66436643664366,0.32003200320032005,0.0,0.0,0.0,0.32003200320032005,20.8020802080208,77.46774677467747,1.4101410141014101,0.0
Sea Bear,21,7.8205820582058205,13.17941794179418,53.343434343434346,0.0,0.0,0.0,0.0,0.0,0.0,1.4101410141014101,98.58985898589859,0.0
Hong Kong Racketlon Association 2,21,1.1697169716971696,19.83028302830283,14.585958595859585,0.0,0.0,0.0,0.0,0.0,0.0,0.0,0.0,100.0
