Team,Played,Won,Lost,Points,Playoffs,1,2,3,4,5,6,7,8
North District Sports Association 1,21,14.207,6.793,82.694,99.89999999999999,75.6,19.52,4.06,0.72,0.1,0.0,0.0,0.0
HKPF Squash Team,21,13.858,7.1419999999999995,77.3788,99.14,19.52,53.02,19.66,6.94,0.8,0.06,0.0,0.0
Craigengower Cricket Club,21,13.065999999999999,7.934,71.3382,83.92,2.44,14.680000000000001,36.24,30.56,12.9,3.02,0.16,0.0
Sha Tin Squash Rackets Club 4,21,11.5576,9.4424,71.3264,82.56,2.4,11.700000000000001,32.86,35.6,13.420000000000002,3.74,0.27999999999999997,0.0
Alpha CUHK,21,10.168,10.832,64.7992,25.1,0.04,0.9199999999999999,5.48,18.66,43.1,27.0,4.8,0.0
Star River 1,21,10.8638,10.136199999999999,61.6318,9.08,0.0,0.13999999999999999,1.68,7.26,27.08,52.980000000000004,10.86,0.0
Sea Bear,21,8.5672,12.4328,54.4696,0.3,0.0,0.02,0.02,0.26,2.6,13.200000000000001,83.89999999999999,0.0
Hong Kong Racketlon Association 2,21,1.7124000000000001,19.2876,20.362000000000002,0.0,0.0,0.0,0.0,0.0,0.0,0.0,0.0,100.0
