Team,Played,Won,Lost,Points,Playoffs,1,2,3,4,5,6,7,8
North District Sports Association 1,21,14.781778177817781,6.218221822182218,84.96989698969897,99.93999399939993,82.2982298229823,14.231423142314231,2.8902890289028904,0.5200520052005201,0.06000600060006001,0.0,0.0,0.0
HKPF Squash Team,21,14.01170117011701,6.9882988298829884,76.90159015901591,97.47974797479749,12.161216121612162,48.46484648464847,26.572657265726573,10.281028102810282,2.42024202420242,0.09000900090009001,0.010001000100010001,0.0
Craigengower Cricket Club,21,13.432043204320433,7.567956795679568,73.5918591859186,91.14911491149115,4.48044804480448,25.642564256425644,38.933893389338934,22.092209220922093,7.530753075307531,1.27012701270127,0.05000500050005,0.0
Sha Tin Squash Rackets Club 4,21,11.482248224822483,9.517751775177517,69.89698969896989,73.55735573557357,0.8500850085008501,9.470947094709471,22.51225122512251,40.724072407240726,22.38223822382238,3.92039203920392,0.14001400140014,0.0
Alpha CUHK,21,10.634663466346634,10.365336533653366,65.60496049604961,34.12341234123412,0.21002100210021002,2.13021302130213,8.510851085108511,23.27232723272327,50.455045504550455,13.96139613961396,1.4601460146014602,0.0
Star River 1,21,10.187218721872188,10.812781278127812,58.04250425042504,3.59035903590359,0.0,0.06000600060006001,0.56005600560056,2.9702970297029703,15.58155815581558,66.44664466446645,14.381438143814382,0.0
Sea Bear,21,7.300830083008301,13.6991699169917,50.54925492549255,0.16001600160016,0.0,0.0,0.020002000200020003,0.14001400140014,1.57015701570157,14.311431143114312,83.95839583958396,0.0
Hong Kong Racketlon Association 2,21,2.1695169516951696,18.83048304830483,24.442944294429445,0.0,0.0,0.0,0.0,0.0,0.0,0.0,0.0,100.0
