Team,Played,Won,Lost,Points,Playoffs,1,2,3,4,5,6,7,8
North District Sports Association 1,21,13.3438,7.6562,80.3964,99.97999999999999,70.22,24.6,4.66,0.5,0.02,0.0,0.0,0.0
HKPF Squash Team,21,14.0066,6.9934,77.1536,99.7,24.98,51.22,20.580000000000002,2.92,0.27999999999999997,0.02,0.0,0.0
Sha Tin Squash Rackets Club 4,21,12.1882,8.8118,73.7096,94.1,4.26,20.78,51.28,17.78,4.72,1.18,0.0,0.0
Craigengower Cricket Club,21,11.5214,9.4786,68.0926,51.739999999999995,0.33999999999999997,1.8399999999999999,12.34,37.22,32.68,15.4,0.18,0.0
Alpha CUHK,21,11.3816,9.6184,67.5078,46.18000000000001,0.2,1.52,10.16,34.300000000000004,39.32,14.2,0.3,0.0
Star River 1,21,11.6888,9.3112,62.8182,8.28,0.0,0.04,0.98,7.26,22.720000000000002,63.78,5.220000000000001,0.0
Sea Bear,21,8.397400000000001,12.602599999999999,54.760999999999996,0.02,0.0,0.0,0.0,0.02,0.26,5.42,94.3,0.0
Hong Kong Racketlon Association 2,21,1.4722,19.5278,15.5608,0.0,0.0,0.0,0.0,0.0,0.0,0.0,0.0,100.0
