Team,Played,Won,Lost,Points,Playoffs,1,2,3,4,5,6,7,8
North District Sports Association 1,21,14.235,6.765000000000001,82.86240000000001,99.92,75.32,19.919999999999998,4.14,0.54,0.08,0.0,0.0,0.0
HKPF Squash Team,21,13.8536,7.1464,77.4272,99.04,19.7,50.88,22.6,5.86,0.84,0.12,0.0,0.0
Sha Tin Squash Rackets Club 4,21,12.2716,8.7284,74.0518,94.79999999999998,4.3999999999999995,23.48,48.16,18.759999999999998,4.42,0.76,0.02,0.0
Craigengower Cricket Club,21,12.379999999999999,8.620000000000001,68.6358,70.66,0.54,4.9,18.44,46.78,21.36,7.4399999999999995,0.54,0.0
Alpha CUHK,21,10.1294,10.8706,64.625,25.46,0.04,0.6799999999999999,5.12,19.62,41.260000000000005,28.96,4.32,0.0
Star River 1,21,10.875,10.125,61.6398,9.66,0.0,0.13999999999999999,1.52,8.0,29.82,50.22,10.299999999999999,0.0
Sea Bear,21,8.558399999999999,12.441600000000001,54.4894,0.46,0.0,0.0,0.02,0.44,2.22,12.5,84.82,0.0
Hong Kong Racketlon Association 2,21,1.697,19.303,20.2686,0.0,0.0,0.0,0.0,0.0,0.0,0.0,0.0,100.0
