Team,Played,Won,Lost,Points,Playoffs,1,2,3,4,5,6,7,8
North District Sports Association 1,21,13.866086608660867,7.133913391339134,80.34573457345735,99.99999999999999,69.18691869186918,27.61276127612761,3.0903090309030903,0.11001100110011,0.0,0.0,0.0,0.0
HKPF Squash Team,21,14.02900290029003,6.970997099709971,78.18841884188419,100.0,29.62296229622962,60.60606060606061,9.500950095009502,0.27002700270027,0.0,0.0,0.0,0.0
Sha Tin Squash Rackets Club 4,21,12.066806680668067,8.933193319331933,74.22512251225123,98.4098409840984,1.1001100110011002,10.601060106010602,71.43714371437143,15.271527152715272,1.5901590159015901,0.0,0.0,0.0
Alpha CUHK,21,12.299329932993299,8.700670067006701,69.2900290029003,79.99799979998001,0.09000900090009001,1.1501150115011503,14.24142414241424,64.51645164516452,19.121912191219124,0.88008800880088,0.0,0.0
Craigengower Cricket Club,21,10.495149514951494,10.504850485048506,65.97819781978198,21.282128212821284,0.0,0.030003000300030006,1.7301730173017302,19.521952195219523,67.35673567356736,11.341134113411341,0.020002000200020003,0.0
Star River 1,21,11.734673467346735,9.265326532653265,60.94949494949495,0.31003100310031007,0.0,0.0,0.0,0.31003100310031007,11.871187118711871,84.13841384138414,3.68036803680368,0.0
Sea Bear,21,8.198219821982198,12.801780178017802,53.87848784878488,0.0,0.0,0.0,0.0,0.0,0.06000600060006001,3.6403640364036405,96.2996299629963,0.0
Hong Kong Racketlon Association 2,21,1.3107310731073107,19.68926892689269,15.144514451445144,0.0,0.0,0.0,0.0,0.0,0.0,0.0,0.0,100.0
