Team,Played,Won,Lost,Points,Playoffs,1,2,3,4,5,6,7,8
HKPF Squash Team,21,15.331333133313331,5.668666866686669,83.18411841184118,99.95999599959997,44.754475447544756,33.663366336633665,19.15191519151915,2.3902390239023905,0.040004000400040006,0.0,0.0,0.0
North District Sports Association 1,21,14.515251525152514,6.484748474847485,83.02280228022802,99.87998799879989,38.92389238923892,36.593659365936595,21.64216421642164,2.72027202720272,0.1000100010001,0.020002000200020003,0.0,0.0
Craigengower Cricket Club,21,14.520752075207522,6.479247924792479,78.91629162916291,99.18991899189919,15.74157415741574,27.262726272627262,45.38453845384539,10.801080108010801,0.7800780078007801,0.030003000300030006,0.0,0.0
Sha Tin Squash Rackets Club 4,21,11.640064006400639,9.359935993599361,70.56745674567458,88.34883488348835,0.5500550055005501,2.43024302430243,13.16131613161316,72.20722072207221,9.770977097709771,1.8801880188018802,0.0,0.0
Alpha CUHK,21,9.441244124412442,11.558755875587558,59.94859485948595,7.990799079907991,0.030003000300030006,0.040004000400040006,0.4000400040004,7.520752075207521,44.80448044804481,45.04450445044505,2.16021602160216,0.0
Star River 1,21,10.42934293429343,10.57065706570657,58.98109810981098,4.630463046304631,0.0,0.010001000100010001,0.26002600260026004,4.360436043604361,43.96439643964396,49.04490449044904,2.36023602360236,0.0
Sea Bear,21,6.252325232523252,14.747674767476749,45.334033403340335,0.0,0.0,0.0,0.0,0.0,0.54005400540054,3.9803980398039807,95.42954295429543,0.05000500050005
Hong Kong Racketlon Association 2,21,1.8696869686968696,19.13031303130313,24.045604560456045,0.0,0.0,0.0,0.0,0.0,0.0,0.0,0.05000500050005,99.94999499949995
