Team,Played,Won,Lost,Points,Playoffs,1,2,3,4,5,6,7,8
North District Sports Association 1,21,14.964496449644965,6.035503550355036,85.96679667966797,99.95999599959997,83.3883388338834,13.91139113911391,2.4002400240024,0.26002600260026004,0.040004000400040006,0.0,0.0,0.0
HKPF Squash Team,21,14.186418641864186,6.813581358135814,77.73997399739974,98.04980498049805,12.001200120012001,51.6951695169517,25.032503250325032,9.32093209320932,1.8301830183018304,0.12001200120012002,0.0,0.0
Craigengower Cricket Club,21,13.498149814981499,7.501850185018502,73.96549654965497,91.91919191919192,3.7703770377037706,24.432443244324435,40.73407340734073,22.98229822982298,7.01070107010701,1.0701070107010702,0.0,0.0
Sha Tin Squash Rackets Club 4,21,11.615561556155615,9.384438443844385,70.47674767476747,76.1876187618762,0.7800780078007801,8.55085508550855,24.112411241124114,42.74427442744275,20.512051205120514,3.2203220322032204,0.08000800080008001,0.0
Alpha CUHK,21,10.617661766176617,10.382338233823383,65.58685868586858,30.043004300430045,0.06000600060006001,1.4001400140014002,7.160716071607161,21.422142214221424,52.93529352935293,15.8015801580158,1.2201220122012202,0.0
Star River 1,21,10.27902790279028,10.72097209720972,58.484748474847486,3.7703770377037706,0.0,0.010001000100010001,0.5500550055005501,3.2103210321032103,16.21162116211621,67.8067806780678,12.211221122112212,0.0
Sea Bear,21,7.223222322232223,13.776777677767777,50.34373437343734,0.07000700070007002,0.0,0.0,0.010001000100010001,0.06000600060006001,1.4601460146014602,11.981198119811982,86.48864886488649,0.0
Hong Kong Racketlon Association 2,21,1.6154615461546156,19.384538453845387,21.435643564356436,0.0,0.0,0.0,0.0,0.0,0.0,0.0,0.0,100.0
