Team,Played,Won,Lost,Points,Playoffs,1,2,3,4,5,6,7,8
X-Alpha 4,21,19.4134,1.5866,106.6996,100.0,99.98,0.02,0.0,0.0,0.0,0.0,0.0,0.0
Fusion Squash Club 2,21,14.5434,6.4566,84.843,99.99999999999999,0.02,99.33999999999999,0.64,0.0,0.0,0.0,0.0,0.0
Vitality Squash 2,21,12.2262,8.7738,67.6566,95.06000000000002,0.0,0.54,64.88000000000001,29.64,4.84,0.1,0.0,0.0
Smart Squash 2,21,10.656600000000001,10.343399999999999,64.7022,85.48,0.0,0.08,31.900000000000002,53.5,13.86,0.66,0.0,0.0
Happy Squash 3,21,8.9726,12.0274,57.821,18.800000000000004,0.0,0.02,2.56,16.220000000000002,72.08,8.86,0.26,0.0
i-Mask Advance Squash Club 8,21,8.1716,12.8284,48.9048,0.66,0.0,0.0,0.02,0.64,9.06,81.94,7.84,0.5
Friend Club 6,21,5.0402000000000005,15.959800000000001,39.2716,0.0,0.0,0.0,0.0,0.0,0.13999999999999999,7.48,69.76,22.62
i-Mask Advance Squash Club 7,21,4.976,16.024,34.1012,0.0,0.0,0.0,0.0,0.0,0.02,0.96,22.14,76.88000000000001
