Team,Played,Won,Lost,Points,Playoffs,1,2,3,4,5,6,7,8
X-Alpha 4,21,19.6464,1.3536,108.5388,100.00000000000001,99.96000000000001,0.04,0.0,0.0,0.0,0.0,0.0,0.0
Fusion Squash Club 2,21,15.61,5.39,91.4238,100.00000000000001,0.04,99.96000000000001,0.0,0.0,0.0,0.0,0.0,0.0
Vitality Squash 2,21,12.5452,8.4548,69.0104,98.32,0.0,0.0,87.74,10.58,1.6199999999999999,0.06,0.0,0.0
Happy Squash 3,21,9.924199999999999,11.075800000000001,62.620400000000004,77.38,0.0,0.0,10.82,66.56,19.2,3.42,0.0,0.0
Smart Squash 2,21,9.3128,11.6872,58.1832,19.88,0.0,0.0,1.34,18.54,58.96,21.16,0.0,0.0
i-Mask Advance Squash Club 8,21,9.1202,11.8798,53.715199999999996,4.42,0.0,0.0,0.1,4.32,20.22,75.33999999999999,0.02,0.0
Friend Club 6,21,4.1462,16.8538,33.702600000000004,0.0,0.0,0.0,0.0,0.0,0.0,0.02,88.16000000000001,11.82
i-Mask Advance Squash Club 7,21,3.6950000000000003,17.305,26.8056,0.0,0.0,0.0,0.0,0.0,0.0,0.0,11.82,88.18
