Team,Played,Won,Lost,Points,Playoffs,1,2,3,4,5,6,7,8
X-Alpha 4,21,19.914491449144915,1.0855085508550855,111.52475247524752,100.0,100.0,0.0,0.0,0.0,0.0,0.0,0.0,0.0
Fusion Squash Club 2,21,15.153015301530154,5.846984698469847,91.77147714771478,100.0,0.0,100.0,0.0,0.0,0.0,0.0,0.0,0.0
Vitality Squash 2,21,13.365136513651365,7.634863486348635,73.32203220322032,100.0,0.0,0.0,99.60996099609962,0.39003900390039004,0.0,0.0,0.0,0.0
Happy Squash 3,21,10.295229522952296,10.704770477047704,63.054805480548055,96.19961996199619,0.0,0.0,0.39003900390039004,95.80958095809581,3.49034903490349,0.31003100310031007,0.0,0.0
i-Mask Advance Squash Club 8,21,9.18081808180818,11.81918191819182,53.914091409140916,2.99029902990299,0.0,0.0,0.0,2.99029902990299,58.5958595859586,38.413841384138415,0.0,0.0
Smart Squash 2,21,8.548154815481547,12.45184518451845,53.193319331933196,0.8100810081008101,0.0,0.0,0.0,0.8100810081008101,37.91379137913791,61.27612761276128,0.0,0.0
Friend Club 6,21,3.4441444144414444,17.555855585558557,30.766076607660764,0.0,0.0,0.0,0.0,0.0,0.0,0.0,82.3982398239824,17.601760176017603
i-Mask Advance Squash Club 7,21,4.099009900990099,16.900990099009903,26.45344534453445,0.0,0.0,0.0,0.0,0.0,0.0,0.0,17.601760176017603,82.3982398239824
