Team,Played,Won,Lost,Points,Playoffs,1,2,3,4,5,6,7,8
X-Alpha 4,21,19.07090709070907,1.929092909290929,104.53025302530253,100.0,99.42994299429942,0.57005700570057,0.0,0.0,0.0,0.0,0.0,0.0
Fusion Squash Club 2,21,15.205220522052205,5.794779477947795,87.7095709570957,100.00000000000001,0.57005700570057,99.17991799179919,0.25002500250025006,0.0,0.0,0.0,0.0,0.0
Vitality Squash 2,21,12.454345434543455,8.545654565456545,67.42614261426142,98.27982798279828,0.0,0.25002500250025006,89.84898489848985,8.18081808180818,1.4601460146014602,0.26002600260026004,0.0,0.0
Happy Squash 3,21,9.157815781578158,11.842184218421842,57.38943894389439,58.60586058605861,0.0,0.0,6.720672067206721,51.88518851885189,27.502750275027505,12.031203120312032,1.67016701670167,0.19001900190019003
Smart Squash 2,21,8.388438843884389,12.611561156115611,54.65546554655465,30.743074307430742,0.0,0.0,2.5002500250025,28.24282428242824,44.834483448344834,21.172117211721172,2.8302830283028304,0.42004200420042004
i-Mask Advance Squash Club 8,21,8.11061106110611,12.88938893889389,50.64146414641464,11.77117711771177,0.0,0.0,0.68006800680068,11.091109110911091,23.162316231623162,50.94509450945095,11.751175117511751,2.37023702370237
Friend Club 6,21,5.816781678167817,15.183218321832182,42.328332833283326,0.5000500050005001,0.0,0.0,0.0,0.5000500050005001,2.33023302330233,11.381138113811382,52.43524352435244,33.35333533353335
i-Mask Advance Squash Club 7,21,5.795879587958796,15.204120412041204,39.31933193319332,0.1000100010001,0.0,0.0,0.0,0.1000100010001,0.7100710071007101,4.210421042104211,31.313131313131315,63.66636663666366
