Team,Played,Won,Lost,Points,Playoffs,1,2,3,4,5,6,7,8
X-Alpha 4,21,19.6416,1.3584,108.577,100.0,99.94,0.06,0.0,0.0,0.0,0.0,0.0,0.0
Fusion Squash Club 2,21,15.5948,5.4052,91.3438,100.0,0.06,99.94,0.0,0.0,0.0,0.0,0.0,0.0
Vitality Squash 2,21,12.5424,8.4576,69.03399999999999,98.22,0.0,0.0,87.8,10.42,1.68,0.1,0.0,0.0
Happy Squash 3,21,9.9182,11.0818,62.646,77.48,0.0,0.0,10.4,67.08,19.38,3.1399999999999997,0.0,0.0
Smart Squash 2,21,9.321200000000001,11.678799999999999,58.2502,19.740000000000002,0.0,0.0,1.6199999999999999,18.12,58.540000000000006,21.72,0.0,0.0
i-Mask Advance Squash Club 8,21,9.1524,11.8476,53.7738,4.56,0.0,0.0,0.18,4.38,20.4,75.03999999999999,0.0,0.0
Friend Club 6,21,4.1538,16.8462,33.7258,0.0,0.0,0.0,0.0,0.0,0.0,0.0,88.74,11.26
i-Mask Advance Squash Club 7,21,3.6756,17.3244,26.6494,0.0,0.0,0.0,0.0,0.0,0.0,0.0,11.26,88.74
