Team,Played,Won,Lost,Points,Playoffs,1,2,3,4,5,6,7,8
X-Alpha 4,21,19.7814,1.2186,110.0236,100.0,100.0,0.0,0.0,0.0,0.0,0.0,0.0,0.0
Fusion Squash Club 2,21,14.929,6.071,89.7586,100.0,0.0,99.98,0.02,0.0,0.0,0.0,0.0,0.0
Vitality Squash 2,21,12.875399999999999,8.124600000000001,71.3404,99.8,0.0,0.02,90.44,9.34,0.2,0.0,0.0,0.0
Happy Squash 3,21,10.6946,10.3054,64.6876,92.48,0.0,0.0,9.48,83.0,6.68,0.84,0.0,0.0
i-Mask Advance Squash Club 8,21,9.5106,11.4894,56.272999999999996,5.68,0.0,0.0,0.06,5.62,56.3,38.019999999999996,0.0,0.0
Smart Squash 2,21,8.855599999999999,12.144400000000001,55.333600000000004,2.04,0.0,0.0,0.0,2.04,36.82,61.14000000000001,0.0,0.0
Friend Club 6,21,3.8124000000000002,17.1876,31.285600000000002,0.0,0.0,0.0,0.0,0.0,0.0,0.0,86.11999999999999,13.88
i-Mask Advance Squash Club 7,21,3.541,17.459,25.2976,0.0,0.0,0.0,0.0,0.0,0.0,0.0,13.88,86.11999999999999
