Team,Played,Won,Lost,Points,Playoffs,1,2,3,4,5,6,7,8
X-Alpha 4,21,20.827882788278828,0.17211721172117211,115.23832383238324,100.0,100.0,0.0,0.0,0.0,0.0,0.0,0.0,0.0
Fusion Squash Club 2,21,14.896889688968898,6.103110311031103,92.65306530653065,100.0,0.0,100.0,0.0,0.0,0.0,0.0,0.0,0.0
Vitality Squash 2,21,12.652665266526652,8.347334733473348,71.57575757575758,100.0,0.0,0.0,100.0,0.0,0.0,0.0,0.0,0.0
Happy Squash 3,21,9.742174217421741,11.257825782578259,62.92509250925092,91.40914091409141,0.0,0.0,0.0,91.40914091409141,8.59085908590859,0.0,0.0,0.0
i-Mask Advance Squash Club 8,21,10.766876687668766,10.233123312331234,59.09000900090009,8.59085908590859,0.0,0.0,0.0,8.59085908590859,91.12911291129113,0.28002800280028,0.0,0.0
Smart Squash 2,21,8.347334733473348,12.652665266526652,53.42424242424242,0.0,0.0,0.0,0.0,0.0,0.28002800280028,99.71997199719972,0.0,0.0
Friend Club 6,21,2.508350835083508,18.491649164916492,25.018601860186017,0.0,0.0,0.0,0.0,0.0,0.0,0.0,56.41564156415642,43.58435843584358
i-Mask Advance Squash Club 7,21,4.257825782578258,16.74217421742174,24.074907490749077,0.0,0.0,0.0,0.0,0.0,0.0,0.0,43.58435843584358,56.41564156415642
