Team,Played,Won,Lost,Points,Playoffs,1,2,3,4,5,6,7
North District Sports Association 2,18,17.176817681768178,0.8231823182318232,87.64996499649965,100.0,100.0,0.0,0.0,0.0,0.0,0.0,0.0
Squashathon 1,18,12.633763376337633,5.366236623662366,73.46104610461046,100.0,0.0,87.31873187318732,12.68126812681268,0.0,0.0,0.0,0.0
X-Alpha 5,18,11.798179817981799,6.201820182018202,68.37743774377438,100.0,0.0,12.68126812681268,87.31873187318732,0.0,0.0,0.0,0.0
Bravo,18,8.291429142914291,9.708570857085709,57.58445844584458,96.88968896889689,0.0,0.0,0.0,96.88968896889689,3.11031103110311,0.0,0.0
Humphrey Squash,18,7.858185818581858,10.141814181418141,53.384838483848384,3.11031103110311,0.0,0.0,0.0,3.11031103110311,96.88968896889689,0.0,0.0
Yuen Long District Sports Association Limited,18,3.1002100210021,14.8997899789979,22.172717271727173,0.0,0.0,0.0,0.0,0.0,0.0,100.0,0.0
HK Squash Gear,18,2.1414141414141414,15.858585858585858,1.3695369536953694,0.0,0.0,0.0,0.0,0.0,0.0,0.0,100.0
