Team,Played,Won,Lost,Points,Playoffs,1,2,3,4,5,6,7
North District Sports Association 2,18,16.3476,1.6524,82.1654,100.0,98.66,1.34,0.0,0.0,0.0,0.0,0.0
Squashathon 1,18,12.1628,5.8372,71.7322,99.98,1.34,88.2,9.379999999999999,1.06,0.02,0.0,0.0
X-Alpha 5,18,10.6414,7.3586,64.71719999999999,97.46,0.0,9.1,66.66,21.7,2.54,0.0,0.0
Bravo,18,9.6686,8.3314,60.959,84.89999999999999,0.0,1.3,21.68,61.919999999999995,15.1,0.0,0.0
Humphrey Squash,18,8.367799999999999,9.632200000000001,55.5706,17.66,0.0,0.06,2.2800000000000002,15.32,82.34,0.0,0.0
Yuen Long District Sports Association Limited,18,2.8773999999999997,15.1226,23.3836,0.0,0.0,0.0,0.0,0.0,0.0,98.34,1.66
HK Squash Gear,18,2.9344,15.0656,13.472,0.0,0.0,0.0,0.0,0.0,0.0,1.66,98.34
