Team,Played,Won,Lost,Points,Playoffs,1,2,3,4,5,6,7
North District Sports Association 2,18,15.847000000000001,2.153,80.514,100.0,89.5,10.08,0.38,0.04,0.0,0.0,0.0
Squashathon 1,18,12.417,5.583,72.8916,99.97999999999999,9.74,68.74,18.2,3.3000000000000003,0.02,0.0,0.0
X-Alpha 5,18,11.2986,6.7014,67.73519999999999,99.17999999999999,0.76,18.88,61.519999999999996,18.02,0.8200000000000001,0.0,0.0
Bravo,18,10.491,7.509,62.6682,93.12,0.0,2.3,19.28,71.54,6.88,0.0,0.0
Humphrey Squash,18,8.1188,9.8812,54.7008,7.72,0.0,0.0,0.62,7.1,92.28,0.0,0.0
Yuen Long District Sports Association Limited,18,3.232,14.768,25.8914,0.0,0.0,0.0,0.0,0.0,0.0,100.0,0.0
HK Squash Gear,18,1.5956000000000001,16.4044,7.598800000000001,0.0,0.0,0.0,0.0,0.0,0.0,0.0,100.0
