Team,Played,Won,Lost,Points,Playoffs,1,2,3,4,5,6,7
North District Sports Association 2,18,17.608760876087608,0.39123912391239124,88.3935393539354,100.0,100.0,0.0,0.0,0.0,0.0,0.0,0.0
Squashathon 1,18,11.97069706970697,6.02930293029303,71.8972897289729,100.0,0.0,82.82828282828282,17.17171717171717,0.0,0.0,0.0,0.0
X-Alpha 5,18,11.380838083808381,6.6191619161916195,67.64366436643664,100.0,0.0,17.17171717171717,82.82828282828282,0.0,0.0,0.0,0.0
Bravo,18,8.946194619461947,9.053805380538053,59.13901390139014,98.77987798779878,0.0,0.0,0.0,98.77987798779878,1.2201220122012202,0.0,0.0
Humphrey Squash,18,7.928792879287929,10.07120712071207,54.698269826982695,1.2201220122012202,0.0,0.0,0.0,1.2201220122012202,98.77987798779878,0.0,0.0
Yuen Long District Sports Association Limited,18,3.0928092809280927,14.907190719071908,22.173917391739174,0.0,0.0,0.0,0.0,0.0,0.0,100.0,0.0
HK Squash Gear,18,2.071907190719072,15.928092809280928,0.05430543054305437,0.0,0.0,0.0,0.0,0.0,0.0,0.0,100.0
