Team,Played,Won,Lost,Points,Playoffs,1,2,3,4,5,6,7
North District Sports Association 2,18,15.18061806180618,2.8193819381938194,79.55775577557756,99.97999799979998,79.91799179917992,15.551555155515551,4.11041104110411,0.4000400040004,0.020002000200020003,0.0,0.0
Squashathon 1,18,12.658265826582658,5.341734173417342,72.60556055605561,99.0999099909991,12.031203120312032,43.37433743374338,34.903490349034904,8.790879087908792,0.9000900090009001,0.0,0.0
X-Alpha 5,18,11.897589758975897,6.102410241024103,71.87218721872188,99.31993199319932,7.82078207820782,37.603760376037606,45.084508450845085,8.810881088108811,0.68006800680068,0.0,0.0
Bravo,18,10.48044804480448,7.519551955195519,64.37813781378138,86.33863386338633,0.23002300230023,3.38033803380338,14.661466146614663,68.06680668066807,13.661366136613662,0.0,0.0
Humphrey Squash,18,8.569156915691568,9.430843084308432,58.533653365336534,15.261526152615259,0.0,0.09000900090009001,1.2401240124012403,13.93139313931393,84.73847384738474,0.0,0.0
Yuen Long District Sports Association Limited,18,4.2139213921392145,13.786078607860787,28.926092609260927,0.0,0.0,0.0,0.0,0.0,0.0,100.0,0.0
HK Squash Gear,18,0.0,18.0,-1.8733873387338735,0.0,0.0,0.0,0.0,0.0,0.0,0.0,100.0
