Team,Played,Won,Lost,Points,Playoffs,1,2,3,4,5,6,7
North District Sports Association 2,18,16.342,1.658,82.2092,100.0,97.94,2.06,0.0,0.0,0.0,0.0,0.0
Squashathon 1,18,12.1738,5.8262,71.7878,99.98,2.06,88.02,9.06,0.84,0.02,0.0,0.0
X-Alpha 5,18,10.5902,7.409800000000001,64.533,96.94,0.0,8.540000000000001,64.36,24.04,3.06,0.0,0.0
Bravo,18,9.7158,8.2842,61.1172,86.3,0.0,1.34,24.34,60.62,13.700000000000001,0.0,0.0
Humphrey Squash,18,8.3784,9.6216,55.605599999999995,16.779999999999998,0.0,0.04,2.2399999999999998,14.499999999999998,83.22,0.0,0.0
Yuen Long District Sports Association Limited,18,2.8722,15.1278,23.3092,0.0,0.0,0.0,0.0,0.0,0.0,98.26,1.7399999999999998
HK Squash Gear,18,2.9276,15.0724,13.438,0.0,0.0,0.0,0.0,0.0,0.0,1.7399999999999998,98.26
