Team,Played,Won,Lost,Points,Playoffs,1,2,3,4,5,6,7
North District Sports Association 2,18,16.88128812881288,1.1187118711871187,86.35113511351135,100.00000000000001,99.97999799979999,0.020002000200020003,0.0,0.0,0.0,0.0,0.0
Squashathon 1,18,12.329432943294329,5.6705670567056705,72.20702070207021,100.00000000000001,0.020002000200020003,78.82788278827883,21.082108210821083,0.07000700070007,0.0,0.0,0.0
X-Alpha 5,18,11.808580858085808,6.191419141914191,68.38613861386139,100.0,0.0,21.152115211521153,78.67786778677868,0.17001700170017,0.0,0.0,0.0
Bravo,18,8.616761676167616,9.383238323832384,59.04550455045505,91.1791179117912,0.0,0.0,0.24002400240024005,90.93909390939095,8.82088208820882,0.0,0.0
Humphrey Squash,18,8.145014501450145,9.854985498549855,54.63756375637564,8.82088208820882,0.0,0.0,0.0,8.82088208820882,91.17911791179118,0.0,0.0
Yuen Long District Sports Association Limited,18,2.4242424242424243,15.575757575757576,18.47914791479148,0.0,0.0,0.0,0.0,0.0,0.0,99.95999599959995,0.040004000400040006
HK Squash Gear,18,2.7946794679467946,15.205320532053205,7.893489348934893,0.0,0.0,0.0,0.0,0.0,0.0,0.040004000400040006,99.95999599959995
