Team,Played,Won,Lost,Points,Playoffs,1,2,3,4,5,6,7
North District Sports Association 2,18,16.57035703570357,1.4296429642964297,85.04370437043704,100.0,99.95999599959995,0.040004000400040006,0.0,0.0,0.0,0.0,0.0
Squashathon 1,18,12.185418541854185,5.814581458145815,70.8995899589959,100.0,0.040004000400040006,73.84738473847385,25.302530253025303,0.8100810081008101,0.0,0.0,0.0
X-Alpha 5,18,11.305330533053304,6.694669466946695,67.37423742374237,99.92999299929994,0.0,25.862586258625864,69.5969596959696,4.47044704470447,0.07000700070007,0.0,0.0
Bravo,18,9.177217721772177,8.822782278227823,60.22292229222923,85.3885388538854,0.0,0.25002500250025006,5.060506050605061,80.07800780078009,14.611461146114612,0.0,0.0
Humphrey Squash,18,8.520652065206521,9.479347934793479,56.2028202820282,14.681468146814684,0.0,0.0,0.040004000400040006,14.641464146414643,85.31853185318532,0.0,0.0
Yuen Long District Sports Association Limited,18,2.4574457445744575,15.542554255425543,19.444644464446444,0.0,0.0,0.0,0.0,0.0,0.0,99.97999799979999,0.020002000200020003
HK Squash Gear,18,2.7835783578357836,15.216421642164217,7.812081208120812,0.0,0.0,0.0,0.0,0.0,0.0,0.020002000200020003,99.97999799979999
