Team,Played,Won,Lost,Points,Playoffs,1,2,3,4,5
Hong Kong Football Club 1,8,7.806880688068807,0.1931193119311931,26.953995399539956,100.0,100.0,0.0,0.0,0.0,0.0
FWD,8,3.647264726472647,4.352735273527353,15.405940594059405,99.86998699869987,0.0,64.72647264726473,30.123012301230123,5.02050205020502,0.13001300130013002
Hong Kong Cricket Club 1,8,4.0,4.0,15.0,100.0,0.0,35.27352735273527,64.72647264726473,0.0,0.0
Kowloon Cricket Club 1A,8,2.352735273527353,5.647264726472647,11.594059405940595,79.32793279327933,0.0,0.0,5.150515051505151,74.17741774177418,20.672067206720673
Kowloon Cricket Club 1B,8,2.193119311931193,5.806880688068807,11.046004600460046,20.8020802080208,0.0,0.0,0.0,20.8020802080208,79.1979197919792
