Team,Played,Won,Lost,Points,Playoffs,1,2,3,4,5
Hong Kong Football Club 1,8,7.8024000000000004,0.1976,26.9302,100.0,100.0,0.0,0.0,0.0,0.0
FWD,8,3.64,4.36,15.3942,99.82000000000001,0.0,64.0,30.680000000000003,5.140000000000001,0.18
Hong Kong Cricket Club 1,8,4.0,4.0,15.0,100.0,0.0,36.0,64.0,0.0,0.0
Kowloon Cricket Club 1A,8,2.36,5.64,11.6058,79.11999999999999,0.0,0.0,5.319999999999999,73.8,20.880000000000003
Kowloon Cricket Club 1B,8,2.1976,5.8024000000000004,11.0698,21.060000000000002,0.0,0.0,0.0,21.060000000000002,78.94
