Team,Played,Won,Lost,Points,Playoffs,1,2,3,4,5
Kowloon Cricket Club 2A,16,12.1104,3.8895999999999997,62.2584,100.0,51.980000000000004,40.18,7.84,0.0,0.0
Hong Kong Football Club 2,16,11.3376,4.6624,62.2224,100.0,45.62,44.379999999999995,10.0,0.0,0.0
Kowloon Cricket Club 2B,16,9.9944,6.005599999999999,55.78,100.0,2.4,15.440000000000001,82.16,0.0,0.0
Young Player 2,16,3.2356,12.7644,30.072,54.66,0.0,0.0,0.0,54.66,45.34
Hong Kong Cricket Club 2,16,3.322,12.678,29.6672,45.34,0.0,0.0,0.0,45.34,54.66
