Team,Played,Won,Lost,Points,Playoffs,1,2,3,4,5
Kowloon Cricket Club 2A,16,11.2774,4.7226,60.745599999999996,100.0,54.779999999999994,28.860000000000003,16.36,0.0,0.0
Hong Kong Football Club 2,16,10.4064,5.5936,57.3752,100.0,22.919999999999998,36.44,40.64,0.0,0.0
Kowloon Cricket Club 2B,16,10.9022,5.097799999999999,57.2394,100.0,22.3,34.699999999999996,43.0,0.0,0.0
Young Player 2,16,3.4198,12.5802,32.9614,57.379999999999995,0.0,0.0,0.0,57.379999999999995,42.620000000000005
Hong Kong Cricket Club 2,16,3.9942,12.0058,31.6784,42.620000000000005,0.0,0.0,0.0,42.620000000000005,57.379999999999995
