Team,Played,Won,Lost,Points,Playoffs,1,2,3,4,5
Kowloon Cricket Club 2A,16,13.384938493849384,2.615061506150615,68.48504850485048,99.99999999999999,82.88828882888288,17.11171117111711,0.0,0.0,0.0
Hong Kong Football Club 2,16,11.304930493049305,4.695069506950695,65.22492249224922,99.99999999999999,17.11171117111711,82.88828882888288,0.0,0.0,0.0
Kowloon Cricket Club 2B,16,9.801880188018801,6.198119811981198,52.185318531853184,100.0,0.0,0.0,100.0,0.0,0.0
Young Player 2,16,3.1865186518651867,12.813481348134813,28.78107810781078,95.24952495249525,0.0,0.0,0.0,95.24952495249525,4.750475047504751
Hong Kong Cricket Club 2,16,2.3217321732173217,13.678267826782678,25.323632363236324,4.750475047504751,0.0,0.0,0.0,4.750475047504751,95.24952495249525
