Team,Played,Won,Lost,Points,Playoffs,1,2,3,4,5
Kowloon Cricket Club 2A,16,13.236023602360236,2.763976397639764,66.7971797179718,100.0,85.998599859986,14.001400140014,0.0,0.0,0.0
Hong Kong Football Club 2,16,10.946894689468946,5.053105310531053,62.694969496949696,100.0,14.001400140014,83.23832383238324,2.7602760276027603,0.0,0.0
Kowloon Cricket Club 2B,16,9.8998899889989,6.1001100110011,54.5000500050005,100.0,0.0,2.7602760276027603,97.23972397239724,0.0,0.0
Young Player 2,16,3.0088008800880086,12.991199119911991,28.092509250925094,55.71557155715572,0.0,0.0,0.0,55.71557155715572,44.28442844284429
Hong Kong Cricket Club 2,16,2.9083908390839084,13.091609160916091,27.915291529152917,44.28442844284429,0.0,0.0,0.0,44.28442844284429,55.71557155715572
