Team,Played,Won,Lost,Points,Playoffs,1,2,3,4,5
Kowloon Cricket Club 2A,16,11.8572,4.142799999999999,61.147999999999996,100.0,57.879999999999995,31.34,10.780000000000001,0.0,0.0
Hong Kong Football Club 2,16,11.040600000000001,4.9594000000000005,59.8804,100.0,35.86,42.94,21.2,0.0,0.0
Kowloon Cricket Club 2B,16,10.03,5.97,55.8918,100.0,6.260000000000001,25.72,68.02,0.0,0.0
Hong Kong Cricket Club 2,16,4.0174,11.9826,32.6992,67.64,0.0,0.0,0.0,67.64,32.36
Young Player 2,16,3.0548,12.9452,30.3806,32.36,0.0,0.0,0.0,32.36,67.64
