Team,Played,Won,Lost,Points,Playoffs,1,2,3,4,5
Kowloon Cricket Club 2A,16,11.8806,4.119400000000001,61.2286,100.0,59.56,28.000000000000004,12.44,0.0,0.0
Kowloon Cricket Club 2B,16,10.692,5.308,58.4598,100.0,21.740000000000002,41.260000000000005,37.0,0.0,0.0
Hong Kong Football Club 2,16,10.424800000000001,5.575200000000001,57.4962,100.0,18.7,30.740000000000002,50.56,0.0,0.0
Hong Kong Cricket Club 2,16,3.979,12.021,32.521,66.60000000000001,0.0,0.0,0.0,66.60000000000001,33.4
Young Player 2,16,3.0236,12.9764,30.2944,33.4,0.0,0.0,0.0,33.4,66.60000000000001
