Team,Played,Won,Lost,Points,Playoffs,1,2,3,4,5
Kowloon Cricket Club 2A,16,11.270800000000001,4.7292000000000005,60.789,100.0,55.779999999999994,27.68,16.54,0.0,0.0
Hong Kong Football Club 2,16,10.400400000000001,5.599600000000001,57.3696,100.0,22.5,37.5,40.0,0.0,0.0
Kowloon Cricket Club 2B,16,10.8812,5.1188,57.1482,100.0,21.72,34.82,43.419999999999995,0.04,0.0
Young Player 2,16,3.4396,12.5604,32.953199999999995,56.74000000000001,0.0,0.0,0.02,56.720000000000006,43.26
Hong Kong Cricket Club 2,16,4.008,11.992,31.74,43.260000000000005,0.0,0.0,0.02,43.24,56.74
