Team,Played,Won,Lost,Points,Playoffs,1,2,3,4,5
Kowloon Cricket Club 2A,16,12.784578457845784,3.2154215421542154,63.915491549154915,99.99999999999999,75.04750475047504,22.592259225922593,2.36023602360236,0.0,0.0
Hong Kong Football Club 2,16,10.792479247924792,5.207520752075208,61.03910391039104,100.0,23.122312231223123,62.456245624562456,14.421442144214422,0.0,0.0
Kowloon Cricket Club 2B,16,10.033403340334033,5.966596659665966,55.91189118911891,100.0,1.8301830183018304,14.951495149514951,83.21832183218322,0.0,0.0
Young Player 2,16,3.2416241624162416,12.758375837583758,30.043404340434044,60.33603360336034,0.0,0.0,0.0,60.33603360336034,39.663966396639665
Hong Kong Cricket Club 2,16,3.147914791479148,12.852085208520851,29.090109010901088,39.663966396639665,0.0,0.0,0.0,39.663966396639665,60.33603360336034
