Team,Played,Won,Lost,Points,Playoffs,1,2,3,4,5
Kowloon Cricket Club 2A,16,11.758600000000001,4.2414000000000005,61.6726,100.0,59.18,27.82,13.0,0.0,0.0
Kowloon Cricket Club 2B,16,10.7072,5.2928,58.504000000000005,100.0,22.66,42.08,35.260000000000005,0.0,0.0
Hong Kong Football Club 2,16,10.4292,5.5708,57.5334,100.0,18.16,30.099999999999998,51.739999999999995,0.0,0.0
Hong Kong Cricket Club 2,16,4.0792,11.9208,31.97,61.12,0.0,0.0,0.0,61.12,38.879999999999995
Young Player 2,16,3.0258,12.9742,30.32,38.879999999999995,0.0,0.0,0.0,38.879999999999995,61.12
