Team,Played,Won,Lost,Points,Playoffs,1,2,3,4,5
Kowloon Cricket Club 3,16,13.8162,2.1837999999999997,71.02420000000001,100.0,100.0,0.0,0.0,0.0,0.0
Hong Kong Football Club 3B,16,8.775,7.225,49.9992,100.00000000000001,0.0,72.96000000000001,26.640000000000004,0.4,0.0
Hong Kong Football Club 3A,16,7.8436,8.1564,47.294200000000004,99.87999999999998,0.0,27.04,71.1,1.7399999999999998,0.12
Happy Squash 1,16,4.0962,11.9038,35.8426,44.24,0.0,0.0,1.26,42.980000000000004,55.76
Young Player 3,16,5.469,10.531,35.8398,55.879999999999995,0.0,0.0,1.0,54.879999999999995,44.12
