Team,Played,Won,Lost,Points,Playoffs,1,2,3,4,5
Kowloon Cricket Club 3,16,13.38933893389339,2.6106610661066108,71.07040704070407,100.0,99.94999499949995,0.05000500050005,0.0,0.0,0.0
Hong Kong Football Club 3B,16,8.685768576857686,7.3142314231423144,49.451745174517455,99.77997799779978,0.0,51.9051905190519,46.334633463346336,1.54015401540154,0.22002200220022
Hong Kong Football Club 3A,16,8.517451745174517,7.482548254825483,48.88918891889189,99.75997599759977,0.05000500050005,47.714771477147714,49.75497549754975,2.24022402240224,0.24002400240024005
Young Player 3,16,5.601560156015601,10.398439843984399,35.57985798579858,57.29572957295729,0.0,0.24002400240024005,2.54025402540254,54.51545154515451,42.70427042704271
Happy Squash 1,16,3.805880588058806,12.194119411941195,35.00880088008801,43.164316431643165,0.0,0.09000900090009001,1.3701370137013702,41.7041704170417,56.835683568356835
