Team,Played,Won,Lost,Points,Playoffs,1,2,3,4,5
Kowloon Cricket Club 3,16,14.406040604060406,1.593959395939594,70.44654465446544,100.0,100.0,0.0,0.0,0.0,0.0
Hong Kong Football Club 3B,16,8.212021202120212,7.787978797879788,47.806580658065805,100.00000000000001,0.0,83.61836183618362,16.29162916291629,0.09000900090009001,0.0
Hong Kong Football Club 3A,16,7.434043404340434,8.565956595659566,45.61996199619962,99.91999199919992,0.0,16.141614161416143,82.07820782078208,1.7001700170017002,0.08000800080008001
Happy Squash 1,16,4.421642164216422,11.578357835783578,37.984398439843986,67.72677267726772,0.0,0.24002400240024005,1.4401440144014401,66.04660466046604,32.273227322732275
Young Player 3,16,5.526252625262527,10.473747374737474,36.14251425142514,32.35323532353235,0.0,0.0,0.19001900190019003,32.16321632163216,67.64676467646765
