Team,Played,Won,Lost,Points,Playoffs,1,2,3,4,5
Kowloon Cricket Club 3,16,14.0562,1.9438,71.015,100.0,100.0,0.0,0.0,0.0,0.0
Hong Kong Football Club 3B,16,8.4602,7.5398,49.7264,99.97999999999999,0.0,89.0,10.66,0.32,0.02
Hong Kong Football Club 3A,16,7.0192,8.9808,44.0754,96.88,0.0,10.780000000000001,76.96,9.139999999999999,3.1199999999999997
Happy Squash 1,16,4.5736,11.426400000000001,38.55,67.38,0.0,0.16,8.76,58.46,32.62
Young Player 3,16,5.8908000000000005,10.1092,36.6332,35.76,0.0,0.06,3.62,32.08,64.24
