Team,Played,Won,Lost,Points,Playoffs,1,2,3,4,5
Kowloon Cricket Club 3,16,14.0686,1.9314,71.0406,100.0,100.0,0.0,0.0,0.0,0.0
Hong Kong Football Club 3B,16,8.4778,7.5222,49.7656,100.0,0.0,88.68,10.86,0.45999999999999996,0.0
Hong Kong Football Club 3A,16,7.0116,8.9884,44.061,98.22,0.0,10.82,75.22,12.18,1.78
Happy Squash 1,16,4.9884,11.0116,39.2966,74.94,0.0,0.42,11.379999999999999,63.13999999999999,25.06
Young Player 3,16,5.4536,10.5464,35.8362,26.84,0.0,0.08,2.54,24.22,73.16
