Team,Played,Won,Lost,Points,Playoffs,1,2,3,4,5
Kowloon Cricket Club 3,16,13.538,2.4619999999999997,70.7608,100.0,100.0,0.0,0.0,0.0,0.0
Hong Kong Football Club 3B,16,8.4578,7.542199999999999,49.6196,99.74,0.0,79.06,19.259999999999998,1.4200000000000002,0.26
Hong Kong Football Club 3A,16,7.2858,8.7142,45.0172,96.30000000000001,0.0,19.34,65.62,11.34,3.6999999999999997
Happy Squash 1,16,4.6956,11.304400000000001,37.3912,49.4,0.0,0.76,7.24,41.4,50.6
Young Player 3,16,6.0228,9.9772,37.2112,54.559999999999995,0.0,0.84,7.88,45.839999999999996,45.440000000000005
