Team,Played,Won,Lost,Points,Playoffs,1,2,3,4,5
Kowloon Cricket Club 3,16,14.511251125112512,1.4887488748874889,70.86418641864186,100.0,100.0,0.0,0.0,0.0,0.0
Hong Kong Football Club 3B,16,7.335033503350335,8.664966496649665,45.408140814081406,100.0,0.0,94.97949794979498,5.02050205020502,0.0,0.0
Hong Kong Football Club 3A,16,6.732773277327733,9.267226722672268,42.87468746874688,100.0,0.0,4.400440044004401,79.04790479047905,16.55165516551655,0.0
Happy Squash 1,16,5.420942094209421,10.57905790579058,39.85298529852985,73.6873687368737,0.0,0.6200620062006201,15.931593159315932,57.13571357135714,26.312631263126313
Young Player 3,16,6.0,10.0,38.0,26.312631263126313,0.0,0.0,0.0,26.312631263126313,73.68736873687368
