Team,Played,Won,Lost,Points,Playoffs,1,2,3,4,5
Kowloon Cricket Club 3,16,13.775,2.225,70.7432,100.0,100.0,0.0,0.0,0.0,0.0
Hong Kong Football Club 3B,16,8.465,7.535,49.6334,99.85999999999999,0.0,80.47999999999999,18.22,1.16,0.13999999999999999
Hong Kong Football Club 3A,16,7.2466,8.7534,44.873000000000005,96.69999999999999,0.0,18.240000000000002,66.58,11.88,3.3000000000000003
Happy Squash 1,16,4.6998,11.3002,37.3774,47.419999999999995,0.0,0.8999999999999999,7.5,39.019999999999996,52.580000000000005
Young Player 3,16,5.8136,10.186399999999999,37.373,56.019999999999996,0.0,0.38,7.7,47.94,43.980000000000004
