Team,Played,Won,Lost,Points,Playoffs,1,2,3,4,5
Kowloon Cricket Club 3,16,13.643364336433644,2.356635663566357,66.5133513351335,100.0,100.0,0.0,0.0,0.0,0.0
Hong Kong Football Club 3B,16,7.356635663566356,8.643364336433644,45.486648664866486,100.0,0.0,74.80748074807481,25.192519251925194,0.0,0.0
Happy Squash 1,16,6.303330333033303,9.696669666966697,44.29012901290129,100.0,0.0,21.632163216321633,44.78447844784478,33.58335833583359,0.0
Hong Kong Football Club 3A,16,6.696669666966697,9.303330333033303,42.70987098709871,100.0,0.0,3.56035603560356,30.023002300230022,66.41664166416642,0.0
Young Player 3,16,6.0,10.0,38.0,0.0,0.0,0.0,0.0,0.0,100.0
