Team,Played,Won,Lost,Points,Playoffs,1,2,3,4,5,6
X-Alpha 1,20,18.4928,1.5072,94.753,100.0,99.98,0.02,0.0,0.0,0.0,0.0
Kowloon Cricket Club 4,20,14.1582,5.8418,77.3452,100.0,0.02,99.94,0.04,0.0,0.0,0.0
Friend Club 1,20,9.9598,10.0402,57.816199999999995,99.94000000000001,0.0,0.04,94.02000000000001,5.88,0.06,0.0
TNGX,20,8.3738,11.6262,48.6286,91.92,0.0,0.0,5.8999999999999995,86.02,7.12,0.96
Hong Kong Football Club 4B,20,4.1508,15.8492,39.824,4.34,0.0,0.0,0.02,4.32,45.26,50.4
Hong Kong Football Club 4A,20,4.8646,15.1354,39.632999999999996,3.8000000000000003,0.0,0.0,0.02,3.7800000000000002,47.56,48.64
