Team,Played,Won,Lost,Points,Playoffs,1,2,3,4,5,6
X-Alpha 1,20,18.3642,1.6358,94.1906,100.0,99.92,0.08,0.0,0.0,0.0,0.0
Kowloon Cricket Club 4,20,13.766,6.234,75.6818,100.0,0.08,98.94,0.98,0.0,0.0,0.0
Friend Club 1,20,10.4058,9.5942,60.6488,100.0,0.0,0.98,97.42,1.6,0.0,0.0
TNGX,20,7.772,12.228,47.254599999999996,80.32,0.0,0.0,1.52,78.8,15.4,4.279999999999999
Hong Kong Football Club 4B,20,4.3354,15.6646,40.6142,8.78,0.0,0.0,0.04,8.74,40.48,50.739999999999995
Hong Kong Football Club 4A,20,5.3566,14.6434,40.61,10.899999999999999,0.0,0.0,0.04,10.86,44.12,44.98
