Team,Played,Won,Lost,Points,Playoffs,1,2,3,4,5,6
X-Alpha 1,20,17.995599559955995,2.0044004400440043,92.84318431843184,100.0,99.83998399839984,0.16001600160016002,0.0,0.0,0.0,0.0
Kowloon Cricket Club 4,20,14.827182718271827,5.172817281728173,80.11321132113211,100.0,0.16001600160016002,99.83998399839984,0.0,0.0,0.0,0.0
Friend Club 1,20,9.082608260826083,10.917391739173917,55.2977297729773,99.94999499949995,0.0,0.0,86.79867986798679,13.151315131513153,0.05000500050005,0.0
TNGX,20,8.868386838683868,11.131613161316132,49.46864686468647,95.73957395739575,0.0,0.0,13.151315131513153,82.58825882588259,4.09040904090409,0.17001700170017
Hong Kong Football Club 4B,20,4.7042704270427045,15.295729572957296,41.048504850485045,3.6403640364036405,0.0,0.0,0.05000500050005,3.5903590359035906,66.28662866286629,30.073007300730076
Hong Kong Football Club 4A,20,4.521952195219522,15.478047804780477,38.22872287228723,0.67006700670067,0.0,0.0,0.0,0.67006700670067,29.572957295729573,69.75697569756976
