Team,Played,Won,Lost,Points,Playoffs,1,2,3,4,5,6
X-Alpha 1,20,18.58805880588059,1.411941194119412,94.23322332233224,100.0,100.0,0.0,0.0,0.0,0.0,0.0
Kowloon Cricket Club 4,20,14.494249424942494,5.5057505750575055,79.82368236823683,100.0,0.0,100.0,0.0,0.0,0.0,0.0
Friend Club 1,20,8.981998199819982,11.018001800180018,55.97069706970697,100.0,0.0,0.0,96.11961196119611,3.88038803880388,0.0,0.0
TNGX,20,8.828482848284828,11.171517151715172,50.32963296329633,99.71997199719972,0.0,0.0,3.88038803880388,95.83958395839583,0.28002800280028,0.0
Hong Kong Football Club 4A,20,5.619061906190619,14.38093809380938,41.574657465746576,0.28002800280028,0.0,0.0,0.0,0.28002800280028,99.10991099109911,0.6100610061006101
Hong Kong Football Club 4B,20,3.4881488148814883,16.511851185118513,35.068106810681066,0.0,0.0,0.0,0.0,0.0,0.6100610061006101,99.38993899389939
