Team,Played,Won,Lost,Points,Playoffs,1,2,3,4,5,6
X-Alpha 1,20,17.537353735373536,2.462646264626463,90.76857685768576,100.0,95.13951395139514,4.86048604860486,0.0,0.0,0.0,0.0
Kowloon Cricket Club 4,20,14.871687168716871,5.128312831283129,79.03190319031904,100.0,4.86048604860486,94.96949694969497,0.15001500150015,0.020002000200020003,0.0,0.0
Friend Club 1,20,9.098909890989098,10.901090109010902,56.35183518351835,93.03930393039303,0.0,0.13001300130013002,65.00650065006501,27.9027902790279,6.890689068906891,0.07000700070007
TNGX,20,8.90979097909791,11.09020902090209,52.64266426642664,81.08810881088108,0.0,0.040004000400040006,29.62296229622962,51.42514251425142,18.581858185818582,0.33003300330033003
Hong Kong Football Club 4B,20,6.178917891789179,13.82108210821082,47.03030303030303,25.67256725672567,0.0,0.0,5.2205220522052205,20.452045204520452,70.77707770777077,3.5503550355035505
Hong Kong Football Club 4A,20,3.403340334033403,16.596659665966598,34.17471747174717,0.2000200020002,0.0,0.0,0.0,0.2000200020002,3.7503750375037503,96.04960496049605
