Team,Played,Won,Lost,Points,Playoffs,1,2,3,4,5,6
X-Alpha 1,20,17.672867286728675,2.327132713271327,91.46204620462046,100.0,96.26962696269626,3.73037303730373,0.0,0.0,0.0,0.0
Kowloon Cricket Club 4,20,14.775777577757776,5.224222422242224,78.75887588758876,100.0,3.73037303730373,95.63956395639563,0.6100610061006101,0.020002000200020003,0.0,0.0
Friend Club 1,20,9.987098709870988,10.012901290129012,59.66506650665067,97.05970597059707,0.0,0.6200620062006201,81.64816481648165,14.79147914791479,2.9402940294029403,0.0
TNGX,20,8.466946694669467,11.533053305330533,51.66556655665566,72.54725472547254,0.0,0.010001000100010001,13.4013401340134,59.135913591359135,27.35273527352735,0.1000100010001
Hong Kong Football Club 4B,20,6.4424442444244425,13.557555755575557,47.99499949995,30.39303930393039,0.0,0.0,4.340434043404341,26.05260526052605,69.13691369136914,0.47004700470047006
Hong Kong Football Club 4A,20,2.6548654865486547,17.345134513451345,30.453445344534455,0.0,0.0,0.0,0.0,0.0,0.57005700570057,99.42994299429942
