Team,Played,Won,Lost,Points,Playoffs,1,2,3,4,5,6
X-Alpha 1,20,17.7246,2.2754000000000003,92.672,100.0,99.88,0.12,0.0,0.0,0.0,0.0
Kowloon Cricket Club 4,20,14.4576,5.5424,78.621,100.0,0.12,99.88,0.0,0.0,0.0,0.0
Friend Club 1,20,9.8964,10.1036,57.6436,99.94,0.0,0.0,86.38,13.56,0.06,0.0
TNGX,20,9.2844,10.7156,51.1874,98.36,0.0,0.0,13.58,84.78,1.6,0.04
Hong Kong Football Club 4B,20,4.0847999999999995,15.9152,39.5584,1.38,0.0,0.0,0.02,1.3599999999999999,53.800000000000004,44.82
Hong Kong Football Club 4A,20,4.5522,15.4478,38.3176,0.32,0.0,0.0,0.02,0.3,44.54,55.14
