Team,Played,Won,Lost,Points,Playoffs,1,2,3,4,5,6
X-Alpha 1,20,18.752475247524753,1.2475247524752475,95.94429442944295,100.0,100.0,0.0,0.0,0.0,0.0,0.0
Kowloon Cricket Club 4,20,14.774977497749775,5.225022502250225,80.05680568056806,100.0,0.0,100.0,0.0,0.0,0.0,0.0
Friend Club 1,20,8.697869786978698,11.302130213021302,55.72567256725672,100.0,0.0,0.0,87.73877387738774,12.26122612261226,0.0,0.0
TNGX,20,9.247524752475247,10.752475247524753,53.05570557055705,100.0,0.0,0.0,12.26122612261226,87.73877387738774,0.0,0.0
Hong Kong Football Club 4A,20,5.225022502250225,14.774977497749775,38.943194319431946,0.0,0.0,0.0,0.0,0.0,100.0,0.0
Hong Kong Football Club 4B,20,3.302130213021302,16.697869786978696,30.274327432743274,0.0,0.0,0.0,0.0,0.0,0.0,100.0
