Team,Played,Won,Lost,Points,Playoffs,1,2,3,4,5,6
X-Alpha 1,20,17.950400000000002,2.0496,92.4598,100.0,98.54,1.46,0.0,0.0,0.0,0.0
Kowloon Cricket Club 4,20,14.1762,5.8238,77.3638,100.0,1.46,98.36,0.18,0.0,0.0,0.0
Friend Club 1,20,9.393799999999999,10.606200000000001,57.4648,98.26000000000002,0.0,0.18,85.34,12.740000000000002,1.72,0.02
TNGX,20,8.017,11.983,49.074,72.89999999999999,0.0,0.0,12.08,60.81999999999999,23.1,4.0
Hong Kong Football Club 4B,20,5.6082,14.3918,44.794399999999996,25.24,0.0,0.0,2.22,23.02,55.1,19.66
Hong Kong Football Club 4A,20,4.8544,15.1456,38.843199999999996,3.6,0.0,0.0,0.18,3.42,20.080000000000002,76.32
