Team,Played,Won,Lost,Points,Playoffs,1,2,3,4,5,6
X-Alpha 1,20,17.95889588958896,2.041104110411041,92.6944694469447,100.0,99.86998699869987,0.13001300130013002,0.0,0.0,0.0,0.0
Kowloon Cricket Club 4,20,14.807980798079807,5.192019201920192,80.01990199019902,100.0,0.13001300130013002,99.86998699869987,0.0,0.0,0.0,0.0
Friend Club 1,20,9.048904890489048,10.951095109510952,55.16801680168017,99.94999499949995,0.0,0.0,86.3986398639864,13.551355135513552,0.05000500050005,0.0
TNGX,20,8.835883588358836,11.164116411641164,49.36613661366137,96.58965896589658,0.0,0.0,13.58135813581358,83.008300830083,3.16031603160316,0.25002500250025006
Hong Kong Football Club 4A,20,5.207420742074207,14.792579257925793,40.957395739573954,2.7602760276027603,0.0,0.0,0.020002000200020003,2.7402740274027404,71.17711771177117,26.062606260626065
Hong Kong Football Club 4B,20,4.140914091409141,15.85908590859086,38.79407940794079,0.7000700070007001,0.0,0.0,0.0,0.7000700070007001,25.61256125612561,73.68736873687368
