Team,Played,Won,Lost,Points,Playoffs,1,2,3,4,5,6
X-Alpha 1,20,19.0,1.0,98.0,100.0,100.0,0.0,0.0,0.0,0.0,0.0
Kowloon Cricket Club 4,20,15.0,5.0,82.0,100.0,0.0,100.0,0.0,0.0,0.0,0.0
Friend Club 1,20,8.695869586958695,11.304130413041305,55.71317131713171,100.0,0.0,0.0,100.0,0.0,0.0,0.0
TNGX,20,9.0,11.0,51.0,100.0,0.0,0.0,0.0,100.0,0.0,0.0
Hong Kong Football Club 4A,20,5.0,15.0,37.0,0.0,0.0,0.0,0.0,0.0,100.0,0.0
Hong Kong Football Club 4B,20,3.304130413041304,16.695869586958697,30.286828682868286,0.0,0.0,0.0,0.0,0.0,0.0,100.0
