Team,Played,Won,Lost,Points,Playoffs,1,2,3,4,5,6,7,8,9
X-Alpha 2,16,12.672,3.3280000000000003,68.8012,100.0,48.32,27.54,24.14,0.0,0.0,0.0,0.0,0.0,0.0
Hong Kong Football Club 5,16,12.023,3.977,68.2054,100.0,29.360000000000003,41.260000000000005,29.38,0.0,0.0,0.0,0.0,0.0,0.0
Kowloon Cricket Club 5,16,12.9298,3.0702,66.7846,99.99999999999999,22.32,31.2,46.46,0.02,0.0,0.0,0.0,0.0,0.0
United Services Recreation Club 1,16,9.4968,6.5032,53.9928,90.97999999999999,0.0,0.0,0.02,90.96,8.94,0.08,0.0,0.0,0.0
i-Mask Advance Squash Club 1,16,7.9498,8.0502,48.8284,8.68,0.0,0.0,0.0,8.68,81.12,10.2,0.0,0.0,0.0
Sha Tin Squash Rackets Club 1,16,7.299799999999999,8.7002,42.2608,0.33999999999999997,0.0,0.0,0.0,0.33999999999999997,9.94,86.4,3.3000000000000003,0.02,0.0
YLJR 1,16,4.3376,11.6624,34.391999999999996,0.0,0.0,0.0,0.0,0.0,0.0,3.1199999999999997,71.78,25.1,0.0
Electrify Squash Div 5,16,4.0204,11.9796,31.1922,0.0,0.0,0.0,0.0,0.0,0.0,0.2,24.92,74.88,0.0
Squashathon,16,1.2708,14.7292,15.5426,0.0,0.0,0.0,0.0,0.0,0.0,0.0,0.0,0.0,100.0
