Team,Played,Won,Lost,Points,Playoffs,1,2,3,4,5,6,7,8,9
Hong Kong Football Club 5,16,12.991499149914992,3.0085008500850083,75.45984598459846,100.0,99.42994299429942,0.57005700570057,0.0,0.0,0.0,0.0,0.0,0.0,0.0
X-Alpha 2,16,12.566056605660567,3.433943394339434,71.24242424242425,100.0,0.4800480048004801,56.12561256125612,43.394339433943394,0.0,0.0,0.0,0.0,0.0,0.0
Kowloon Cricket Club 5,16,13.433943394339433,2.566056605660566,69.75757575757575,100.0,0.09000900090009001,43.304330433043305,56.605660566056606,0.0,0.0,0.0,0.0,0.0,0.0
United Services Recreation Club 1,16,9.491849184918491,6.508150815081509,52.976897689768975,96.9096909690969,0.0,0.0,0.0,96.9096909690969,3.0903090309030903,0.0,0.0,0.0,0.0
Sha Tin Squash Rackets Club 1,16,8.508150815081509,7.491849184918491,48.023102310231025,3.0903090309030903,0.0,0.0,0.0,3.0903090309030903,96.9096909690969,0.0,0.0,0.0,0.0
i-Mask Advance Squash Club 1,16,6.654465446544655,9.345534553455346,42.553755375537555,0.0,0.0,0.0,0.0,0.0,0.0,100.0,0.0,0.0,0.0
YLJR 1,16,4.0,12.0,31.0,0.0,0.0,0.0,0.0,0.0,0.0,0.0,100.0,0.0,0.0
Electrify Squash Div 5,16,3.3455345534553453,12.654465446544654,27.446244624462445,0.0,0.0,0.0,0.0,0.0,0.0,0.0,0.0,100.0,0.0
Squashathon,16,1.0085008500850086,14.991499149914992,11.54015401540154,0.0,0.0,0.0,0.0,0.0,0.0,0.0,0.0,0.0,100.0
