Team,Played,Won,Lost,Points,Playoffs,1,2,3,4,5,6,7,8,9
Hong Kong Football Club 5,16,12.5928,3.4072,72.6554,100.0,39.839999999999996,50.339999999999996,9.82,0.0,0.0,0.0,0.0,0.0,0.0
X-Alpha 2,16,13.1272,2.8728,72.4746,100.00000000000001,51.080000000000005,25.94,22.98,0.0,0.0,0.0,0.0,0.0,0.0
Kowloon Cricket Club 5,16,13.4182,2.5818,69.713,100.0,9.08,23.72,67.2,0.0,0.0,0.0,0.0,0.0,0.0
United Services Recreation Club 1,16,8.9784,7.0216,51.9062,90.48,0.0,0.0,0.0,90.48,9.120000000000001,0.4,0.0,0.0,0.0
Sha Tin Squash Rackets Club 1,16,8.3996,7.6004000000000005,46.7016,9.36,0.0,0.0,0.0,9.36,68.60000000000001,22.040000000000003,0.0,0.0,0.0
i-Mask Advance Squash Club 1,16,7.0072,8.9928,44.9952,0.16,0.0,0.0,0.0,0.16,22.28,77.56,0.0,0.0,0.0
Electrify Squash Div 5,16,3.8018,12.1982,29.2992,0.0,0.0,0.0,0.0,0.0,0.0,0.0,47.0,53.0,0.0
YLJR 1,16,3.5746,12.4254,29.268,0.0,0.0,0.0,0.0,0.0,0.0,0.0,53.0,47.0,0.0
Squashathon,16,1.1002,14.899799999999999,12.9868,0.0,0.0,0.0,0.0,0.0,0.0,0.0,0.0,0.0,100.0
