Team,Played,Won,Lost,Points,Playoffs,1,2,3,4,5,6,7,8,9
Hong Kong Football Club 5,16,12.6104,3.3896,72.7978,99.99999999999999,57.699999999999996,38.06,4.24,0.0,0.0,0.0,0.0,0.0,0.0
X-Alpha 2,16,12.5684,3.4316,71.2378,100.0,28.58,31.5,39.92,0.0,0.0,0.0,0.0,0.0,0.0
Kowloon Cricket Club 5,16,13.4316,2.5684,69.7622,100.0,13.719999999999999,30.44,55.84,0.0,0.0,0.0,0.0,0.0,0.0
United Services Recreation Club 1,16,9.5196,6.4804,53.0644,99.11999999999999,0.0,0.0,0.0,99.11999999999999,0.88,0.0,0.0,0.0,0.0
Sha Tin Squash Rackets Club 1,16,8.4272,7.5728,46.885,0.88,0.0,0.0,0.0,0.88,79.03999999999999,20.080000000000002,0.0,0.0,0.0
i-Mask Advance Squash Club 1,16,7.008,8.992,45.0216,0.0,0.0,0.0,0.0,0.0,20.080000000000002,79.92,0.0,0.0,0.0
Electrify Squash Div 5,16,3.8032,12.1968,29.2734,0.0,0.0,0.0,0.0,0.0,0.0,0.0,47.620000000000005,52.38,0.0
YLJR 1,16,3.5608,12.4392,29.2364,0.0,0.0,0.0,0.0,0.0,0.0,0.0,52.38,47.620000000000005,0.0
Squashathon,16,1.0708,14.9292,12.7214,0.0,0.0,0.0,0.0,0.0,0.0,0.0,0.0,0.0,100.0
