Team,Played,Won,Lost,Points,Playoffs,1,2,3,4,5,6,7,8,9
X-Alpha 2,16,13.0428,2.9572000000000003,71.3576,100.0,58.699999999999996,24.36,16.939999999999998,0.0,0.0,0.0,0.0,0.0,0.0
Hong Kong Football Club 5,16,12.2818,3.7182,70.3414,100.0,26.779999999999998,51.12,22.1,0.0,0.0,0.0,0.0,0.0,0.0
Kowloon Cricket Club 5,16,13.0282,2.9718,68.0974,100.0,14.52,24.52,60.96,0.0,0.0,0.0,0.0,0.0,0.0
United Services Recreation Club 1,16,9.4584,6.5416,53.8436,96.46000000000001,0.0,0.0,0.0,96.46000000000001,3.5000000000000004,0.04,0.0,0.0,0.0
i-Mask Advance Squash Club 1,16,7.5562000000000005,8.4438,46.201,1.46,0.0,0.0,0.0,1.46,56.49999999999999,42.04,0.0,0.0,0.0
Sha Tin Squash Rackets Club 1,16,7.8016000000000005,8.1984,45.309200000000004,2.08,0.0,0.0,0.0,2.08,40.0,57.92,0.0,0.0,0.0
YLJR 1,16,3.8864,12.1136,31.561799999999998,0.0,0.0,0.0,0.0,0.0,0.0,0.0,70.08,29.92,0.0
Electrify Squash Div 5,16,3.7802,12.2198,29.17,0.0,0.0,0.0,0.0,0.0,0.0,0.0,29.92,70.08,0.0
Squashathon,16,1.1644,14.8356,14.118,0.0,0.0,0.0,0.0,0.0,0.0,0.0,0.0,0.0,100.0
