Team,Played,Won,Lost,Points,Playoffs,1,2,3,4,5,6,7,8,9
Hong Kong Football Club 5,16,11.6028,4.3972,65.4882,99.99999999999999,35.099999999999994,37.54,26.32,1.04,0.0,0.0,0.0,0.0,0.0
X-Alpha 2,16,11.977599999999999,4.0224,64.911,99.88,32.2,30.240000000000002,35.28,2.16,0.12,0.0,0.0,0.0,0.0
Kowloon Cricket Club 5,16,12.1606,3.8394,64.6096,99.91999999999999,32.54,31.56,34.1,1.72,0.08,0.0,0.0,0.0,0.0
i-Mask Advance Squash Club 1,16,9.161999999999999,6.838,53.5686,64.54,0.16,0.64,3.56,60.18,30.5,4.9399999999999995,0.02,0.0,0.0
United Services Recreation Club 1,16,8.8164,7.1836,51.4916,33.239999999999995,0.0,0.02,0.74,32.48,56.99999999999999,9.74,0.02,0.0,0.0
Sha Tin Squash Rackets Club 1,16,7.1736,8.8264,44.7866,2.42,0.0,0.0,0.0,2.42,12.26,77.3,7.02,1.0,0.0
YLJR 1,16,5.0378,10.9622,36.313,0.0,0.0,0.0,0.0,0.0,0.0,5.62,60.5,33.879999999999995,0.0
Electrify Squash Div 5,16,4.7648,11.235199999999999,34.3178,0.0,0.0,0.0,0.0,0.0,0.04,2.4,32.440000000000005,65.12,0.0
Squashathon,16,1.3044,14.695599999999999,15.5136,0.0,0.0,0.0,0.0,0.0,0.0,0.0,0.0,0.0,100.0
