Team,Played,Won,Lost,Points,Playoffs,1,2,3,4,5,6,7,8,9
Hong Kong Football Club 5,16,11.792279227922792,4.207720772077208,67.22462246224623,100.0,58.185818581858186,30.49304930493049,11.071107110711072,0.25002500250025006,0.0,0.0,0.0,0.0,0.0
X-Alpha 2,16,12.205320532053205,3.7946794679467946,64.7995799579958,99.87998799879989,32.06320632063206,42.45424542454245,24.162416241624165,1.2001200120012,0.11001100110011,0.010001000100010001,0.0,0.0,0.0
Kowloon Cricket Club 5,16,11.334833483348334,4.665166516651665,61.23232323232323,99.24992499249925,9.74097409740974,26.612661266126615,57.795779577957795,5.1005100510051005,0.6900690069006901,0.06000600060006001,0.0,0.0,0.0
i-Mask Advance Squash Club 1,16,8.733473347334733,7.2665266526652665,50.95439543954396,55.535553555355534,0.010001000100010001,0.37003700370037007,4.750475047504751,50.405040504050405,28.552855285528555,14.091409140914092,1.7101710171017102,0.11001100110011,0.0
United Services Recreation Club 1,16,7.947894789478948,8.052105210521052,48.924292429242925,28.812881288128814,0.0,0.05000500050005,1.75017501750175,27.012701270127014,37.843784378437846,26.832683268326836,5.6405640564056405,0.87008700870087,0.0
Sha Tin Squash Rackets Club 1,16,7.748574857485749,8.25142514251425,46.98799879987999,16.001600160016,0.0,0.020002000200020003,0.47004700470047006,15.51155115511551,29.062906290629066,42.61426142614261,9.98099809980998,2.34023402340234,0.0
Electrify Squash Div 5,16,5.607060706070607,10.392939293929393,38.71487148714871,0.33003300330033003,0.0,0.0,0.0,0.33003300330033003,2.1402140214021403,8.730873087308732,42.32423242324232,46.464646464646464,0.010001000100010001
YLJR 1,16,6.031203120312031,9.968796879687968,38.32223222322232,0.19001900190019003,0.0,0.0,0.0,0.19001900190019003,1.6001600160016,7.660766076607661,40.34403440344035,50.2050205020502,0.0
Squashathon,16,0.5993599359935994,15.4006400640064,14.83968396839684,0.0,0.0,0.0,0.0,0.0,0.0,0.0,0.0,0.010001000100010001,99.98999899989998
