Team,Played,Won,Lost,Points,Playoffs,1,2,3,4,5,6,7,8,9
Hong Kong Football Club 8A,16,12.36923692369237,3.630763076307631,63.942694269426944,99.80998099809983,79.31793179317933,17.22172217221722,2.7002700270027002,0.57005700570057,0.16001600160016002,0.030003000300030006,0.0,0.0,0.0
Global Squash 1,16,10.247424742474248,5.752575257525752,58.570757075707576,97.40974097409742,17.68176817681768,58.12581258125813,16.421642164216422,5.18051805180518,1.9001900190019003,0.6000600060006,0.08000800080008001,0.010001000100010001,0.0
Hong Kong Cricket Club 3,16,9.06050605060506,6.93949394939494,52.017501750175015,71.89718971897189,1.7201720172017203,12.85128512851285,34.1034103410341,23.22232223222322,14.711471147114711,9.28092809280928,3.68036803680368,0.4000400040004,0.030003000300030006
United Services Recreation Club 2,16,8.777377737773778,7.222622262226222,48.97579757975798,45.01450145014502,0.4800480048004801,4.540454045404541,16.841684168416844,23.15231523152315,24.052405240524052,19.36193619361936,9.85098509850985,1.65016501650165,0.07000700070007
Physical Chess 2,16,8.696369636963697,7.303630363036303,48.753375337533754,44.084408440844086,0.47004700470047006,4.09040904090409,16.17161716171617,23.352335233523352,23.87238723872387,19.2019201920192,10.57105710571057,2.13021302130213,0.14001400140014
Kowloon Cricket Club 8,16,7.721872187218722,8.278127812781278,47.80678067806781,32.53325332533253,0.29002900290029,2.68026802680268,11.441144114411442,18.12181218121812,22.862286228622864,25.542554255425543,15.811581158115812,3.1203120312031203,0.13001300130013002
Hong Kong Cricket Club 4,16,6.815881588158816,9.184118411841183,43.459545954595455,8.77087708770877,0.040004000400040006,0.4800480048004801,2.22022202220222,6.0306030603060305,10.82108210821082,21.902190219021904,43.844384438443846,13.31133113311331,1.3501350135013501
Sha Tin Squash Rackets Club 2,16,4.247724772477248,11.752275227522752,37.35653565356536,0.48004800480048004,0.0,0.010001000100010001,0.1000100010001,0.37003700370037007,1.5901590159015901,3.92039203920392,14.461446144614461,62.91629162916291,16.63166316631663
Hong Kong Football Club 8B,16,4.063606360636063,11.936393639363937,31.117011701170117,0.0,0.0,0.0,0.0,0.0,0.030003000300030006,0.16001600160016002,1.7001700170017002,16.46164616461646,81.64816481648165
