Team,Played,Won,Lost,Points,Playoffs,1,2,3,4,5,6,7,8,9
Hong Kong Football Club 8A,16,11.7522,4.2478,60.9432,99.83999999999999,48.94,31.44,16.88,2.58,0.16,0.0,0.0,0.0,0.0
Kowloon Cricket Club 8,16,10.4698,5.5302,59.893,99.01999999999998,30.099999999999998,28.439999999999998,35.82,4.66,0.98,0.0,0.0,0.0,0.0
Hong Kong Cricket Club 3,16,11.029,4.971,59.0822,99.47999999999999,20.880000000000003,38.18,33.76,6.660000000000001,0.52,0.0,0.0,0.0,0.0
Global Squash 1,16,8.0172,7.9828,54.081,65.42,0.08,1.82,9.48,54.04,34.300000000000004,0.27999999999999997,0.0,0.0,0.0
United Services Recreation Club 2,16,8.84,7.16,52.3376,36.14,0.0,0.12,4.06,31.96,61.260000000000005,2.46,0.13999999999999999,0.0,0.0
Physical Chess 2,16,8.8302,7.1698,44.2042,0.02,0.0,0.0,0.0,0.02,1.2,63.260000000000005,33.62,1.9,0.0
Hong Kong Cricket Club 4,16,6.7298,9.270199999999999,42.9908,0.08,0.0,0.0,0.0,0.08,1.58,33.4,58.42,6.52,0.0
Sha Tin Squash Rackets Club 2,16,3.6677999999999997,12.3322,36.6256,0.0,0.0,0.0,0.0,0.0,0.0,0.6,7.82,91.58,0.0
Hong Kong Football Club 8B,16,2.664,13.336,21.842399999999998,0.0,0.0,0.0,0.0,0.0,0.0,0.0,0.0,0.0,100.0
