Team,Played,Won,Lost,Points,Playoffs,1,2,3,4,5,6,7,8,9
Hong Kong Football Club 8A,16,12.0744,3.9256,62.151399999999995,99.38,81.16,12.139999999999999,4.38,1.7000000000000002,0.48,0.13999999999999999,0.0,0.0,0.0
Hong Kong Cricket Club 3,16,9.6394,6.3606,55.5148,76.08000000000001,7.000000000000001,28.360000000000003,22.32,18.4,14.360000000000001,9.379999999999999,0.18,0.0,0.0
Global Squash 1,16,8.8522,7.1478,55.308800000000005,72.02,5.26,23.26,23.48,20.02,15.98,11.74,0.26,0.0,0.0
Kowloon Cricket Club 8,16,9.44,6.5600000000000005,53.665400000000005,58.82,3.2,14.540000000000001,19.86,21.22,20.8,19.54,0.84,0.0,0.0
United Services Recreation Club 2,16,9.1868,6.8132,52.6994,46.2,2.18,10.92,13.719999999999999,19.38,23.78,27.860000000000003,2.16,0.0,0.0
Physical Chess 2,16,10.3718,5.6282,52.399,47.34,1.2,10.780000000000001,16.220000000000002,19.139999999999997,23.76,26.240000000000002,2.6599999999999997,0.0,0.0
Hong Kong Cricket Club 4,16,6.3978,9.6022,42.592,0.15999999999999998,0.0,0.0,0.02,0.13999999999999999,0.84,5.1,90.18,3.7199999999999998,0.0
Sha Tin Squash Rackets Club 2,16,2.9706,13.029399999999999,34.053,0.0,0.0,0.0,0.0,0.0,0.0,0.0,3.7199999999999998,94.22,2.06
Hong Kong Football Club 8B,16,3.067,12.933,23.6162,0.0,0.0,0.0,0.0,0.0,0.0,0.0,0.0,2.06,97.94
