Team,Played,Won,Lost,Points,Playoffs,1,2,3,4,5,6,7,8,9
Hong Kong Football Club 8A,16,12.7696,3.2304,63.824200000000005,99.8,91.94,5.96,1.6199999999999999,0.27999999999999997,0.16,0.04,0.0,0.0,0.0
Hong Kong Cricket Club 3,16,9.3102,6.6898,54.1012,75.19999999999999,3.2199999999999998,32.379999999999995,22.52,17.080000000000002,13.900000000000002,9.26,1.6400000000000001,0.0,0.0
Global Squash 1,16,8.513,7.487,52.855199999999996,62.78,1.54,18.64,21.52,21.08,18.64,15.120000000000001,3.42,0.04,0.0
United Services Recreation Club 2,16,9.1766,6.8233999999999995,52.748000000000005,64.24,1.4200000000000002,19.72,22.5,20.599999999999998,18.740000000000002,13.58,3.44,0.0,0.0
Kowloon Cricket Club 8,16,8.8048,7.1952,51.1702,46.38,1.02,11.4,15.6,18.360000000000003,21.34,22.54,9.379999999999999,0.36,0.0
Physical Chess 2,16,9.7098,6.2902000000000005,50.8076,47.4,0.86,11.72,15.28,19.54,20.48,22.939999999999998,8.94,0.24,0.0
Hong Kong Cricket Club 4,16,6.9308,9.0692,44.724199999999996,4.2,0.0,0.18,0.96,3.06,6.72,16.1,68.14,4.78,0.06
Sha Tin Squash Rackets Club 2,16,3.445,12.555,35.9736,0.0,0.0,0.0,0.0,0.0,0.02,0.42,5.0200000000000005,91.06,3.4799999999999995
Hong Kong Football Club 8B,16,3.3402000000000003,12.6598,25.7958,0.0,0.0,0.0,0.0,0.0,0.0,0.0,0.02,3.52,96.46000000000001
