Team,Played,Won,Lost,Points,Playoffs,1,2,3,4,5,6,7,8,9
Hong Kong Football Club 8A,16,12.328332833283328,3.671667166716672,63.2009200920092,99.99999999999999,73.96739673967396,22.34223422342234,3.6903690369036903,0.0,0.0,0.0,0.0,0.0,0.0
Kowloon Cricket Club 8,16,10.890689068906891,5.109310931093109,60.61676167616761,100.0,21.102110211021103,41.484148414841485,37.413741374137416,0.0,0.0,0.0,0.0,0.0,0.0
Hong Kong Cricket Club 3,16,11.053705370537054,4.946294629462947,59.177617761776176,99.93999399939993,4.930493049304931,36.17361736173617,58.35583558355836,0.4800480048004801,0.06000600060006001,0.0,0.0,0.0,0.0
Global Squash 1,16,7.49034903490349,8.50965096509651,51.971197119711974,46.6046604660466,0.0,0.0,0.4300430043004301,46.17461746174617,52.56525652565257,0.83008300830083,0.0,0.0,0.0
United Services Recreation Club 2,16,8.438543854385438,7.561456145614562,51.628562856285626,53.27532753275327,0.0,0.0,0.11001100110011,53.16531653165316,43.364336433643366,3.3603360336033603,0.0,0.0,0.0
Physical Chess 2,16,9.303530353035303,6.6964696469646965,46.12481248124813,0.18001800180018002,0.0,0.0,0.0,0.18001800180018002,4.010401040104011,94.81948194819482,0.9600960096009602,0.030003000300030006,0.0
Hong Kong Cricket Club 4,16,5.6701670167016704,10.32983298329833,39.82328232823282,0.0,0.0,0.0,0.0,0.0,0.0,0.92009200920092,78.11781178117812,20.962096209620963,0.0
Sha Tin Squash Rackets Club 2,16,4.4486448644864485,11.551355135513552,37.807880788078805,0.0,0.0,0.0,0.0,0.0,0.0,0.07000700070007,20.92209220922092,79.007900790079,0.0
Hong Kong Football Club 8B,16,2.376037603760376,13.623962396239623,21.648964896489648,0.0,0.0,0.0,0.0,0.0,0.0,0.0,0.0,0.0,100.0
