Team,Played,Won,Lost,Points,Playoffs,1,2,3,4,5,6,7,8,9
Hong Kong Football Club 8A,16,12.376999999999999,3.623,62.381,99.94,76.53999999999999,15.939999999999998,5.680000000000001,1.78,0.06,0.0,0.0,0.0,0.0
Hong Kong Cricket Club 3,16,10.4416,5.5584,57.7814,98.03999999999999,11.379999999999999,39.519999999999996,28.360000000000003,18.78,1.94,0.02,0.0,0.0,0.0
Kowloon Cricket Club 8,16,10.0856,5.9144000000000005,57.3514,94.13999999999999,9.62,30.04,33.160000000000004,21.32,4.9399999999999995,0.9199999999999999,0.0,0.0,0.0
Global Squash 1,16,8.6682,7.3318,55.599000000000004,84.36000000000001,2.44,13.76,27.700000000000003,40.46,14.46,1.1400000000000001,0.04,0.0,0.0
United Services Recreation Club 2,16,8.221,7.779,50.9044,21.14,0.02,0.74,4.9799999999999995,15.4,57.940000000000005,18.92,2.0,0.0,0.0
Physical Chess 2,16,9.228,6.772,46.7836,2.3000000000000003,0.0,0.0,0.12,2.18,17.599999999999998,62.339999999999996,17.299999999999997,0.45999999999999996,0.0
Hong Kong Cricket Club 4,16,6.6772,9.3228,42.8274,0.08,0.0,0.0,0.0,0.08,3.06,16.6,73.76,6.5,0.0
Sha Tin Squash Rackets Club 2,16,3.6202,12.3798,36.471000000000004,0.0,0.0,0.0,0.0,0.0,0.0,0.06,6.9,93.04,0.0
Hong Kong Football Club 8B,16,2.6812,13.3188,21.9008,0.0,0.0,0.0,0.0,0.0,0.0,0.0,0.0,0.0,100.0
