Team,Played,Won,Lost,Points,Playoffs,1,2,3,4,5,6,7,8,9
Hong Kong Football Club 8A,16,12.4308,3.5692,62.5798,99.97999999999999,81.38,14.74,3.3000000000000003,0.5599999999999999,0.02,0.0,0.0,0.0,0.0
Hong Kong Cricket Club 3,16,10.1112,5.8888,57.4108,93.54,11.52,45.300000000000004,25.779999999999998,10.94,5.220000000000001,1.24,0.0,0.0,0.0
Kowloon Cricket Club 8,16,9.7324,6.2676,55.8934,85.12,6.52,27.38,33.22,18.0,10.36,4.32,0.2,0.0,0.0
Global Squash 1,16,8.0338,7.9662,52.1412,45.81999999999999,0.22,3.9,14.56,27.139999999999997,26.52,26.02,1.6400000000000001,0.0,0.0
United Services Recreation Club 2,16,8.721,7.279,51.8588,43.260000000000005,0.32,5.94,13.52,23.48,28.74,25.040000000000003,2.96,0.0,0.0
Physical Chess 2,16,9.8734,6.1266,50.394800000000004,31.86,0.04,2.74,9.62,19.46,27.58,35.88,4.5600000000000005,0.12,0.0
Hong Kong Cricket Club 4,16,6.3988,9.6012,42.644999999999996,0.42,0.0,0.0,0.0,0.42,1.5599999999999998,7.359999999999999,77.22,13.44,0.0
Sha Tin Squash Rackets Club 2,16,3.8768000000000002,12.1232,37.4918,0.0,0.0,0.0,0.0,0.0,0.0,0.13999999999999999,13.420000000000002,86.44,0.0
Hong Kong Football Club 8B,16,2.8218,13.1782,21.5844,0.0,0.0,0.0,0.0,0.0,0.0,0.0,0.0,0.0,100.0
