Team,Played,Won,Lost,Points,Playoffs,1,2,3,4,5,6,7,8,9
Hong Kong Football Club 8A,16,12.101410141014101,3.8985898589858987,63.024902490249026,99.52995299529951,76.78767876787678,17.52175217521752,4.000400040004001,1.2201220122012202,0.32003200320032005,0.1000100010001,0.05000500050005,0.0,0.0
Global Squash 1,16,10.101810181018102,5.898189818981898,58.04440444044404,95.64956495649565,18.531853185318532,52.15521552155216,17.47174717471747,7.490749074907491,3.11031103110311,1.0401040104010402,0.18001800180018002,0.020002000200020003,0.0
United Services Recreation Club 2,16,9.294329432943293,6.705670567056705,52.07530753075308,68.57685768576857,2.54025402540254,13.431343134313432,30.413041304130413,22.19221922192219,16.8016801680168,10.551055105510551,3.6503650365036506,0.41004100410041006,0.010001000100010001
Kowloon Cricket Club 8,16,8.325632563256326,7.674367436743674,50.23682368236824,49.14491449144914,0.92009200920092,6.65066506650665,17.87178717871787,23.7023702370237,22.642264226422643,18.081808180818083,9.02090209020902,1.0901090109010902,0.020002000200020003
Physical Chess 2,16,9.09010901090109,6.90989098909891,49.31143114311431,44.884488448844884,0.67006700670067,5.860586058605861,16.521652165216523,21.83218321832183,22.672267226722674,20.572057205720572,10.491049104910491,1.3501350135013501,0.030003000300030006
Hong Kong Cricket Club 3,16,8.2007200720072,7.799279927992799,48.72847284728473,34.4934493449345,0.5000500050005001,3.95039503950395,11.641164116411641,18.401840184018404,23.812381238123812,26.212621262126213,13.541354135413542,1.8801880188018802,0.06000600060006001
Hong Kong Cricket Club 4,16,6.895489548954895,9.104510451045105,43.72777277727773,7.430743074307431,0.05000500050005,0.4300430043004301,2.04020402040204,4.910491049104911,9.8009800980098,20.402040204020402,47.74477447744774,13.731373137313732,0.89008900890089
Sha Tin Squash Rackets Club 2,16,4.064806480648064,11.935193519351936,37.52275227522752,0.29002900290029004,0.0,0.0,0.040004000400040006,0.25002500250025006,0.83008300830083,3.0003000300030003,14.651465146514653,71.51715171517151,9.710971097109711
Hong Kong Football Club 8B,16,3.925692569256926,12.074307430743074,29.32813281328133,0.0,0.0,0.0,0.0,0.0,0.010001000100010001,0.040004000400040006,0.67006700670067,10.00100010001,89.27892789278928
