Team,Played,Won,Lost,Points,Playoffs,1,2,3,4,5,6,7,8,9
Hong Kong Football Club 8A,16,12.786200000000001,3.2138,63.899,99.88,92.38,5.46,1.6400000000000001,0.4,0.1,0.02,0.0,0.0,0.0
Hong Kong Cricket Club 3,16,9.289,6.711,54.0482,74.99999999999999,2.76,33.44,21.2,17.599999999999998,13.44,10.0,1.54,0.02,0.0
Global Squash 1,16,8.4846,7.5154,52.7742,62.300000000000004,1.46,17.52,22.64,20.68,19.64,14.680000000000001,3.38,0.0,0.0
United Services Recreation Club 2,16,9.1594,6.8406,52.6768,63.74,1.6199999999999999,19.18,22.16,20.78,18.18,14.219999999999999,3.84,0.02,0.0
Kowloon Cricket Club 8,16,8.8338,7.1662,51.2322,47.3,0.98,11.64,16.02,18.66,21.48,21.6,9.46,0.16,0.0
Physical Chess 2,16,9.7406,6.259399999999999,50.8846,48.28,0.8,12.540000000000001,15.479999999999999,19.46,20.979999999999997,22.02,8.5,0.22,0.0
Hong Kong Cricket Club 4,16,6.933,9.067,44.71,3.5,0.0,0.22,0.86,2.42,6.140000000000001,17.28,67.82000000000001,5.26,0.0
Sha Tin Squash Rackets Club 2,16,3.4094,12.5906,35.872,0.0,0.0,0.0,0.0,0.0,0.04,0.18,5.42,90.3,4.06
Hong Kong Football Club 8B,16,3.364,12.636,25.903,0.0,0.0,0.0,0.0,0.0,0.0,0.0,0.04,4.02,95.94
