Team,Played,Won,Lost,Points,Playoffs,1,2,3,4,5,6,7,8,9
Hong Kong Football Club 8A,16,12.4534,3.5465999999999998,62.6858,99.88000000000001,84.76,11.42,2.76,0.9400000000000001,0.12,0.0,0.0,0.0,0.0
Hong Kong Cricket Club 3,16,9.7006,6.2994,55.7374,79.14,6.460000000000001,31.2,23.200000000000003,18.279999999999998,12.740000000000002,7.9399999999999995,0.18,0.0,0.0
Global Squash 1,16,8.8984,7.1015999999999995,55.4816,75.89999999999999,4.7,25.36,25.779999999999998,20.06,14.52,9.3,0.27999999999999997,0.0,0.0
Kowloon Cricket Club 8,16,9.4338,6.5662,53.6482,59.160000000000004,2.58,14.48,19.32,22.78,20.96,18.92,0.96,0.0,0.0
Physical Chess 2,16,10.345,5.654999999999999,52.308800000000005,48.28,1.16,10.86,16.6,19.66,24.32,25.040000000000003,2.36,0.0,0.0
United Services Recreation Club 2,16,8.6992,7.300800000000001,51.8118,37.56,0.33999999999999997,6.68,12.34,18.2,26.1,33.239999999999995,3.1,0.0,0.0
Hong Kong Cricket Club 4,16,6.42,9.58,42.6648,0.08,0.0,0.0,0.0,0.08,1.24,5.52,89.42,3.74,0.0
Sha Tin Squash Rackets Club 2,16,2.9566,13.0434,33.959199999999996,0.0,0.0,0.0,0.0,0.0,0.0,0.04,3.6999999999999997,93.56,2.7
Hong Kong Football Club 8B,16,3.093,12.907,23.7024,0.0,0.0,0.0,0.0,0.0,0.0,0.0,0.0,2.7,97.3
