Team,Played,Won,Lost,Points,Playoffs,1,2,3,4,5,6
Hong Kong Football Club L1A,10,8.882688268826882,1.1173117311731173,33.7966796679668,99.99999999999999,97.04970497049705,2.7402740274027404,0.2000200020002,0.010001000100010001,0.0,0.0
Kowloon Cricket Club L1B,10,6.8345834583458345,3.1654165416541655,26.643764376437645,100.0,2.8402840284028406,77.37773777377738,16.911691169116914,2.87028702870287,0.0,0.0
Kowloon Cricket Club L1A,10,6.58075807580758,3.419241924192419,22.871587158715872,100.0,0.08000800080008001,12.37123712371237,55.02550255025503,32.52325232523252,0.0,0.0
Jessica,10,5.197519751975197,4.802480248024803,21.72967296729673,100.0,0.030003000300030006,7.51075107510751,27.86278627862786,64.5964596459646,0.0,0.0
Hong Kong Cricket Club L1,10,2.0573057305730575,7.9426942694269425,8.795779577957795,0.0,0.0,0.0,0.0,0.0,94.57945794579457,5.420542054205421
Hong Kong Football Club L1B,10,0.44714471447144716,9.552855285528553,4.162516251625163,0.0,0.0,0.0,0.0,0.0,5.420542054205421,94.57945794579457
