Team,Played,Won,Lost,Points,Playoffs,1,2,3,4,5,6
Hong Kong Football Club L1A,10,9.000100010000999,0.9998999899989999,33.92059205920592,99.99999999999999,97.02970297029702,2.8402840284028406,0.13001300130013002,0.0,0.0,0.0
Kowloon Cricket Club L1B,10,7.017001700170017,2.982998299829983,27.264526452645264,100.00000000000001,2.9002900290029,83.21832183218322,13.051305130513052,0.83008300830083,0.0,0.0
Kowloon Cricket Club L1A,10,6.766576657665766,3.233423342334233,23.46964696469647,100.0,0.07000700070007,12.111211121112111,74.6974697469747,13.121312131213122,0.0,0.0
Jessica,10,4.721272127212721,5.278727872787279,19.882388238823882,99.72997299729973,0.0,1.8301830183018304,12.121212121212121,85.77857785778578,0.27002700270027,0.0
Hong Kong Cricket Club L1,10,2.495049504950495,7.5049504950495045,10.27052705270527,0.27002700270027,0.0,0.0,0.0,0.27002700270027,99.72997299729973,0.0
Hong Kong Football Club L1B,10,0.0,10.0,3.192319231923192,0.0,0.0,0.0,0.0,0.0,0.0,100.0
