Team,Played,Won,Lost,Points,Playoffs,1,2,3,4,5,6
Hong Kong Football Club L1A,10,9.020802080208021,0.9791979197919792,33.97989798979898,100.0,97.25972597259725,2.6202620262026204,0.12001200120012002,0.0,0.0,0.0
Kowloon Cricket Club L1B,10,7.014301430143014,2.985698569856986,27.265626562656266,100.0,2.72027202720272,83.93839383938393,12.661266126612661,0.68006800680068,0.0,0.0
Kowloon Cricket Club L1A,10,6.754875487548755,3.245124512451245,23.41974197419742,100.0,0.020002000200020003,11.85118511851185,74.58745874587459,13.541354135413542,0.0,0.0
Jessica,10,4.722072207220722,5.277927792779278,19.884088408840885,99.70997099709972,0.0,1.5901590159015901,12.63126312631263,85.4885488548855,0.29002900290029,0.0
Hong Kong Cricket Club L1,10,2.487948794879488,7.512051205120512,10.263626362636263,0.29002900290029,0.0,0.0,0.0,0.29002900290029,99.7099709970997,0.0
Hong Kong Football Club L1B,10,0.0,10.0,3.187018701870187,0.0,0.0,0.0,0.0,0.0,0.0,100.0
