Team,Played,Won,Lost,Points,Playoffs,1,2,3,4,5,6
Hong Kong Football Club L2A,20,18.663666366636665,1.3363336333633362,81.97369736973697,100.0,78.57785778577858,21.422142214221424,0.0,0.0,0.0,0.0
Kowloon Cricket Club L2,20,15.842084208420841,4.157915791579158,80.96039603960396,100.0,21.422142214221424,78.57785778577858,0.0,0.0,0.0,0.0
Hong Kong Cricket Club L2A,20,10.887488748874887,9.112511251125113,54.8974897489749,100.0,0.0,0.0,100.0,0.0,0.0,0.0
Hong Kong Football Club L2C,20,8.243624362436243,11.756375637563757,35.68976897689769,100.0,0.0,0.0,0.0,100.0,0.0,0.0
Hong Kong Football Club L2B,20,3.157915791579158,16.842084208420843,27.03960396039604,0.0,0.0,0.0,0.0,0.0,100.0,0.0
Hong Kong Cricket Club L2B,20,3.205220522052205,16.794779477947795,16.439043904390438,0.0,0.0,0.0,0.0,0.0,0.0,100.0
