Team,Played,Won,Lost,Points,Playoffs,1,2,3,4,5,6
Hong Kong Football Club L2A,20,17.4698,2.5302,77.7834,100.0,84.11999999999999,15.82,0.06,0.0,0.0,0.0
Kowloon Cricket Club L2,20,14.7232,5.2768,72.40780000000001,100.0,15.879999999999999,83.52000000000001,0.6,0.0,0.0,0.0
Hong Kong Cricket Club L2A,20,10.9168,9.0832,57.022800000000004,100.0,0.0,0.66,99.2,0.13999999999999999,0.0,0.0
Hong Kong Football Club L2C,20,8.696200000000001,11.303799999999999,39.474000000000004,97.46,0.0,0.0,0.13999999999999999,97.32,2.46,0.08
Hong Kong Football Club L2B,20,3.641,16.359,28.9394,2.46,0.0,0.0,0.0,2.46,87.88,9.66
Hong Kong Cricket Club L2B,20,4.553,15.447,21.3726,0.08,0.0,0.0,0.0,0.08,9.66,90.25999999999999
