Team,Played,Won,Lost,Points,Playoffs,1,2,3,4,5,6
Hong Kong Football Club L2A,20,17.5318,2.4682,78.116,100.0,85.02,14.979999999999999,0.0,0.0,0.0,0.0
Kowloon Cricket Club L2,20,14.7196,5.2804,72.4036,100.0,14.979999999999999,84.32,0.7000000000000001,0.0,0.0,0.0
Hong Kong Cricket Club L2A,20,10.9298,9.0702,57.211200000000005,100.0,0.0,0.7000000000000001,99.3,0.0,0.0,0.0
Hong Kong Football Club L2C,20,8.1562,11.8438,37.415,89.05999999999999,0.0,0.0,0.0,89.05999999999999,10.58,0.36
Hong Kong Football Club L2B,20,4.0614,15.938600000000001,30.334400000000002,10.72,0.0,0.0,0.0,10.72,82.64,6.64
Hong Kong Cricket Club L2B,20,4.6012,15.3988,21.5198,0.22,0.0,0.0,0.0,0.22,6.78,93.0
