Team,Played,Won,Lost,Points,Playoffs,1,2,3,4,5,6
Hong Kong Football Club L2A,20,17.23882388238824,2.761176117611761,76.02870287028702,99.99999999999999,78.42784278427843,21.54215421542154,0.030003000300030006,0.0,0.0,0.0
Kowloon Cricket Club L2,20,14.564256425642565,5.435743574357436,71.64396439643964,100.0,21.56215621562156,77.91779177917792,0.5200520052005201,0.0,0.0,0.0
Hong Kong Cricket Club L2A,20,10.098609860986098,9.901390139013902,55.317031703170315,99.9899989999,0.010001000100010001,0.54005400540054,98.94989498949896,0.49004900490049,0.010001000100010001,0.0
Hong Kong Football Club L2C,20,8.568056805680568,11.431943194319432,38.99179917991799,84.04840484048404,0.0,0.0,0.49004900490049,83.55835583558355,15.51155115511551,0.44004400440044
Hong Kong Football Club L2B,20,4.978497849784978,15.02150215021502,32.975097509750974,15.721572157215721,0.0,0.0,0.010001000100010001,15.711571157115712,78.52785278527853,5.75057505750575
Hong Kong Cricket Club L2B,20,4.551755175517552,15.448244824482448,23.043404340434044,0.24002400240024005,0.0,0.0,0.0,0.24002400240024005,5.95059505950595,93.80938093809381
