Team,Played,Won,Lost,Points,Playoffs,1,2,3,4,5,6
Hong Kong Football Club L2A,20,17.514400000000002,2.4856,77.9654,100.00000000000001,75.88000000000001,24.12,0.0,0.0,0.0,0.0
Kowloon Cricket Club L2,20,15.016200000000001,4.9838000000000005,74.3822,100.00000000000001,24.12,75.88000000000001,0.0,0.0,0.0,0.0
Hong Kong Cricket Club L2A,20,10.4536,9.5464,54.4912,100.0,0.0,0.0,99.48,0.52,0.0,0.0
Hong Kong Football Club L2C,20,8.7882,11.2118,39.7436,97.98,0.0,0.0,0.52,97.46000000000001,1.9800000000000002,0.04
Hong Kong Football Club L2B,20,3.6576,16.342399999999998,28.9882,1.9800000000000002,0.0,0.0,0.0,1.9800000000000002,88.2,9.82
Hong Kong Cricket Club L2B,20,4.57,15.43,21.4294,0.04,0.0,0.0,0.0,0.04,9.82,90.14
