Team,Played,Won,Lost,Points,Playoffs,1,2,3,4,5,6,7
Hong Kong Football Club L3B,18,11.9202,6.0798000000000005,57.3648,99.96,40.46,29.74,19.68,10.08,0.04,0.0,0.0
Hong Kong Football Club L3A,18,11.7126,6.2874,56.6822,99.91999999999999,32.98,30.259999999999998,23.599999999999998,13.08,0.08,0.0,0.0
JESSICA Smashin' Mochi,18,12.891,5.109,55.0736,99.92,20.32,26.419999999999998,31.1,22.08,0.08,0.0,0.0
Hong Kong Cricket Club Rockettes,18,10.3554,7.6446000000000005,53.0764,98.68,6.239999999999999,13.58,25.52,53.339999999999996,1.24,0.08,0.0
Hong Kong Football Club L3C,18,7.1508,10.8492,41.7422,1.1400000000000001,0.0,0.0,0.1,1.04,65.68,33.18,0.0
Physical Chess Ladies,18,7.332599999999999,10.6674,39.2888,0.38,0.0,0.0,0.0,0.38,32.879999999999995,66.74,0.0
The Squash Club Ladies,18,1.6374,16.3626,11.772,0.0,0.0,0.0,0.0,0.0,0.0,0.0,100.0
