Team,Played,Won,Lost,Points,Playoffs,1,2,3,4,5,6,7
Hong Kong Football Club L3B,18,11.5304,6.4696,57.2534,99.61999999999999,51.339999999999996,28.799999999999997,14.499999999999998,4.9799999999999995,0.33999999999999997,0.04,0.0
Hong Kong Football Club L3A,18,11.1994,6.8006,55.5182,98.44,28.7,34.52,23.02,12.2,1.48,0.08,0.0
JESSICA Smashin' Mochi,18,12.3706,5.6294,52.961600000000004,96.36,14.680000000000001,23.62,33.12,24.94,3.34,0.3,0.0
Hong Kong Cricket Club Rockettes,18,9.591000000000001,8.408999999999999,51.2528,88.98,5.18,12.68,26.200000000000003,44.92,8.72,2.3,0.0
Physical Chess Ladies,18,8.692599999999999,9.3074,43.19,9.68,0.1,0.32,1.94,7.32,47.94,42.38,0.0
Hong Kong Football Club L3C,18,7.723,10.277000000000001,42.400800000000004,6.92,0.0,0.06,1.22,5.64,38.18,54.900000000000006,0.0
The Squash Club Ladies,18,1.893,16.107,12.4232,0.0,0.0,0.0,0.0,0.0,0.0,0.0,100.0
