Team,Played,Won,Lost,Points,Playoffs,1,2,3,4,5,6,7
Hong Kong Football Club L3B,18,13.66146614661466,4.338533853385338,63.27502750275028,100.0,93.8993899389939,6.100610061006101,0.0,0.0,0.0,0.0,0.0
Hong Kong Football Club L3A,18,12.65926592659266,5.340734073407341,60.8042804280428,100.0,6.100610061006101,90.25902590259027,3.6403640364036405,0.0,0.0,0.0,0.0
JESSICA Smashin' Mochi,18,13.34073407340734,4.659265926592659,55.1957195719572,100.0,0.0,3.6403640364036405,80.23802380238024,16.121612161216124,0.0,0.0,0.0
Hong Kong Cricket Club Rockettes,18,10.86878687868787,7.131213121312131,54.023602360236026,100.0,0.0,0.0,16.121612161216124,83.87838783878388,0.0,0.0,0.0
Hong Kong Football Club L3C,18,6.0,12.0,39.0,0.0,0.0,0.0,0.0,0.0,100.0,0.0,0.0
Physical Chess Ladies,18,4.338533853385338,13.66146614661466,29.724972497249723,0.0,0.0,0.0,0.0,0.0,0.0,100.0,0.0
The Squash Club Ladies,18,2.1312131213121313,15.86878687868787,11.976397639763977,0.0,0.0,0.0,0.0,0.0,0.0,0.0,100.0
