Team,Played,Won,Lost,Points,Playoffs,1,2,3,4,5,6,7
Hong Kong Football Club L3B,18,13.23062306230623,4.769376937693769,60.959795979597956,100.00000000000001,86.65866586658666,11.411141114111413,1.9101910191019102,0.020002000200020003,0.0,0.0,0.0
Hong Kong Football Club L3A,18,12.144614461446144,5.855385538553856,57.93329332933293,100.00000000000001,10.99109910991099,73.35733573357336,12.68126812681268,2.9702970297029703,0.0,0.0,0.0
Hong Kong Cricket Club Rockettes,18,10.785578557855786,7.214421442144214,55.03820382038204,100.0,2.31023102310231,11.941194119411941,70.73707370737074,15.011501150115011,0.0,0.0,0.0
JESSICA Smashin' Mochi,18,12.167516751675167,5.832483248324833,51.345534553455344,99.92999299929994,0.040004000400040006,3.29032903290329,14.67146714671467,81.92819281928193,0.07000700070007,0.0,0.0
Hong Kong Football Club L3C,18,7.068806880688069,10.931193119311931,42.58505850585058,0.07000700070007,0.0,0.0,0.0,0.07000700070007,99.75997599759975,0.17001700170017,0.0
Physical Chess Ladies,18,5.4000400040004,12.5999599959996,33.43194319431943,0.0,0.0,0.0,0.0,0.0,0.17001700170017,99.82998299829983,0.0
The Squash Club Ladies,18,2.202820282028203,15.797179717971797,12.706170617061707,0.0,0.0,0.0,0.0,0.0,0.0,0.0,100.0
