Team,Played,Won,Lost,Points,Playoffs,1,2,3,4,5,6,7
Hong Kong Football Club L3B,18,11.561,6.439,57.366,99.9,39.7,32.74,20.18,7.28,0.1,0.0,0.0
JESSICA Smashin' Mochi,18,13.374,4.6259999999999994,56.6844,99.88,36.08,32.24,22.46,9.1,0.12,0.0,0.0
Hong Kong Football Club L3A,18,11.305,6.695,55.39,99.6,20.86,26.939999999999998,34.300000000000004,17.5,0.4,0.0,0.0
Hong Kong Cricket Club Rockettes,18,10.0444,7.9556000000000004,51.473,96.57999999999998,3.36,8.06,22.919999999999998,62.239999999999995,3.1399999999999997,0.27999999999999997,0.0
Hong Kong Football Club L3C,18,7.177,10.823,41.7804,2.68,0.0,0.0,0.1,2.58,62.44,34.88,0.0
Physical Chess Ladies,18,7.735799999999999,10.2642,39.395399999999995,1.36,0.0,0.02,0.04,1.3,33.800000000000004,64.84,0.0
The Squash Club Ladies,18,1.8028,16.1972,12.9108,0.0,0.0,0.0,0.0,0.0,0.0,0.0,100.0
