Team,Played,Won,Lost,Points,Playoffs,1,2,3,4,5,6,7
Hong Kong Football Club L3B,18,13.649864986498649,4.35013501350135,63.21772177217722,100.0,96.24962496249626,3.7503750375037503,0.0,0.0,0.0,0.0,0.0
Hong Kong Football Club L3A,18,12.574257425742575,5.425742574257426,60.04940494049405,100.0,3.7503750375037503,91.90919091909191,4.29042904290429,0.05000500050005,0.0,0.0,0.0
JESSICA Smashin' Mochi,18,12.856185618561856,5.143814381438144,54.05570557055705,100.0,0.0,4.310431043104311,69.83698369836983,25.85258525852585,0.0,0.0,0.0
Hong Kong Cricket Club Rockettes,18,10.387638763876387,7.612361236123612,52.824782478247826,100.0,0.0,0.030003000300030006,25.872587258725872,74.0974097409741,0.0,0.0,0.0
Hong Kong Football Club L3C,18,6.47054705470547,11.52945294529453,40.15051505150515,0.0,0.0,0.0,0.0,0.0,100.0,0.0,0.0
Physical Chess Ladies,18,4.854585458545855,13.145414541454146,30.973697369736975,0.0,0.0,0.0,0.0,0.0,0.0,100.0,0.0
The Squash Club Ladies,18,2.206920692069207,15.793079307930793,12.728172817281727,0.0,0.0,0.0,0.0,0.0,0.0,0.0,100.0
