Team,Played,Won,Lost,Points,Playoffs,1,2,3,4,5,6,7
Hong Kong Football Club L3B,18,11.904,6.096,57.3868,99.96,40.28,29.599999999999998,20.080000000000002,10.0,0.04,0.0,0.0
Hong Kong Football Club L3A,18,11.703800000000001,6.2962,56.699200000000005,99.84,33.52,29.720000000000002,24.04,12.559999999999999,0.16,0.0,0.0
JESSICA Smashin' Mochi,18,12.8764,5.1236,55.05,99.78,19.54,27.779999999999998,30.28,22.18,0.22,0.0,0.0
Hong Kong Cricket Club Rockettes,18,10.362400000000001,7.6376,53.0856,98.76,6.660000000000001,12.9,25.580000000000002,53.620000000000005,1.16,0.08,0.0
Hong Kong Football Club L3C,18,7.1684,10.8316,41.7502,1.2,0.0,0.0,0.02,1.18,66.08000000000001,32.72,0.0
Physical Chess Ladies,18,7.3362,10.6638,39.2762,0.45999999999999996,0.0,0.0,0.0,0.45999999999999996,32.34,67.2,0.0
The Squash Club Ladies,18,1.6488,16.3512,11.751999999999999,0.0,0.0,0.0,0.0,0.0,0.0,0.0,100.0
