Team,Played,Won,Lost,Points,Playoffs,1,2,3,4,5
Hong Kong Football Club M1B,16,13.5594,2.4406,58.3692,99.99999999999999,82.58,17.119999999999997,0.3,0.0,0.0
Hong Kong Football Club M1A,16,11.415600000000001,4.5844000000000005,54.3344,100.0,17.2,79.67999999999999,3.1199999999999997,0.0,0.0
Ladies Recreation Club M1,16,8.857800000000001,7.1422,45.162400000000005,100.0,0.22,3.2,96.56,0.02,0.0
Hong Kong Cricket Club M1A,16,4.3870000000000005,11.613,26.9286,98.94,0.0,0.0,0.02,98.92,1.06
Hong Kong Cricket Club M1B,16,1.7802,14.2198,15.2054,1.06,0.0,0.0,0.0,1.06,98.94
