Team,Played,Won,Lost,Points,Playoffs,1,2,3,4,5
Hong Kong Football Club M1B,16,13.5034,2.4966,58.040400000000005,100.0,82.5,16.78,0.72,0.0,0.0
Hong Kong Football Club M1A,16,11.4082,4.5918,54.0886,100.0,17.28,78.42,4.3,0.0,0.0
Ladies Recreation Club M1,16,9.2918,6.7082,46.1044,100.0,0.22,4.8,94.98,0.0,0.0
Hong Kong Cricket Club M1A,16,4.0806000000000004,11.9194,25.5108,98.2,0.0,0.0,0.0,98.2,1.7999999999999998
Hong Kong Cricket Club M1B,16,1.716,14.283999999999999,16.2558,1.7999999999999998,0.0,0.0,0.0,1.7999999999999998,98.2
