Team,Played,Won,Lost,Points,Playoffs,1,2,3,4,5
Hong Kong Football Club M1B,16,14.768076807680767,1.231923192319232,60.124512451245124,100.0,100.0,0.0,0.0,0.0,0.0
Hong Kong Football Club M1A,16,11.82078207820782,4.179217921792179,54.707170717071705,100.0,0.0,100.0,0.0,0.0,0.0
Ladies Recreation Club M1,16,8.231923192319233,7.768076807680768,40.875487548754876,100.0,0.0,0.0,100.0,0.0,0.0
Hong Kong Cricket Club M1B,16,3.179217921792179,12.82078207820782,22.29282928292829,74.08740874087408,0.0,0.0,0.0,74.08740874087408,25.91259125912591
Hong Kong Cricket Club M1A,16,2.0,14.0,22.0,25.91259125912591,0.0,0.0,0.0,25.91259125912591,74.08740874087408
