Team,Played,Won,Lost,Points,Playoffs,1,2,3,4,5
Hong Kong Football Club M1B,16,13.568200000000001,2.4318,57.973,99.99999999999999,74.83999999999999,25.14,0.02,0.0,0.0
Hong Kong Football Club M1A,16,11.617,4.383,55.3888,100.00000000000001,25.16,74.66000000000001,0.18,0.0,0.0
Ladies Recreation Club M1,16,8.1956,7.804399999999999,42.5942,100.0,0.0,0.2,99.8,0.0,0.0
Hong Kong Cricket Club M1A,16,3.6208,12.3792,23.4742,76.18,0.0,0.0,0.0,76.18,23.82
Hong Kong Cricket Club M1B,16,2.9984,13.0016,20.5698,23.82,0.0,0.0,0.0,23.82,76.18
