Team,Played,Won,Lost,Points,Playoffs,1,2,3,4,5
Hong Kong Football Club M1B,16,13.564,2.436,57.951,100.0,72.3,27.62,0.08,0.0,0.0
Hong Kong Football Club M1A,16,11.76,4.24,55.6952,100.00000000000001,27.700000000000003,72.24000000000001,0.06,0.0,0.0
Ladies Recreation Club M1,16,8.2482,7.751799999999999,42.72,100.0,0.0,0.13999999999999999,99.86,0.0,0.0
Hong Kong Cricket Club M1A,16,3.6068,12.3932,23.4306,79.74,0.0,0.0,0.0,79.74,20.26
Hong Kong Cricket Club M1B,16,2.8209999999999997,13.179,20.2032,20.26,0.0,0.0,0.0,20.26,79.74
