Team,Played,Won,Lost,Points,Playoffs,1,2,3,4,5
Hong Kong Football Club M1B,16,13.5898,2.4101999999999997,58.0392,100.0,75.76,24.22,0.02,0.0,0.0
Hong Kong Football Club M1A,16,11.592600000000001,4.4074,55.324,100.0,24.240000000000002,75.53999999999999,0.22,0.0,0.0
Ladies Recreation Club M1,16,8.2078,7.792199999999999,42.6552,100.0,0.0,0.24,99.76,0.0,0.0
Hong Kong Cricket Club M1A,16,3.628,12.372,23.478,76.78,0.0,0.0,0.0,76.78,23.22
Hong Kong Cricket Club M1B,16,2.9818,13.0182,20.5036,23.22,0.0,0.0,0.0,23.22,76.78
