Team,Played,Won,Lost,Points,Playoffs,1,2,3,4,5
Hong Kong Football Club M1B,16,13.5196,2.4804,58.297,100.0,81.94,17.66,0.4,0.0,0.0
Hong Kong Football Club M1A,16,11.4378,4.5622,54.370599999999996,100.00000000000001,17.98,79.12,2.9000000000000004,0.0,0.0
Ladies Recreation Club M1,16,8.8756,7.1244,45.209,99.99999999999999,0.08,3.2199999999999998,96.67999999999999,0.02,0.0
Hong Kong Cricket Club M1A,16,4.3842,11.6158,26.92,98.48,0.0,0.0,0.02,98.46000000000001,1.52
Hong Kong Cricket Club M1B,16,1.7828,14.2172,15.2034,1.52,0.0,0.0,0.0,1.52,98.48
