Team,Played,Won,Lost,Points,Playoffs,1,2,3,4,5
Hong Kong Football Club M1B,16,14.752975297529753,1.247024702470247,60.05030503050305,100.0,99.86998699869987,0.13001300130013002,0.0,0.0,0.0
Hong Kong Football Club M1A,16,11.54955495549555,4.45044504450445,55.24372437243724,100.0,0.13001300130013002,99.86998699869987,0.0,0.0,0.0
Ladies Recreation Club M1,16,7.832983298329833,8.167016701670168,41.01580158015801,100.0,0.0,0.0,100.0,0.0,0.0
Hong Kong Cricket Club M1B,16,3.563756375637564,12.436243624362437,22.13991399139914,68.34683468346834,0.0,0.0,0.0,68.34683468346834,31.653165316531652
Hong Kong Cricket Club M1A,16,2.300730073007301,13.699269926992699,21.55025502550255,31.653165316531652,0.0,0.0,0.0,31.653165316531652,68.34683468346834
