Team,Played,Won,Lost,Points,Playoffs,1,2,3,4,5
Hong Kong Football Club M1B,16,13.7604,2.2396000000000003,57.535,100.0,71.17999999999999,28.82,0.0,0.0,0.0
Hong Kong Football Club M1A,16,11.7392,4.2608,55.637,100.0,28.82,71.08,0.1,0.0,0.0
Ladies Recreation Club M1,16,7.8706,8.1294,42.5734,100.0,0.0,0.1,99.9,0.0,0.0
Hong Kong Cricket Club M1A,16,3.008,12.992,23.0366,67.5,0.0,0.0,0.0,67.5,32.5
Hong Kong Cricket Club M1B,16,3.6218,12.3782,21.218,32.5,0.0,0.0,0.0,32.5,67.5
