Team,Played,Won,Lost,Points,Playoffs,1,2,3,4,5,6,7,8,9
Hong Kong Football Club M2C,16,14.3104,1.6896,71.3138,100.00000000000001,97.24000000000001,2.76,0.0,0.0,0.0,0.0,0.0,0.0,0.0
Hong Kong Football Club M2A,16,13.0038,2.9962,64.8298,100.00000000000001,2.7199999999999998,94.02000000000001,2.98,0.27999999999999997,0.0,0.0,0.0,0.0,0.0
Hong Kong Cricket Club M2,16,9.7562,6.2438,57.955,99.72,0.04,1.92,59.64,38.12,0.26,0.02,0.0,0.0,0.0
United Services Recreation Club M2,16,8.7918,7.2082,57.2716,97.64,0.0,1.3,37.3,59.040000000000006,2.3,0.06,0.0,0.0,0.0
Old Squash Fellows,16,7.1784,8.8216,47.762,2.54,0.0,0.0,0.08,2.46,74.86,18.34,4.04,0.22,0.0
Royal Hong Kong Yacht Club M2,16,7.5956,8.404399999999999,43.587,0.1,0.0,0.0,0.0,0.1,17.94,58.720000000000006,17.86,5.38,0.0
Ladies Recreation Club M2,16,5.9004,10.0996,40.8066,0.0,0.0,0.0,0.0,0.0,4.36,18.08,55.800000000000004,21.759999999999998,0.0
Hong Kong Football Club M2B,16,5.1422,10.8578,37.6686,0.0,0.0,0.0,0.0,0.0,0.27999999999999997,4.78,22.3,72.64,0.0
Titlows Squash Team,16,0.3212,15.678799999999999,10.8056,0.0,0.0,0.0,0.0,0.0,0.0,0.0,0.0,0.0,100.0
