Team,Played,Won,Lost,Points,Playoffs,1,2,3,4,5,6,7,8,9
Hong Kong Football Club M2C,16,12.72927292729273,3.270727072707271,64.81488148814881,99.9099909990999,56.365636563656366,28.79287928792879,11.19111911191119,3.56035603560356,0.09000900090009001,0.0,0.0,0.0,0.0
Hong Kong Football Club M2A,16,12.491649164916492,3.508350835083508,62.95909590959096,99.6899689968997,32.57325732573258,40.16401640164016,19.471947194719473,7.48074807480748,0.29002900290029,0.020002000200020003,0.0,0.0,0.0
Hong Kong Cricket Club M2,16,10.386438643864388,5.613561356135614,58.66416641664166,97.41974197419742,6.100610061006101,17.08170817081708,38.503850385038504,35.733573357335736,2.3002300230023005,0.26002600260026004,0.020002000200020003,0.0,0.0
United Services Recreation Club M2,16,8.978397839783979,7.0216021602160215,58.05590559055906,93.95939593959396,4.960496049604961,13.901390139013902,30.023002300230022,45.074507450745074,5.120512051205121,0.7400740074007401,0.17001700170017,0.010001000100010001,0.0
Old Squash Fellows,16,6.46994699469947,9.53005300530053,47.132713271327134,4.93049304930493,0.0,0.05000500050005,0.37003700370037007,4.51045104510451,43.47434743474348,29.042904290429046,15.771577157715772,6.780678067806781,0.0
Royal Hong Kong Yacht Club M2,16,7.9915991599159915,8.008400840084008,45.15051505150515,3.1603160316031604,0.0,0.010001000100010001,0.38003800380038005,2.7702770277027704,30.453045304530452,32.903290329032906,21.462146214621463,12.02120212021202,0.0
Hong Kong Football Club M2B,16,6.243024302430243,9.756975697569757,42.1964196419642,0.59005900590059,0.0,0.0,0.010001000100010001,0.58005800580058,9.830983098309831,20.442044204420444,32.743274327432744,36.393639363936394,0.0
Ladies Recreation Club M2,16,6.32963296329633,9.67036703670367,41.56635663566357,0.34003400340034,0.0,0.0,0.05000500050005,0.29002900290029,8.440844084408441,16.591659165916592,29.832983298329836,44.794479447944795,0.0
Titlows Squash Team,16,0.38003800380038005,15.61996199619962,11.45994599459946,0.0,0.0,0.0,0.0,0.0,0.0,0.0,0.0,0.0,100.0
