Team,Played,Won,Lost,Points,Playoffs,1,2,3,4,5,6,7,8,9
Hong Kong Football Club M2C,16,13.511,2.489,69.0956,100.00000000000001,90.72,8.12,0.98,0.18,0.0,0.0,0.0,0.0,0.0
Hong Kong Football Club M2A,16,12.105599999999999,3.8944,62.1588,99.6,6.36,57.36,23.0,12.879999999999999,0.4,0.0,0.0,0.0,0.0
United Services Recreation Club M2,16,9.807,6.193,59.5116,97.52000000000001,2.0,19.900000000000002,38.84,36.78,2.2399999999999998,0.24,0.0,0.0,0.0
Hong Kong Cricket Club M2,16,9.9252,6.0748,58.632999999999996,97.8,0.9199999999999999,14.62,36.66,45.6,2.1,0.1,0.0,0.0,0.0
Old Squash Fellows,16,7.0088,8.9912,48.292,2.8,0.0,0.0,0.26,2.54,55.86,34.38,6.34,0.62,0.0
Royal Hong Kong Yacht Club M2,16,8.574,7.426,46.3926,2.2800000000000002,0.0,0.0,0.26,2.02,37.46,49.120000000000005,9.520000000000001,1.6199999999999999,0.0
Ladies Recreation Club M2,16,5.4559999999999995,10.544,40.0464,0.0,0.0,0.0,0.0,0.0,1.44,10.18,51.22,37.16,0.0
Hong Kong Football Club M2B,16,5.3434,10.656600000000001,38.6006,0.0,0.0,0.0,0.0,0.0,0.5,5.9799999999999995,32.92,60.6,0.0
Titlows Squash Team,16,0.269,15.731,9.269400000000001,0.0,0.0,0.0,0.0,0.0,0.0,0.0,0.0,0.0,100.0
