Team,Played,Won,Lost,Points,Playoffs,1,2,3,4,5,6,7,8,9
Hong Kong Football Club M2C,16,14.6322,1.3678,73.4888,100.0,99.98,0.02,0.0,0.0,0.0,0.0,0.0,0.0,0.0
Hong Kong Football Club M2A,16,13.3774,2.6226000000000003,66.371,100.0,0.02,99.14,0.84,0.0,0.0,0.0,0.0,0.0,0.0
United Services Recreation Club M2,16,9.2818,6.7181999999999995,60.0318,100.0,0.0,0.84,85.14,14.02,0.0,0.0,0.0,0.0,0.0
Hong Kong Cricket Club M2,16,9.0858,6.9142,56.321,100.0,0.0,0.0,14.02,85.98,0.0,0.0,0.0,0.0,0.0
Old Squash Fellows,16,6.2158,9.7842,44.8776,0.0,0.0,0.0,0.0,0.0,80.28,15.379999999999999,3.84,0.5,0.0
Hong Kong Football Club M2B,16,6.376,9.624,41.542,0.0,0.0,0.0,0.0,0.0,10.7,46.26,32.62,10.42,0.0
Ladies Recreation Club M2,16,6.2364,9.7636,41.1834,0.0,0.0,0.0,0.0,0.0,7.86,27.08,45.72,19.34,0.0
Royal Hong Kong Yacht Club M2,16,6.6468,9.3532,38.7112,0.0,0.0,0.0,0.0,0.0,1.16,11.28,17.82,69.74000000000001,0.0
Titlows Squash Team,16,0.1478,15.8522,8.4732,0.0,0.0,0.0,0.0,0.0,0.0,0.0,0.0,0.0,100.0
