Team,Played,Won,Lost,Points,Playoffs,1,2,3,4,5,6,7,8,9
Phoenix,16,14.6236,1.3764,79.3324,100.0,99.94,0.06,0.0,0.0,0.0,0.0,0.0,0.0,0.0
Kowloon Cricket Club M3,16,11.5484,4.4516,64.0376,100.0,0.06,85.06,11.379999999999999,3.5000000000000004,0.0,0.0,0.0,0.0,0.0
Hong Kong Football Club M3A,16,10.520199999999999,5.4798,57.991,98.53999999999999,0.0,5.48,44.3,48.76,1.46,0.0,0.0,0.0,0.0
Hong Kong Cricket Club M3,16,11.4402,4.5598,57.7824,99.6,0.0,9.4,44.24,45.96,0.4,0.0,0.0,0.0,0.0
Royal Hong Kong Yacht Club M3,16,6.89,9.11,49.480000000000004,1.86,0.0,0.0,0.08,1.78,95.02000000000001,3.1199999999999997,0.0,0.0,0.0
United Services Recreation Club M3,16,6.8878,9.1122,40.6054,0.0,0.0,0.0,0.0,0.0,3.1199999999999997,86.56,9.94,0.38,0.0
Hong Kong Club Blue,16,5.6132,10.386800000000001,34.5386,0.0,0.0,0.0,0.0,0.0,0.0,10.08,81.86,8.06,0.0
Hong Kong Football Club M3B,16,3.865,12.135,29.6178,0.0,0.0,0.0,0.0,0.0,0.0,0.24,8.200000000000001,91.56,0.0
Bolton,16,0.6116,15.3884,18.6148,0.0,0.0,0.0,0.0,0.0,0.0,0.0,0.0,0.0,100.0
