Team,Played,Won,Lost,Points,Playoffs,1,2,3,4,5,6,7,8,9
Phoenix,16,14.118311831183117,1.8816881688168816,76.26742674267427,100.0,97.98979897989798,1.94019401940194,0.07000700070007,0.0,0.0,0.0,0.0,0.0,0.0
Kowloon Cricket Club M3,16,11.527352735273528,4.472647264726472,63.76267626762676,99.23992399239926,1.9101910191019102,72.78727872787279,20.912091209120913,3.6303630363036308,0.7600760076007601,0.0,0.0,0.0,0.0
Hong Kong Football Club M3A,16,11.264926492649264,4.7350735073507355,58.868686868686865,94.989498949895,0.09000900090009001,22.03220322032203,56.23562356235624,16.63166316631663,5.000500050005,0.010001000100010001,0.0,0.0,0.0
Hong Kong Cricket Club M3,16,9.834583458345834,6.1654165416541655,53.43734373437344,65.50655065506551,0.010001000100010001,2.41024102410241,15.071507150715071,48.014801480148016,34.183418341834184,0.3000300030003,0.010001000100010001,0.0,0.0
Royal Hong Kong Yacht Club M3,16,7.995799579957996,8.004200420042004,51.894489448944896,40.2040204020402,0.0,0.83008300830083,7.700770077007702,31.67316731673167,58.40584058405841,1.3301330133013303,0.06000600060006001,0.0,0.0
United Services Recreation Club M3,16,5.925992599259926,10.074007400740074,37.86388638863886,0.05000500050005001,0.0,0.0,0.010001000100010001,0.040004000400040006,1.27012701270127,55.02550255025503,33.613361336133615,9.920992099209922,0.12001200120012002
Hong Kong Club Blue,16,5.492949294929494,10.507050705070508,36.09120912091209,0.010001000100010001,0.0,0.0,0.0,0.010001000100010001,0.34003400340034,35.673567356735674,45.58455845584559,18.061806180618063,0.33003300330033003
Hong Kong Football Club M3B,16,4.3816381638163815,11.618361836183619,31.67926792679268,0.0,0.0,0.0,0.0,0.0,0.040004000400040006,7.630763076307631,20.582058205820584,67.77677767776777,3.9703970397039705
Bolton,16,1.4584458445844584,14.541554155415541,22.135013501350137,0.0,0.0,0.0,0.0,0.0,0.0,0.030003000300030006,0.15001500150015,4.24042404240424,95.57955795579558
