Team,Played,Won,Lost,Points,Playoffs,1,2,3,4,5,6,7,8,9
Phoenix,16,14.213721372137215,1.7862786278627862,76.69656965696569,100.0,97.87978797879788,2.0802080208020803,0.040004000400040006,0.0,0.0,0.0,0.0,0.0,0.0
Kowloon Cricket Club M3,16,11.677567756775677,4.3224322432243225,64.41564156415642,99.73997399739974,1.94019401940194,74.73747374737474,20.242024202420243,2.8202820282028203,0.25002500250025006,0.010001000100010001,0.0,0.0,0.0
Hong Kong Football Club M3A,16,11.393639363936394,4.606360636063606,59.387238723872386,97.93979397939795,0.18001800180018002,20.9020902090209,61.46614661466147,15.391539153915392,2.04020402040204,0.020002000200020003,0.0,0.0,0.0
Hong Kong Cricket Club M3,16,9.90819081908191,6.091809180918092,53.74787478747875,77.11771177117711,0.0,1.9701970197019703,14.951495149514951,60.196019601960195,22.51225122512251,0.35003500350035005,0.020002000200020003,0.0,0.0
Royal Hong Kong Yacht Club M3,16,7.495549554955495,8.504450445044505,49.83588358835884,24.912491249124912,0.0,0.31003100310031007,3.29032903290329,21.31213121312131,70.01700170017001,4.390439043904391,0.6300630063006301,0.05000500050005,0.0
United Services Recreation Club M3,16,5.960696069606961,10.03930393039304,37.935193519351934,0.08000800080008001,0.0,0.0,0.0,0.08000800080008001,2.2602260226022604,47.30473047304731,40.26402640264026,10.04100410041004,0.05000500050005
Hong Kong Club Blue,16,5.936693669366937,10.063306330633063,37.93399339933993,0.21002100210021002,0.0,0.0,0.010001000100010001,0.2000200020002,2.8602860286028604,43.164316431643165,43.014301430143014,10.711071107110712,0.040004000400040006
Hong Kong Football Club M3B,16,4.328732873287329,11.67126712671267,31.451045104510452,0.0,0.0,0.0,0.0,0.0,0.06000600060006001,4.760476047604761,16.03160316031603,77.46774677467747,1.6801680168016802
Bolton,16,1.0852085208520852,14.914791479147915,20.596559655965596,0.0,0.0,0.0,0.0,0.0,0.0,0.0,0.040004000400040006,1.7301730173017302,98.22982298229823
