Team,Played,Won,Lost,Points,Playoffs,1,2,3,4,5,6,7,8,9
Phoenix,16,14.6354,1.3646,79.3862,100.0,100.0,0.0,0.0,0.0,0.0,0.0,0.0,0.0,0.0
Kowloon Cricket Club M3,16,11.5576,4.4424,64.0512,100.0,0.0,85.3,11.5,3.2,0.0,0.0,0.0,0.0,0.0
Hong Kong Football Club M3A,16,10.5094,5.4906,57.9324,97.82000000000001,0.0,5.42,44.28,48.120000000000005,2.18,0.0,0.0,0.0,0.0
Hong Kong Cricket Club M3,16,11.418,4.582,57.698,99.42,0.0,9.28,44.14,46.0,0.58,0.0,0.0,0.0,0.0
Royal Hong Kong Yacht Club M3,16,6.8956,9.1044,49.525800000000004,2.7600000000000002,0.0,0.0,0.08,2.68,94.14,3.1,0.0,0.0,0.0
United Services Recreation Club M3,16,6.9132,9.0868,40.6488,0.0,0.0,0.0,0.0,0.0,3.08,85.76,10.780000000000001,0.38,0.0
Hong Kong Club Blue,16,5.6018,10.3982,34.522,0.0,0.0,0.0,0.0,0.0,0.02,10.96,81.08,7.920000000000001,0.02
Hong Kong Football Club M3B,16,3.8487999999999998,12.1512,29.5908,0.0,0.0,0.0,0.0,0.0,0.0,0.18,8.14,91.64,0.04
Bolton,16,0.6202,15.3798,18.6448,0.0,0.0,0.0,0.0,0.0,0.0,0.0,0.0,0.06,99.94
