Team,Played,Won,Lost,Points,Playoffs,1,2,3,4,5,6,7,8,9
Phoenix,16,14.602,1.398,80.2444,100.0,99.9,0.1,0.0,0.0,0.0,0.0,0.0,0.0,0.0
Kowloon Cricket Club M3,16,11.2288,4.7712,63.712599999999995,99.81999999999998,0.1,84.16,11.459999999999999,4.1000000000000005,0.18,0.0,0.0,0.0,0.0
Hong Kong Football Club M3A,16,10.4906,5.5094,57.837199999999996,96.06,0.0,8.200000000000001,52.480000000000004,35.38,3.94,0.0,0.0,0.0,0.0
Hong Kong Cricket Club M3,16,11.1234,4.8766,56.4686,95.86000000000001,0.0,7.5,34.660000000000004,53.7,4.14,0.0,0.0,0.0,0.0
Royal Hong Kong Yacht Club M3,16,7.2934,8.7066,50.13,8.26,0.0,0.04,1.4000000000000001,6.819999999999999,91.03999999999999,0.6799999999999999,0.02,0.0,0.0
United Services Recreation Club M3,16,6.3652,9.6348,37.434,0.0,0.0,0.0,0.0,0.0,0.66,58.86,35.96,4.5,0.02
Hong Kong Club Blue,16,5.9084,10.0916,35.7998,0.0,0.0,0.0,0.0,0.0,0.04,39.72,54.92,5.28,0.04
Hong Kong Football Club M3B,16,4.045,11.955,29.3422,0.0,0.0,0.0,0.0,0.0,0.0,0.74,9.06,89.22,0.98
Bolton,16,0.9432,15.056799999999999,21.0312,0.0,0.0,0.0,0.0,0.0,0.0,0.0,0.04,1.0,98.96000000000001
