Team,Rubber 1 Win %,Rubber 2 Win %,Rubber 3 Win %,Rubber 4 Win %,avg_win_perc
Kowloon Cricket Club L2,-4.166666666666657,-12.5,44.44444444444444,10.714285714285708,9.623015873015873
JESSICA L2,12.5,4.166666666666657,15.277777777777786,4.166666666666671,9.027777777777786
Hong Kong Football Club L2C,16.666666666666664,0.0,0.0,10.0,6.666666666666664
Hong Kong Football Club L2B,16.66666666666667,0.0,0.0,-16.666666666666657,0.0
Hong Kong Football Club L2A,0.0,-25.0,25.0,-10.0,-2.5
Hong Kong Cricket Club L2,2.5,-15.0,2.5,-3.3333333333333357,-3.3333333333333357
