Team,Rubber 1 Win %,Rubber 2 Win %,Rubber 3 Win %,avg_win_perc
Ladies Recreation Club M1,-25.0,4.166666666666664,41.66666666666666,6.944444444444439
Hong Kong Football Club M1B,8.333333333333343,-16.666666666666657,8.333333333333343,1.4210854715202004e-14
Hong Kong Football Club M1A,0.0,-25.0,20.0,-1.6666666666666714
Hong Kong Cricket Club M1B,-8.333333333333343,-41.66666666666667,8.333333333333329,-13.8888888888889
Hong Kong Cricket Club M1A,-33.33333333333333,-16.666666666666664,0.0,-16.66666666666666
