Team,Rubber 1 Win %,Rubber 2 Win %,Rubber 3 Win %,Rubber 4 Win %,Rubber 5 Win %,avg_win_perc,Total Rubbers
The Hong Kong Jockey Club Div 10,100.0,100.0,100.0,100.0,100.0,100.0,10
United Services Recreation Club 3,0.0,100.0,100.0,100.0,100.0,80.0,10
Craigengower Cricket Club,50.0,50.0,100.0,0.0,0.0,40.0,10
Sha Tin 4,0.0,100.0,0.0,100.0,0.0,40.0,5
Banbil,33.33333333333333,33.33333333333333,0.0,66.66666666666666,33.33333333333333,33.33333333333333,15
RELAY 1,50.0,50.0,50.0,0.0,0.0,30.0,10
Bravo D10,0.0,0.0,0.0,0.0,100.0,20.0,5
