Team,Rubber 1 Win %,Rubber 2 Win %,Rubber 3 Win %,Rubber 4 Win %,Rubber 5 Win %,avg_win_perc,Total Rubbers
8 Virtues + 1,25.0,66.66666666666666,33.33333333333333,66.66666666666666,100.0,58.33333333333333,15
Electrify Squash Div 14,75.0,25.0,100.0,33.33333333333333,50.0,56.666666666666664,17
Ladies Recreation Club Div 14,100.0,66.66666666666666,66.66666666666666,0.0,50.0,56.666666666666664,14
Kowloon Cricket Club 14,25.0,50.0,75.0,66.66666666666666,33.33333333333333,50.0,18
Hong Kong Football Club 14B,100.0,25.0,66.66666666666666,50.0,0.0,48.33333333333333,14
Hong Kong Football Club 14A,50.0,50.0,33.33333333333333,100.0,0.0,46.666666666666664,14
X-Alpha 6,0.0,75.0,0.0,33.33333333333333,100.0,41.666666666666664,16
North District Sports Association 3,25.0,50.0,25.0,50.0,50.0,40.0,20
