Team,Rubber 1 Win %,Rubber 2 Win %,Rubber 3 Win %,Rubber 4 Win %,Rubber 5 Win %,avg_win_perc,Total Rubbers
The Hong Kong Jockey Club Div 10,77.77777777777779,66.66666666666666,77.77777777777779,88.88888888888889,75.0,77.22222222222221,44
United Services Recreation Club 3,37.5,62.5,75.0,75.0,50.0,60.0,40
RELAY 1,66.66666666666666,66.66666666666666,66.66666666666666,33.33333333333333,16.666666666666664,49.99999999999999,30
Banbil,57.14285714285714,42.857142857142854,33.33333333333333,33.33333333333333,16.666666666666664,36.66666666666666,32
Bravo D10,60.0,40.0,20.0,20.0,40.0,36.0,25
Sha Tin 4,0.0,50.0,25.0,66.66666666666666,33.33333333333333,35.0,18
Craigengower Cricket Club,22.22222222222222,11.11111111111111,33.33333333333333,11.11111111111111,0.0,15.555555555555554,45
