Team,Rubber 1 Win %,Rubber 2 Win %,Rubber 3 Win %,Rubber 4 Win %,Rubber 5 Win %,avg_win_perc,Total Rubbers
X-Alpha 1,100.0,85.71428571428571,57.14285714285714,80.0,80.0,80.57142857142858,31
Kowloon Cricket Club 4,55.55555555555556,66.66666666666666,88.88888888888889,77.77777777777779,88.88888888888889,75.55555555555554,45
Hong Kong Football Club 4B,55.55555555555556,77.77777777777779,55.55555555555556,88.88888888888889,57.14285714285714,66.98412698412699,43
Hong Kong Football Club 4A,14.285714285714285,71.42857142857143,71.42857142857143,57.14285714285714,71.42857142857143,57.142857142857146,35
United Services Recreation Club 1,80.0,50.0,40.0,40.0,20.0,46.0,50
NEXUS 2,71.42857142857143,42.857142857142854,28.57142857142857,28.57142857142857,0.0,34.28571428571428,32
Hong Kong Cricket Club 3,27.27272727272727,36.36363636363637,36.36363636363637,20.0,33.33333333333333,30.666666666666664,52
Sha Tin 2,0.0,0.0,0.0,14.285714285714285,50.0,12.857142857142856,37
