Team,Rubber 1 Win %,Rubber 2 Win %,Rubber 3 Win %,Rubber 4 Win %,Rubber 5 Win %,avg_win_perc,Total Rubbers
X-Alpha 1,95.23809523809523,90.47619047619048,61.904761904761905,84.21052631578947,72.22222222222221,80.81035923141187,100
Kowloon Cricket Club 4,57.14285714285714,57.14285714285714,71.42857142857143,71.42857142857143,80.95238095238095,67.61904761904762,105
Hong Kong Football Club 4B,47.61904761904761,52.38095238095239,66.66666666666666,75.0,70.58823529411765,62.450980392156865,100
Hong Kong Football Club 4A,33.33333333333333,80.95238095238095,61.904761904761905,66.66666666666666,58.82352941176471,60.336134453781504,101
United Services Recreation Club 1,71.42857142857143,47.61904761904761,61.904761904761905,36.84210526315789,17.647058823529413,47.08830900781365,99
NEXUS 2,61.904761904761905,38.095238095238095,28.57142857142857,19.047619047619047,14.285714285714285,32.38095238095237,98
Hong Kong Cricket Club 3,23.809523809523807,23.809523809523807,38.095238095238095,23.809523809523807,29.411764705882355,27.787114845938373,101
Sha Tin 2,9.523809523809524,9.523809523809524,9.523809523809524,25.0,40.0,18.714285714285715,98
