Team,Rubber 1 Win %,Rubber 2 Win %,Rubber 3 Win %,Rubber 4 Win %,Rubber 5 Win %,avg_win_perc,Total Rubbers
Hong Kong Cricket Club D15,57.14285714285714,71.42857142857143,85.71428571428571,85.71428571428571,85.71428571428571,77.14285714285714,35
Squashathon X,66.66666666666666,50.0,80.0,66.66666666666666,66.66666666666666,66.0,23
Squash Busters,42.857142857142854,85.71428571428571,57.14285714285714,60.0,60.0,61.14285714285713,31
United Services Recreation Club 4,100.0,57.14285714285714,50.0,60.0,20.0,57.42857142857142,30
Royal Hong Kong Yacht Club Div 15,57.14285714285714,71.42857142857143,50.0,40.0,40.0,51.71428571428571,30
Sha Tin 6,66.66666666666666,50.0,20.0,66.66666666666666,33.33333333333333,47.33333333333333,29
North District Sports Association 3,14.285714285714285,0.0,42.857142857142854,28.57142857142857,85.71428571428571,34.285714285714285,34
HKIS Div 15,0.0,0.0,14.285714285714285,0.0,0.0,2.8571428571428568,32
