Team,Rubber 1 Win %,Rubber 2 Win %,Rubber 3 Win %,Rubber 4 Win %,Rubber 5 Win %,avg_win_perc,Total Rubbers
X-Alpha 1,83.33333333333334,66.66666666666666,100.0,100.0,100.0,90.0,27
Kowloon Cricket Club 3B,28.57142857142857,57.14285714285714,66.66666666666666,66.66666666666666,60.0,55.80952380952381,31
Happy Squash 1,71.42857142857143,100.0,28.57142857142857,14.285714285714285,50.0,52.857142857142854,32
Kowloon Cricket Club 3A,83.33333333333334,16.666666666666664,33.33333333333333,50.0,50.0,46.666666666666664,30
Hong Kong Football Club 3A,28.57142857142857,14.285714285714285,71.42857142857143,57.14285714285714,57.14285714285714,45.71428571428571,35
Hong Kong Football Club 3B,71.42857142857143,28.57142857142857,40.0,40.0,33.33333333333333,42.666666666666664,27
NEXUS 1,28.57142857142857,85.71428571428571,42.857142857142854,28.57142857142857,14.285714285714285,40.0,35
United Services Recreation Club 1,14.285714285714285,28.57142857142857,16.666666666666664,50.0,60.0,33.904761904761905,31
