Team,Rubber 1 Win %,Rubber 2 Win %,Rubber 3 Win %,Rubber 4 Win %,Rubber 5 Win %,avg_win_perc,Total Rubbers
ERROR,100.0,66.66666666666666,83.33333333333334,83.33333333333334,83.33333333333334,83.33333333333334,30
Kowloon Cricket Club 5,80.0,100.0,60.0,100.0,50.0,78.0,20
Squashathon,33.33333333333333,50.0,50.0,66.66666666666666,80.0,56.0,29
Physical Chess 1,80.0,60.0,80.0,25.0,25.0,54.0,23
Hong Kong Football Club 5,20.0,60.0,80.0,75.0,0.0,47.0,21
United Services Recreation Club 2,66.66666666666666,40.0,40.0,0.0,40.0,37.33333333333333,26
Sha Tin 2,0.0,40.0,40.0,60.0,40.0,36.0,25
Happy Squash 2,66.66666666666666,33.33333333333333,0.0,20.0,50.0,34.0,27
NEXUS 2,0.0,0.0,20.0,0.0,0.0,4.0,19
