Team,Rubber 1 Win %,Rubber 2 Win %,Rubber 3 Win %,Rubber 4 Win %,avg_win_perc,Total Rubbers
Kowloon Cricket Club L2B,50.0,66.66666666666666,83.33333333333334,100.0,75.0,23
Hong Kong Football Club L2B,60.0,100.0,50.0,50.0,65.0,17
Kowloon Cricket Club L2A,33.33333333333333,66.66666666666666,33.33333333333333,50.0,45.83333333333333,14
Hong Kong Football Club L2A,66.66666666666666,20.0,40.0,20.0,36.666666666666664,21
Hong Kong Cricket Club L2,40.0,0.0,25.0,25.0,22.5,17
