Team,Rubber 1 Win %,Rubber 2 Win %,Rubber 3 Win %,Rubber 4 Win %,avg_win_perc,Total Rubbers
JESSICA L3,50.0,100.0,50.0,100.0,75.0,16
Hong Kong Football Club L3B,66.66666666666666,50.0,50.0,75.0,60.416666666666664,22
Hong Kong Cricket Club L3,60.0,60.0,60.0,50.0,57.5,19
Hong Kong Football Club L3A,80.0,40.0,20.0,25.0,41.25,19
Hong Kong Football Club L3C,0.0,16.666666666666664,66.66666666666666,16.666666666666664,24.999999999999993,24
