Team,Rubber 1 Win %,Rubber 2 Win %,Rubber 3 Win %,Rubber 4 Win %,avg_win_perc,Total Rubbers
JESSICA L4,50.0,100.0,83.33333333333334,80.0,78.33333333333334,22
JESSICA Mochis,40.0,60.0,75.0,100.0,68.75,17
Hong Kong Football Club JSA,66.66666666666666,60.0,60.0,60.0,61.666666666666664,21
The Squash Club L4,50.0,66.66666666666666,50.0,80.0,61.666666666666664,23
Squashathon Ladies,60.0,50.0,20.0,75.0,51.25,18
Hong Kong Football Club L4,28.57142857142857,14.285714285714285,66.66666666666666,50.0,39.88095238095238,26
Kwai Tsing District Squash Club L4,71.42857142857143,28.57142857142857,14.285714285714285,28.57142857142857,35.71428571428571,28
Hong Kong Cricket Club Rockettes,33.33333333333333,50.0,50.0,0.0,33.33333333333333,23
Hong Kong Cricket Club L4,50.0,40.0,40.0,0.0,32.5,20
