Team,Rubber 1 Win %,Rubber 2 Win %,Rubber 3 Win %,Rubber 4 Win %,Rubber 5 Win %,avg_win_perc,Total Rubbers
Hong Kong Football Club M3A,50.0,100.0,66.66666666666666,83.33333333333334,66.66666666666666,73.33333333333333,30
Kowloon Cricket Club M3,83.33333333333334,83.33333333333334,83.33333333333334,66.66666666666666,33.33333333333333,70.0,30
Hong Kong Cricket Club M3,50.0,50.0,83.33333333333334,83.33333333333334,60.0,65.33333333333334,29
Royal Hong Kong Yacht Club M3,83.33333333333334,33.33333333333333,50.0,50.0,66.66666666666666,56.66666666666667,30
Hong Kong Football Club M3B,66.66666666666666,66.66666666666666,33.33333333333333,50.0,50.0,53.33333333333333,30
OSF,0.0,0.0,0.0,0.0,50.0,10.0,24
Titlows Squash Master,0.0,0.0,20.0,0.0,20.0,8.0,25
