Team,Rubber 1 Win %,Rubber 2 Win %,Rubber 3 Win %,avg_win_perc,Total Rubbers
Kowloon Cricket Club 1A,57.14285714285714,71.42857142857143,66.66666666666666,65.07936507936508,20
Hong Kong Football Club 1A,71.42857142857143,42.857142857142854,57.14285714285714,57.14285714285714,21
Hong Kong Cricket Club D1,71.42857142857143,71.42857142857143,16.666666666666664,53.17460317460317,20
Hong Kong Football Club 1B,57.14285714285714,50.0,50.0,52.38095238095238,19
FWD,42.857142857142854,28.57142857142857,57.14285714285714,42.857142857142854,21
Kowloon Cricket Club 1B,0.0,33.33333333333333,50.0,27.777777777777775,17
