Team,Rubber 1 Win %,Rubber 2 Win %,Rubber 3 Win %,Rubber 4 Win %,Rubber 5 Win %,avg_win_perc,Total Rubbers
Hong Kong Football Club 13,100.0,100.0,100.0,83.33333333333334,66.66666666666666,90.0,33
Electrify Squash Div 13,30.0,80.0,77.77777777777779,57.14285714285714,71.42857142857143,63.269841269841265,43
Happy Squash 4,80.0,60.0,50.0,50.0,60.0,60.0,45
Kowloon Cricket Club 13,36.36363636363637,63.63636363636363,63.63636363636363,70.0,62.5,59.22727272727273,51
Squashathon One,33.33333333333333,41.66666666666667,70.0,60.0,70.0,55.0,54
TNG 2,54.54545454545454,40.0,37.5,42.857142857142854,50.0,44.980519480519476,40
Fusion Squash Club 3,58.333333333333336,50.0,45.45454545454545,54.54545454545454,14.285714285714285,44.523809523809526,53
Kinetic 4,40.0,0.0,0.0,25.0,20.0,17.0,41
Yuen Long District Sports Association Limited,20.0,22.22222222222222,11.11111111111111,0.0,20.0,14.666666666666666,40
