Team,Rubber 1 Win %,Rubber 2 Win %,Rubber 3 Win %,Rubber 4 Win %,Rubber 5 Win %,avg_win_perc,Total Rubbers
Kowloon Cricket Club 2,90.9090909090909,90.9090909090909,90.9090909090909,72.72727272727273,80.0,85.0909090909091,54
Hong Kong Football Club 2A,70.0,80.0,80.0,20.0,66.66666666666666,63.33333333333333,49
Hong Kong Football Club 2B,9.090909090909092,45.45454545454545,36.36363636363637,72.72727272727273,54.54545454545454,43.63636363636363,55
Hong Kong Cricket Club D2,70.0,20.0,40.0,20.0,0.0,30.0,50
Young Player 2,10.0,10.0,0.0,60.0,50.0,26.0,48
