Team,Rubber 1 Win %,Rubber 2 Win %,Rubber 3 Win %,Rubber 4 Win %,Rubber 5 Win %,avg_win_perc,Total Rubbers
Smart Squash 1,61.53846153846154,53.84615384615385,58.333333333333336,100.0,71.42857142857143,69.02930402930403,53
X-Alpha 4,60.0,100.0,55.55555555555556,42.857142857142854,40.0,59.68253968253968,41
Happy Squash 3,0.0,27.27272727272727,80.0,33.33333333333333,75.0,43.12121212121212,43
TNG 1,63.63636363636363,30.0,44.44444444444444,25.0,33.33333333333333,39.28282828282828,41
Vitality Squash 1,66.66666666666666,27.27272727272727,0.0,66.66666666666666,33.33333333333333,38.787878787878775,35
Fusion Squash Club 2,50.0,80.0,25.0,0.0,0.0,31.0,19
