Team,Rubber 1 Win %,Rubber 2 Win %,Rubber 3 Win %,Rubber 4 Win %,Rubber 5 Win %,avg_win_perc,Total Rubbers
Kowloon Cricket Club 5,100.0,80.0,80.0,80.0,100.0,88.0,24
ERROR,100.0,66.66666666666666,100.0,66.66666666666666,100.0,86.66666666666666,14
Physical Chess 1,0.0,100.0,100.0,100.0,100.0,80.0,5
Hong Kong Football Club 5,20.0,40.0,60.0,75.0,33.33333333333333,45.666666666666664,22
United Services Recreation Club 2,60.0,40.0,60.0,40.0,25.0,45.0,24
Sha Tin 2,0.0,0.0,50.0,100.0,50.0,40.0,10
Squashathon,66.66666666666666,33.33333333333333,33.33333333333333,0.0,66.66666666666666,39.99999999999999,15
NEXUS 2,0.0,50.0,100.0,0.0,0.0,30.0,8
Happy Squash 2,0.0,0.0,50.0,0.0,0.0,10.0,6
