Team,Rubber 1 Win %,Rubber 2 Win %,Rubber 3 Win %,Rubber 4 Win %,Rubber 5 Win %,avg_win_perc,Total Rubbers
X-Alpha 1,83.33333333333334,80.0,80.0,100.0,50.0,78.66666666666667,22
Kowloon Cricket Club 3B,60.0,50.0,70.0,80.0,50.0,62.0,46
Hong Kong Football Club 3A,50.0,37.5,87.5,57.14285714285714,50.0,56.42857142857142,37
Happy Squash 1,80.0,100.0,40.0,60.0,0.0,56.0,24
Kowloon Cricket Club 3A,71.42857142857143,28.57142857142857,71.42857142857143,66.66666666666666,33.33333333333333,54.28571428571429,33
NEXUS 1,66.66666666666666,66.66666666666666,33.33333333333333,33.33333333333333,50.0,49.999999999999986,20
Hong Kong Football Club 3B,50.0,50.0,33.33333333333333,50.0,0.0,36.666666666666664,27
United Services Recreation Club 1,27.27272727272727,27.27272727272727,18.181818181818183,40.0,66.66666666666666,35.878787878787875,52
