Team,Played,Won,Lost,Points,Playoffs,1,2,3,4,5,6,7,8
Ladies Recreation Club Div 14,21,15.458729364682341,5.541270635317659,81.12256128064033,99.49974987493746,83.29164582291145,12.956478239119559,2.6013006503251628,0.6503251625812907,0.400200100050025,0.10005002501250625,0.0,0.0
Kowloon Cricket Club 14,21,12.643321660830415,8.356678339169584,71.24362181090545,91.89594797398698,11.205602801400701,48.124062031015505,20.460230115057527,12.106053026513257,5.252626313156578,2.1010505252626315,0.750375187593797,0.0
Hong Kong Football Club 14A,21,10.83991995997999,10.16008004002001,65.91995997999,70.03501750875438,3.1015507753876936,16.408204102051023,27.863931965982992,22.661330665332667,15.457728864432216,10.205102551275639,4.052026013006503,0.25012506253126565
North District Sports Association 3,21,10.781390695347675,10.218609304652325,64.02151075537769,58.32916458229114,1.3006503251625814,12.456228114057028,22.761380690345174,21.810905452726363,19.759879939969984,13.206603301650826,7.85392696348174,0.8504252126063032
8 Virtues + 1,21,11.34367183591796,9.65632816408204,61.37218609304652,41.5207603801901,1.0505252626313157,6.503251625812906,14.25712856428214,19.70985492746373,21.860930465232617,21.310655327663834,13.606803401700851,1.7008504252126064
Hong Kong Football Club 14B,21,8.45422711355678,12.545772886443222,58.11105552776388,20.31015507753877,0.0,2.2011005502751377,6.003001500750376,12.106053026513257,18.859429714857427,26.513256628314156,30.81540770385193,3.5017508754377187
Electrify Squash Div 14,21,9.212106053026513,11.787893946973487,57.37768884442221,18.309154577288645,0.05002501250625312,1.3506753376688343,6.053026513256628,10.855427713856928,17.958979489744873,24.862431215607803,34.06703351675838,4.8024012006003005
X-Alpha 6,21,5.2666333166583295,15.733366683341671,43.83141570785393,0.10005002501250625,0.0,0.0,0.0,0.10005002501250625,0.4502251125562781,1.7008504252126064,8.854427213606805,88.8944472236118
