Team,Played,Won,Lost,Points,Playoffs,1,2,3,4,5,6,7,8,9
Young Player 3,16,12.312625250501002,3.687374749498998,65.8056112224449,99.79959919839678,64.12825651302605,24.04809619238477,8.817635270541082,2.80561122244489,0.2004008016032064,0.0,0.0,0.0,0.0
Hong Kong Football Club 3A,16,11.905811623246493,4.094188376753507,61.30260521042084,98.39679358717434,23.847695390781563,36.47294589178357,26.65330661322645,11.422845691382765,1.002004008016032,0.6012024048096193,0.0,0.0,0.0
Kowloon Cricket Club 3A,16,10.332665330661323,5.667334669338677,57.97394789579158,93.98797595190382,8.216432865731463,21.8436873747495,35.07014028056113,28.857715430861724,5.01002004008016,0.8016032064128256,0.2004008016032064,0.0,0.0
Kowloon Cricket Club 3B,16,10.328657314629258,5.671342685370742,55.91382765531062,88.57715430861722,3.807615230460922,17.234468937875754,25.851703406813627,41.68336673346693,9.01803607214429,2.2044088176352705,0.2004008016032064,0.0,0.0
Happy Squash 1,16,7.533066132264529,8.46693386773547,46.20040080160321,15.230460921843688,0.0,0.4008016032064128,3.6072144288577155,11.22244488977956,48.09619238476954,23.246492985971944,11.422845691382765,1.8036072144288577,0.2004008016032064
TNGX,16,6.3146292585170345,9.685370741482966,41.78356713426854,2.004008016032064,0.0,0.0,0.0,2.004008016032064,20.240480961923847,37.07414829659319,34.66933867735471,4.408817635270541,1.6032064128256511
NEXUS 1,16,5.939879759519038,10.060120240480963,40.70941883767535,2.004008016032064,0.0,0.0,0.0,2.004008016032064,14.629258517034069,31.062124248496993,38.07615230460922,11.823647294589177,2.404809619238477
Hong Kong Football Club 3B,16,4.012024048096192,11.987975951903808,32.54909819639279,0.0,0.0,0.0,0.0,0.0,1.402805611222445,3.807615230460922,11.823647294589177,54.30861723446894,28.65731462925852
Sha Tin 1,16,3.32064128256513,12.67935871743487,28.761523046092183,0.0,0.0,0.0,0.0,0.0,0.4008016032064128,1.2024048096192386,3.6072144288577155,27.655310621242485,67.13426853707415
