Team,Played,Won,Lost,Points,Playoffs,1,2,3,4,5,6,7,8
X-Alpha 1,21,16.81362725450902,4.186372745490982,90.70140280561122,100.0,89.97995991983969,9.218436873747494,0.6012024048096193,0.2004008016032064,0.0,0.0,0.0,0.0
Kowloon Cricket Club 4,21,14.561122244488978,6.438877755511022,78.83967935871743,97.59519038076151,9.218436873747494,67.73547094188376,15.230460921843688,5.410821643286573,2.2044088176352705,0.2004008016032064,0.0,0.0
Hong Kong Football Club 4A,21,11.49498997995992,9.50501002004008,69.0120240480962,66.93386773547094,0.2004008016032064,8.617234468937877,30.060120240480963,28.0561122244489,26.452905811623246,6.212424849699398,0.4008016032064128,0.0
United Services Recreation Club 1,21,11.170340681362726,9.829659318637274,68.73547094188376,66.93386773547094,0.2004008016032064,8.216432865731463,29.859719438877757,28.65731462925852,26.853707414829657,5.61122244488978,0.6012024048096193,0.0
Hong Kong Football Club 4B,21,12.098196392785571,8.901803607214429,67.62725450901803,64.92985971943888,0.4008016032064128,6.012024048096192,24.04809619238477,34.46893787575151,29.058116232464933,4.609218436873747,1.402805611222445,0.0
Hong Kong Cricket Club 3,21,8.591182364729459,12.408817635270541,54.66733466933868,3.2064128256513027,0.0,0.2004008016032064,0.2004008016032064,2.80561122244489,12.224448897795591,53.90781563126252,30.66132264529058,0.0
NEXUS 2,21,7.104208416833667,13.895791583166332,51.014028056112224,0.4008016032064128,0.0,0.0,0.0,0.4008016032064128,3.2064128256513023,29.458917835671343,66.93386773547094,0.0
Sha Tin 2,21,2.1663326653306614,18.83366733466934,23.402805611222444,0.0,0.0,0.0,0.0,0.0,0.0,0.0,0.0,100.0
