Team,Played,Won,Lost,Points,Playoffs,1,2,3,4,5,6,7,8,9
Sha Tin 3,16,12.645290581162325,3.3547094188376754,68.95190380761522,99.99999999999999,77.15430861723446,16.03206412825651,6.212424849699398,0.6012024048096193,0.0,0.0,0.0,0.0,0.0
Hong Kong Football Club 8,16,11.781563126252504,4.218436873747495,61.80360721442886,99.39879759519039,14.428857715430862,48.09619238476954,30.060120240480963,6.813627254509018,0.6012024048096193,0.0,0.0,0.0,0.0
Ladies Recreation Club Div 8,16,11.450901803607215,4.5490981963927855,59.40280561122245,98.99799599198397,8.016032064128256,32.26452905811623,50.1002004008016,8.617234468937877,1.002004008016032,0.0,0.0,0.0,0.0
Physical Chess 3,16,8.733466933867735,7.266533066132265,51.03807615230461,80.9619238476954,0.4008016032064128,3.2064128256513023,12.224448897795591,65.13026052104209,12.424849699398797,4.809619238476954,1.6032064128256511,0.0,0.2004008016032064
TOMCAT,16,6.198396793587174,9.801603206412825,41.80561122244489,7.81563126252505,0.0,0.2004008016032064,0.4008016032064128,7.214428857715431,29.258517034068138,25.851703406813627,21.04208416833667,12.625250501002002,3.406813627254509
Squashathon Zero,16,6.186372745490982,9.813627254509019,41.76753507014028,8.416833667334668,0.0,0.0,0.4008016032064128,8.016032064128256,31.262525050100198,26.65330661322645,17.835671342685373,11.823647294589177,4.008016032064128
Striving Squash,16,5.44689378757515,10.55310621242485,38.21643286573146,3.406813627254509,0.0,0.2004008016032064,0.6012024048096193,2.6052104208416833,12.825651302605209,17.43486973947896,25.0501002004008,27.85571142284569,13.426853707414828
i-Mask Advance Squash Club 2,16,5.124248496993988,10.875751503006011,37.59118236472946,0.8016032064128256,0.0,0.0,0.0,0.8016032064128256,11.22244488977956,20.440881763527056,25.651302605210418,28.65731462925852,13.226452905811623
Kinetic 2,16,4.432865731462925,11.567134268537075,31.422845691382765,0.2004008016032064,0.0,0.0,0.0,0.2004008016032064,1.402805611222445,4.809619238476954,8.817635270541082,19.03807615230461,65.7314629258517
