Team,Played,Won,Lost,Points,Playoffs,1,2,3,4,5,6,7,8,9
Sha Tin 3,16,12.602602602602602,3.3973973973973974,68.98198198198199,100.0,73.47347347347348,19.01901901901902,7.207207207207207,0.3003003003003003,0.0,0.0,0.0,0.0,0.0
Hong Kong Football Club 8,16,11.766766766766768,4.233233233233233,61.67467467467468,99.7997997997998,17.117117117117118,46.646646646646644,29.32932932932933,6.706706706706707,0.20020020020020018,0.0,0.0,0.0,0.0
Ladies Recreation Club Div 8,16,11.433433433433432,4.566566566566567,59.351351351351354,98.7987987987988,9.30930930930931,32.13213213213213,46.646646646646644,10.71071071071071,1.1011011011011012,0.10010010010010009,0.0,0.0,0.0
Physical Chess 3,16,8.824824824824825,7.175175175175175,51.28028028028028,81.98198198198199,0.10010010010010009,2.1021021021021022,15.215215215215217,64.56456456456456,13.413413413413414,3.8038038038038042,0.7007007007007007,0.10010010010010009,0.0
TOMCAT,16,6.287287287287287,9.712712712712712,42.168168168168165,8.608608608608607,0.0,0.10010010010010009,0.6006006006006006,7.907907907907907,32.13213213213213,27.027027027027028,17.217217217217218,10.91091091091091,4.1041041041041035
Squashathon Zero,16,6.085085085085085,9.914914914914915,41.5005005005005,7.207207207207206,0.0,0.0,0.8008008008008007,6.406406406406406,28.32832832832833,26.626626626626624,20.52052052052052,13.613613613613614,3.7037037037037033
Striving Squash,16,5.448448448448448,10.551551551551551,38.088088088088085,1.8018018018018016,0.0,0.0,0.20020020020020018,1.6016016016016015,12.812812812812812,18.91891891891892,26.126126126126124,26.626626626626624,13.713713713713712
i-Mask Advance Squash Club 2,16,5.191191191191191,10.80880880880881,37.93793793793794,1.8018018018018018,0.0,0.0,0.0,1.8018018018018018,10.61061061061061,20.62062062062062,27.32732732732733,28.82882882882883,10.81081081081081
Kinetic 2,16,4.36036036036036,11.63963963963964,31.017017017017018,0.0,0.0,0.0,0.0,0.0,1.4014014014014013,2.902902902902903,8.108108108108109,19.91991991991992,67.66766766766766
