Team,Played,Won,Lost,Points,Playoffs,1,2,3,4,5,6,7,8
Dynamos Squash,21,16.625250501002004,4.374749498997996,90.86172344689379,100.0,92.78557114228457,6.813627254509018,0.4008016032064128,0.0,0.0,0.0,0.0,0.0
Fusion Squash Club 1,21,15.02805611222445,5.971943887775551,76.74749498997997,99.19839679358716,6.613226452905812,76.15230460921843,11.823647294589177,4.609218436873747,0.2004008016032064,0.4008016032064128,0.2004008016032064,0.0
X-Alpha 4,21,11.394789579158317,9.605210420841683,65.50901803607215,76.95390781563125,0.4008016032064128,10.02004008016032,39.478957915831664,27.054108216432866,12.825651302605209,8.617234468937877,1.6032064128256511,0.0
MERCURY,21,11.280561122244489,9.719438877755511,63.8436873747495,64.52905811623248,0.2004008016032064,5.61122244488978,29.859719438877757,28.857715430861724,22.044088176352705,10.220440881763528,2.80561122244489,0.4008016032064128
Vitality Squash 2,21,8.422845691382765,12.577154308617235,59.61923847695391,37.07414829659319,0.0,1.402805611222445,11.823647294589177,23.847695390781563,31.062124248496993,19.839679358717436,10.62124248496994,1.402805611222445
NEXUS 3,21,8.170340681362726,12.829659318637274,55.653306613226455,18.837675350701403,0.0,0.0,5.210420841683367,13.627254509018035,24.248496993987974,32.86573146292585,18.637274549098194,5.410821643286573
Happy Squash 3,21,7.394789579158316,13.605210420841683,49.28657314629258,3.2064128256513027,0.0,0.0,1.402805611222445,1.8036072144288577,8.817635270541082,23.04609218436874,44.08817635270541,20.841683366733466
LONGVIEW,21,5.683366733466934,15.316633266533065,42.478957915831664,0.2004008016032064,0.0,0.0,0.0,0.2004008016032064,0.8016032064128256,5.01002004008016,22.044088176352705,71.9438877755511
