Team,Played,Won,Lost,Points,Playoffs,1,2,3,4,5,6
i-Mask Advance Squash Club L3,20,11.957957957957959,8.042042042042041,45.912912912912915,95.49549549549549,44.34434434434434,26.426426426426424,15.515515515515515,9.20920920920921,3.8038038038038042,0.7007007007007007
Hong Kong Football Club L3B,20,11.11111111111111,8.88888888888889,42.38838838838839,84.78478478478478,20.72072072072072,24.324324324324326,21.22122122122122,18.51851851851852,11.711711711711711,3.5035035035035036
Hong Kong Cricket Club Rockettes,20,10.35135135135135,9.64864864864865,41.993993993993996,84.18418418418418,17.61761761761762,19.71971971971972,25.125125125125123,21.72172172172172,10.91091091091091,4.904904904904905
Hong Kong Football Club L3C,20,10.352352352352352,9.647647647647648,41.05505505505506,76.87687687687688,13.413413413413414,21.02102102102102,19.71971971971972,22.722722722722725,17.117117117117118,6.006006006006006
JESSICA L3,20,8.741741741741741,11.258258258258259,37.16216216216216,43.74374374374374,3.8038038038038042,6.606606606606606,14.314314314314313,19.01901901901902,36.93693693693694,19.31931931931932
Hong Kong Football Club L3A,20,7.485485485485485,12.514514514514515,31.48748748748749,14.914914914914915,0.10010010010010009,1.9019019019019021,4.1041041041041035,8.80880880880881,19.51951951951952,65.56556556556556
