Team,Rubber 1 Win %,Rubber 2 Win %,Rubber 3 Win %,Rubber 4 Win %,Rubber 5 Win %,avg_win_perc,Total Rubbers
X-Alpha 1,100.0,100.0,40.0,100.0,60.0,80.0,25
Kowloon Cricket Club 4,80.0,80.0,100.0,60.0,60.0,76.0,25
Hong Kong Football Club 4A,16.666666666666664,66.66666666666666,50.0,66.66666666666666,80.0,56.0,29
United Services Recreation Club 1,80.0,60.0,80.0,25.0,25.0,54.0,23
Hong Kong Football Club 4B,25.0,0.0,100.0,50.0,50.0,45.0,20
Sha Tin 2,0.0,0.0,33.33333333333333,33.33333333333333,50.0,23.333333333333332,14
Hong Kong Cricket Club 3,20.0,0.0,40.0,20.0,20.0,20.0,25
NEXUS 2,75.0,25.0,0.0,0.0,0.0,20.0,19
