Team,Rubber 1 Win %,Rubber 2 Win %,Rubber 3 Win %,Rubber 4 Win %,Rubber 5 Win %,avg_win_perc,Total Rubbers
Dynamos Squash,100.0,100.0,100.0,50.0,100.0,90.0,21
NEXUS 3,60.0,100.0,50.0,66.66666666666666,50.0,65.33333333333333,18
Fusion Squash Club 1,40.0,20.0,80.0,60.0,100.0,60.0,24
Vitality Squash 2,50.0,50.0,0.0,100.0,100.0,60.0,8
X-Alpha 4,60.0,40.0,75.0,50.0,50.0,55.0,20
MERCURY,50.0,0.0,50.0,50.0,100.0,50.0,9
Happy Squash 3,83.33333333333334,66.66666666666666,33.33333333333333,0.0,25.0,41.666666666666664,28
LONGVIEW,16.666666666666664,16.666666666666664,50.0,16.666666666666664,0.0,20.0,29
