Team,Rubber 1 Win %,Rubber 2 Win %,Rubber 3 Win %,Rubber 4 Win %,Rubber 5 Win %,avg_win_perc
TOMCAT,-100.0,0.0,0.0,100.0,100.0,20.0
i-Mask Advance Squash Club 2,16.666666666666657,33.33333333333333,16.666666666666657,33.33333333333333,0.0,19.999999999999986
Striving Squash,33.33333333333334,16.66666666666667,0.0,16.66666666666667,0.0,13.333333333333336
Kinetic 2,0.0,0.0,50.0,50.0,-50.0,10.0
Hong Kong Football Club 8,16.666666666666657,-66.66666666666667,50.0,0.0,-50.0,-10.0
Squashathon Zero,0.0,-50.0,-50.0,100.0,-100.0,-20.0
Ladies Recreation Club Div 8,-50.0,0.0,0.0,-50.0,-50.0,-30.0
