Team,Rubber 1 Win %,Rubber 2 Win %,Rubber 3 Win %,Rubber 4 Win %,Rubber 5 Win %,avg_win_perc,Total Rubbers
X-Alpha 1,100.0,100.0,57.14285714285714,85.71428571428571,57.14285714285714,80.0,35
Hong Kong Football Club 4B,37.5,37.5,87.5,71.42857142857143,71.42857142857143,61.07142857142858,38
Hong Kong Football Club 4A,30.0,80.0,50.0,66.66666666666666,75.0,60.33333333333333,47
Kowloon Cricket Club 4,54.54545454545454,45.45454545454545,63.63636363636363,63.63636363636363,72.72727272727273,60.0,55
United Services Recreation Club 1,70.0,50.0,80.0,37.5,16.666666666666664,50.83333333333333,44
Hong Kong Cricket Club 3,22.22222222222222,11.11111111111111,44.44444444444444,33.33333333333333,25.0,27.222222222222218,44
Sha Tin 2,16.666666666666664,16.666666666666664,16.666666666666664,33.33333333333333,50.0,26.666666666666664,28
NEXUS 2,71.42857142857143,28.57142857142857,0.0,0.0,0.0,20.0,34
