Team,Rubber 1 Win %,Rubber 2 Win %,Rubber 3 Win %,Rubber 4 Win %,avg_win_perc,Total Rubbers
Hong Kong Football Club 2A,100.0,100.0,100.0,25.0,81.25,16
Kowloon Cricket Club 2,85.71428571428571,85.71428571428571,71.42857142857143,66.66666666666666,77.38095238095238,27
Hong Kong Football Club 2B,50.0,50.0,75.0,75.0,62.5,16
Young Player 2,20.0,0.0,40.0,20.0,20.0,20
Hong Kong Cricket Club 2,40.0,20.0,0.0,20.0,20.0,20
