Team,Rubber 1 Win %,Rubber 2 Win %,Rubber 3 Win %,Rubber 4 Win %,Rubber 5 Win %,avg_win_perc,Total Rubbers
Kowloon Cricket Club 5,88.88888888888889,88.88888888888889,77.77777777777779,85.71428571428571,83.33333333333334,84.92063492063491,40
ERROR,88.88888888888889,66.66666666666666,77.77777777777779,62.5,62.5,71.66666666666666,43
Physical Chess 1,77.77777777777779,55.55555555555556,77.77777777777779,42.857142857142854,28.57142857142857,56.50793650793652,41
Hong Kong Football Club 5,11.11111111111111,66.66666666666666,50.0,85.71428571428571,60.0,54.698412698412696,38
Squashathon,44.44444444444444,44.44444444444444,44.44444444444444,44.44444444444444,62.5,48.05555555555556,44
United Services Recreation Club 2,62.5,42.857142857142854,57.14285714285714,28.57142857142857,33.33333333333333,44.88095238095237,35
Sha Tin 2,33.33333333333333,33.33333333333333,25.0,42.857142857142854,33.33333333333333,33.57142857142857,39
Happy Squash 2,44.44444444444444,22.22222222222222,11.11111111111111,16.666666666666664,50.0,28.888888888888886,37
NEXUS 2,0.0,25.0,25.0,25.0,0.0,15.0,31
