Team,Rubber 1 Win %,Rubber 2 Win %,Rubber 3 Win %,Rubber 4 Win %,avg_win_perc,Total Rubbers
Kowloon Cricket Club L2B,42.857142857142854,71.42857142857143,71.42857142857143,100.0,71.42857142857143,26
Hong Kong Football Club L2B,50.0,85.71428571428571,71.42857142857143,66.66666666666666,68.45238095238096,28
Kowloon Cricket Club L2A,50.0,60.0,40.0,33.33333333333333,45.83333333333333,21
Hong Kong Cricket Club L2,50.0,14.285714285714285,28.57142857142857,33.33333333333333,31.547619047619044,28
Hong Kong Football Club L2A,57.14285714285714,16.666666666666664,33.33333333333333,16.666666666666664,30.95238095238095,25
