Team,Rubber 1 Win %,Rubber 2 Win %,Rubber 3 Win %,Rubber 4 Win %,avg_win_perc,Total Rubbers
JESSICA L3,25.0,87.5,62.5,87.5,65.625,32
Hong Kong Football Club L3B,75.0,50.0,50.0,50.0,56.25,30
Hong Kong Cricket Club L3,50.0,37.5,50.0,71.42857142857143,52.23214285714286,31
Hong Kong Football Club L3A,87.5,50.0,37.5,16.666666666666664,47.916666666666664,30
Hong Kong Football Club L3C,12.5,25.0,50.0,14.285714285714285,25.44642857142857,31
