Team,Played,Won,Lost,Points,Playoffs,1,2,3,4,5
Kowloon Cricket Club L1A,8,5.3900780156031205,2.6099219843968795,21.19623924784957,100.0,49.369873974794956,26.385277055411084,23.464692938587717,0.7801560312062412,0.0
Kowloon Cricket Club L1B,8,5.575915183036607,2.4240848169633926,20.216443288657732,100.0,35.30706141228246,46.389277855571116,18.30366073214643,0.0,0.0
JESSICA L1,8,4.528505701140228,3.471494298859772,19.089417883576715,100.0,15.323064612922584,27.225445089017803,50.03000600120024,7.421484296859372,0.0
Hong Kong Football Club L1,8,4.424084816963393,3.5759151830366074,15.783556711342268,99.99999999999999,0.0,0.0,8.201640328065613,91.79835967193438,0.0
Hong Kong Cricket Club L1,8,0.08141628325665133,7.918583716743349,3.7143428685737145,0.0,0.0,0.0,0.0,0.0,100.0
