Team,Rubber 1 Win %,Rubber 2 Win %,Rubber 3 Win %,Rubber 4 Win %,Rubber 5 Win %,avg_win_perc,Total Rubbers
Hong Kong Football Club M3A,66.66666666666666,100.0,100.0,100.0,100.0,93.33333333333333,15
Kowloon Cricket Club M3,100.0,66.66666666666666,100.0,66.66666666666666,66.66666666666666,79.99999999999997,15
Hong Kong Football Club M3B,75.0,100.0,25.0,50.0,50.0,60.0,20
Hong Kong Cricket Club M3,66.66666666666666,33.33333333333333,66.66666666666666,66.66666666666666,66.66666666666666,59.999999999999986,15
Royal Hong Kong Yacht Club M3,100.0,0.0,0.0,0.0,0.0,20.0,5
OSF,0.0,0.0,0.0,0.0,50.0,10.0,14
