Team,Rubber 1 Win %,Rubber 2 Win %,Rubber 3 Win %,Rubber 4 Win %,Rubber 5 Win %,avg_win_perc,Total Rubbers
Hong Kong Football Club 13,100.0,100.0,100.0,100.0,100.0,100.0,11
Kowloon Cricket Club 13,0.0,50.0,100.0,100.0,100.0,70.0,9
Happy Squash 4,100.0,100.0,0.0,50.0,0.0,50.0,9
Electrify Squash Div 13,66.66666666666666,66.66666666666666,100.0,0.0,0.0,46.666666666666664,10
Squashathon One,33.33333333333333,33.33333333333333,0.0,50.0,100.0,43.33333333333333,12
TNG 2,33.33333333333333,33.33333333333333,50.0,0.0,50.0,33.33333333333333,12
Fusion Squash Club 3,50.0,0.0,50.0,50.0,0.0,30.0,10
Kinetic 4,0.0,0.0,0.0,50.0,100.0,30.0,9
Yuen Long District Sports Association Limited,50.0,50.0,50.0,0.0,0.0,30.0,8
