Team,Rubber 1 Win %,Rubber 2 Win %,Rubber 3 Win %,Rubber 4 Win %,Rubber 5 Win %,avg_win_perc,Total Rubbers
i-Mask Advance Squash Club 6,50.0,100.0,50.0,100.0,50.0,70.0,10.0
Smart Squash 2,66.66666666666666,66.66666666666666,0.0,100.0,100.0,66.66666666666666,9.0
HKIS Div 13,0.0,50.0,100.0,100.0,0.0,50.0,6.0
JSA 1,50.0,50.0,100.0,0.0,0.0,40.0,6.0
Vitality Squash 2,100.0,100.0,0.0,0.0,0.0,40.0,2.0
Smart Squash 3,0.0,0.0,100.0,0.0,50.0,30.0,10.0
Bravo D13,100.0,0.0,0.0,0.0,0.0,20.0,7.0
i-Mask Advance Squash Club 7,50.0,50.0,0.0,0.0,0.0,20.0,8.0
