Team,Rubber 1 Win %,Rubber 2 Win %,Rubber 3 Win %,Rubber 4 Win %,Rubber 5 Win %,avg_win_perc,Total Rubbers
Happy Squash 5,50.0,100.0,100.0,100.0,100.0,90.0,8
Squashathon Junior,100.0,100.0,66.66666666666666,33.33333333333333,66.66666666666666,73.33333333333333,15
TKO Junior 2,0.0,33.33333333333333,100.0,100.0,100.0,66.66666666666666,15
Dream Catchers,0.0,50.0,50.0,100.0,0.0,40.0,10
NEXUS 4,100.0,50.0,0.0,0.0,0.0,30.0,10
RC,50.0,50.0,50.0,0.0,0.0,30.0,9
Vitality Squash 3,50.0,0.0,0.0,0.0,100.0,30.0,8
Electrify Squash Div 15,50.0,0.0,0.0,50.0,0.0,20.0,9
