Team,Rubber 1 Win %,Rubber 2 Win %,Rubber 3 Win %,Rubber 4 Win %,Rubber 5 Win %,avg_win_perc,Total Rubbers
i-Mask Advance Squash Club 2,100.0,50.0,100.0,100.0,100.0,90.0,9
Physical Chess 3,33.33333333333333,100.0,66.66666666666666,66.66666666666666,100.0,73.33333333333333,15
Sha Tin 3,66.66666666666666,100.0,33.33333333333333,66.66666666666666,100.0,73.33333333333333,14
Squashathon Zero,100.0,0.0,50.0,50.0,50.0,50.0,10
Kinetic 2,33.33333333333333,33.33333333333333,33.33333333333333,66.66666666666666,0.0,33.33333333333333,14
TOMCAT,33.33333333333333,33.33333333333333,66.66666666666666,0.0,0.0,26.666666666666664,15
LONGVIEW,0.0,0.0,0.0,0.0,0.0,0.0,9
