Team,Rubber 1 Win %,Rubber 2 Win %,Rubber 3 Win %,avg_win_perc,Total Rubbers
Hong Kong Football Club L1,100.0,50.0,50.0,66.66666666666667,6
JESSICA L1,50.0,100.0,50.0,66.66666666666667,6
Kowloon Cricket Club L1A,50.0,50.0,100.0,66.66666666666667,6
Kowloon Cricket Club L1B,33.33333333333333,33.33333333333333,33.33333333333333,33.33333333333333,9
Hong Kong Cricket Club L1,0.0,0.0,0.0,0.0,3
