Team,Rubber 1 Win %,Rubber 2 Win %,Rubber 3 Win %,Rubber 4 Win %,Rubber 5 Win %,avg_win_perc,Total Rubbers
X-Alpha 1,100.0,100.0,100.0,100.0,100.0,100.0,9
NEXUS 1,0.0,100.0,100.0,100.0,100.0,80.0,5
Kowloon Cricket Club 3B,50.0,0.0,100.0,100.0,100.0,70.0,9
Kowloon Cricket Club 3A,100.0,50.0,50.0,50.0,50.0,60.0,10
Happy Squash 1,50.0,100.0,50.0,0.0,0.0,40.0,9
Hong Kong Football Club 3A,33.33333333333333,33.33333333333333,66.66666666666666,33.33333333333333,33.33333333333333,39.999999999999986,15
United Services Recreation Club 1,25.0,25.0,0.0,50.0,50.0,30.0,20
Hong Kong Football Club 3B,50.0,0.0,0.0,0.0,0.0,10.0,6
