Team,Rubber 1 Win %,Rubber 2 Win %,Rubber 3 Win %,Rubber 4 Win %,Rubber 5 Win %,avg_win_perc,Total Rubbers
Twister,50.0,100.0,100.0,100.0,100.0,90.0,10
Hong Kong Football Club 9,100.0,100.0,100.0,50.0,50.0,80.0,10
The Squash Club 2,100.0,100.0,100.0,100.0,0.0,80.0,5
Kowloon Cricket Club 9,100.0,33.33333333333333,33.33333333333333,33.33333333333333,33.33333333333333,46.66666666666665,15
The Hong Kong Jockey Club Div 9,50.0,25.0,25.0,75.0,50.0,45.0,20
Kinetic 3,0.0,50.0,50.0,0.0,100.0,40.0,10
Centre Squash,0.0,33.33333333333333,33.33333333333333,66.66666666666666,66.66666666666666,39.99999999999999,15
HKPF Squash Team,100.0,50.0,0.0,0.0,0.0,30.0,9
BOSS,0.0,0.0,0.0,33.33333333333333,50.0,16.666666666666664,14
