Team,Rubber 1 Win %,Rubber 2 Win %,Rubber 3 Win %,Rubber 4 Win %,Rubber 5 Win %,avg_win_perc,Total Rubbers
Hong Kong Football Club M4B,100.0,100.0,100.0,50.0,0.0,70.0,10
WAKO,0.0,0.0,100.0,100.0,100.0,60.0,5
Hong Kong Club Blue,25.0,25.0,50.0,100.0,100.0,60.0,20
Bolton,100.0,100.0,0.0,0.0,100.0,60.0,5
United Services Recreation Club M4,33.33333333333333,33.33333333333333,33.33333333333333,66.66666666666666,100.0,53.33333333333333,15
Kowloon Cricket Club M4,50.0,50.0,50.0,50.0,50.0,50.0,10
Hong Kong Football Club M4A,50.0,100.0,50.0,0.0,50.0,50.0,10
Royal Hong Kong Yacht Club M4,25.0,50.0,0.0,25.0,75.0,35.0,20
Hong Kong Cricket Club M4,33.33333333333333,0.0,33.33333333333333,66.66666666666666,0.0,26.666666666666664,15
