Team,Rubber 1 Win %,Rubber 2 Win %,Rubber 3 Win %,Rubber 4 Win %,Rubber 5 Win %,avg_win_perc,Total Rubbers
The Hong Kong Jockey Club Div 10,76.47058823529412,52.94117647058824,76.47058823529412,94.11764705882352,87.5,77.5,84
RELAY 1,80.0,80.0,73.33333333333333,46.666666666666664,28.57142857142857,61.71428571428571,74
United Services Recreation Club 3,37.5,56.25,68.75,66.66666666666666,73.33333333333333,60.5,78
Banbil,73.33333333333333,73.33333333333333,50.0,57.14285714285714,42.857142857142854,59.33333333333333,72
Sha Tin 4,25.0,37.5,33.33333333333333,35.714285714285715,64.28571428571429,39.166666666666664,75
Bravo D10,40.0,40.0,20.0,33.33333333333333,46.15384615384615,35.8974358974359,73
Craigengower Cricket Club,14.285714285714285,7.142857142857142,21.428571428571427,7.142857142857142,0.0,10.0,70
