Team,Rubber 1 Win %,Rubber 2 Win %,Rubber 3 Win %,Rubber 4 Win %,Rubber 5 Win %,avg_win_perc,Total Rubbers
X-Alpha 1,94.73684210526315,89.47368421052632,63.1578947368421,83.33333333333334,70.58823529411765,80.25799793601652,92
Kowloon Cricket Club 4,52.63157894736842,52.63157894736842,73.68421052631578,68.42105263157895,78.94736842105263,65.26315789473684,95
Hong Kong Football Club 4B,42.10526315789473,47.368421052631575,63.1578947368421,72.22222222222221,70.58823529411765,59.08840729274166,92
Hong Kong Football Club 4A,31.57894736842105,78.94736842105263,57.89473684210527,63.1578947368421,58.82352941176471,58.08049535603716,93
United Services Recreation Club 1,78.94736842105263,52.63157894736842,57.89473684210527,38.88888888888889,18.75,49.42251461988304,91
NEXUS 2,68.42105263157895,42.10526315789473,31.57894736842105,21.052631578947366,15.384615384615385,35.70850202429149,89
Hong Kong Cricket Club 3,22.22222222222222,27.77777777777778,38.88888888888889,27.77777777777778,33.33333333333333,30.0,87
Sha Tin 2,5.555555555555555,5.555555555555555,11.11111111111111,23.52941176470588,35.714285714285715,16.293183940242763,85
