Team,Rubber 1 Win %,Rubber 2 Win %,Rubber 3 Win %,Rubber 4 Win %,Rubber 5 Win %,avg_win_perc,Total Rubbers
Kowloon Cricket Club L2,63.1578947368421,94.73684210526315,73.68421052631578,82.35294117647058,0.0,62.78637770897833,74.0
Hong Kong Football Club L2B,57.89473684210527,73.68421052631578,73.68421052631578,70.58823529411765,0.0,55.17027863777089,74.0
JESSICA L2,94.73684210526315,61.111111111111114,70.58823529411765,35.714285714285715,0.0,52.43009484495552,69.0
Hong Kong Football Club L2C,15.789473684210526,15.789473684210526,33.33333333333333,26.666666666666668,100.0,38.315789473684205,72.0
Hong Kong Football Club L2A,57.89473684210527,22.22222222222222,38.88888888888889,64.28571428571429,0.0,36.65831244778614,69.0
Hong Kong Cricket Club L2,10.526315789473683,31.57894736842105,10.526315789473683,17.647058823529413,0.0,14.055727554179565,74.0
