Team,Rubber 1 Win %,Rubber 2 Win %,Rubber 3 Win %,Rubber 4 Win %,Rubber 5 Win %,avg_win_perc,Total Rubbers
United Services Recreation Club M3,63.1578947368421,78.94736842105263,84.21052631578947,94.73684210526315,94.73684210526315,83.15789473684211,95
Royal Hong Kong Yacht Club M3,94.44444444444444,88.88888888888889,55.55555555555556,55.55555555555556,61.111111111111114,71.11111111111111,90
Hong Kong Football Club M3A,47.368421052631575,73.68421052631578,73.68421052631578,78.94736842105263,76.47058823529412,70.03095975232198,93
Hong Kong Football Club M3B,68.42105263157895,47.368421052631575,68.42105263157895,42.10526315789473,52.63157894736842,55.789473684210535,95
Old Squash Fellows,88.88888888888889,61.111111111111114,22.22222222222222,33.33333333333333,31.25,47.36111111111111,88
Hong Kong Cricket Club M3,10.526315789473683,26.31578947368421,42.10526315789473,26.31578947368421,42.10526315789473,29.47368421052631,95
Kowloon Cricket Club M3,21.052631578947366,15.789473684210526,26.31578947368421,42.10526315789473,23.52941176470588,25.75851393188854,93
Titlows Squash Team,10.526315789473683,10.526315789473683,26.31578947368421,26.31578947368421,15.789473684210526,17.89473684210526,95
