Team,Rubber 1 Win %,Rubber 2 Win %,Rubber 3 Win %,Rubber 4 Win %,Rubber 5 Win %,avg_win_perc,Total Rubbers
SKCSC,63.1578947368421,63.1578947368421,78.94736842105263,68.42105263157895,68.42105263157895,68.42105263157895,95
Hong Kong Football Club M4A,94.44444444444444,66.66666666666666,77.77777777777779,50.0,50.0,67.77777777777777,90
United Services Recreation Club M4,44.44444444444444,33.33333333333333,61.111111111111114,100.0,83.33333333333334,64.44444444444444,90
Hong Kong Football Club M4B,77.77777777777779,55.55555555555556,55.55555555555556,50.0,38.88888888888889,55.555555555555564,90
WAKO,21.052631578947366,78.94736842105263,47.368421052631575,36.84210526315789,36.84210526315789,44.210526315789465,95
Royal Hong Kong Yacht Club M4,22.22222222222222,38.88888888888889,44.44444444444444,50.0,58.82352941176471,42.87581699346405,89
Hong Kong Club Blue,47.368421052631575,26.31578947368421,0.0,26.31578947368421,44.44444444444444,28.888888888888886,94
Bolton,31.57894736842105,36.84210526315789,36.84210526315789,21.052631578947366,17.647058823529413,28.792569659442723,93
