Team,Rubber 1 Win %,Rubber 2 Win %,Rubber 3 Win %,Rubber 4 Win %,Rubber 5 Win %,avg_win_perc,Total Rubbers
Kowloon Cricket Club 5,100.0,87.5,87.5,85.71428571428571,100.0,92.14285714285714,37
ERROR,75.0,50.0,75.0,50.0,100.0,70.0,18
Physical Chess 1,0.0,66.66666666666666,66.66666666666666,50.0,100.0,56.666666666666664,13
Hong Kong Football Club 5,37.5,62.5,57.14285714285714,80.0,33.33333333333333,54.095238095238095,31
United Services Recreation Club 2,66.66666666666666,50.0,50.0,33.33333333333333,20.0,44.0,29
Squashathon,66.66666666666666,33.33333333333333,33.33333333333333,0.0,66.66666666666666,39.99999999999999,15
NEXUS 2,0.0,50.0,100.0,0.0,0.0,30.0,8
Sha Tin 2,0.0,0.0,33.33333333333333,66.66666666666666,33.33333333333333,26.666666666666664,15
Happy Squash 2,33.33333333333333,0.0,66.66666666666666,0.0,0.0,19.999999999999996,9
