Team,Rubber 1 Win %,Rubber 2 Win %,Rubber 3 Win %,Rubber 4 Win %,Rubber 5 Win %,avg_win_perc,Total Rubbers
Kowloon Cricket Club 2,100.0,100.0,66.66666666666666,66.66666666666666,33.33333333333333,73.33333333333331,15
Hong Kong Football Club 2A,0.0,100.0,100.0,0.0,100.0,60.0,5
Hong Kong Cricket Club D2,100.0,0.0,33.33333333333333,0.0,0.0,26.666666666666664,15
Young Player 2,0.0,0.0,0.0,33.33333333333333,0.0,6.666666666666666,14
