Team,Played,Won,Lost,Points,Playoffs,1,2,3,4,5,6,7
The Hong Kong Jockey Club Div 10,18,14.977195439087819,3.0228045609121823,83.12862572514503,100.0,99.97999599919984,0.020004000800160033,0.0,0.0,0.0,0.0,0.0
Banbil,18,11.47009401880376,6.529905981196239,67.95239047809562,100.0,0.0,56.39127825565113,28.62572514502901,14.982996599319865,0.0,0.0,0.0
RELAY 1,18,11.961992398479696,6.038007601520304,65.14482896579315,100.0,0.020004000800160033,24.2248449689938,35.807161432286456,39.94798959791959,0.0,0.0,0.0
United Services Recreation Club 3,18,12.089617923584717,5.910382076415283,64.31546309261853,100.0,0.0,19.36387277455491,35.567113422684535,45.06901380276055,0.0,0.0,0.0
Sha Tin 4,18,5.344268853770754,12.655731146229247,42.54350870174035,0.0,0.0,0.0,0.0,0.0,64.11282256451291,35.8871774354871,0.0
Bravo D10,18,5.858171634326865,12.141828365673135,40.50270054010802,0.0,0.0,0.0,0.0,0.0,35.8871774354871,64.11282256451291,0.0
Craigengower Cricket Club,18,1.2986597319463893,16.70134026805361,13.412482496499301,0.0,0.0,0.0,0.0,0.0,0.0,0.0,100.0
