Team,Played,Won,Lost,Points,Playoffs,1,2,3,4,5,6,7,8,9
Sha Tin 3,16,15.008201640328066,0.9917983596719344,79.93578715743149,100.0,99.8999799959992,0.10002000400080016,0.0,0.0,0.0,0.0,0.0,0.0,0.0
Hong Kong Football Club 8,16,12.818363672734547,3.181636327265453,66.34266853370674,99.99999999999999,0.10002000400080016,92.85857171434286,7.041408281656331,0.0,0.0,0.0,0.0,0.0,0.0
Ladies Recreation Club Div 8,16,12.368073614722945,3.6319263852770556,61.35027005401081,100.0,0.0,7.041408281656331,92.95859171834367,0.0,0.0,0.0,0.0,0.0,0.0
Squashathon Zero,16,7.149829965993199,8.850170034006801,48.37687537507502,78.59571914382877,0.0,0.0,0.0,78.59571914382877,18.60372074414883,2.7805561112222446,0.020004000800160033,0.0,0.0
Striving Squash,16,7.0,9.0,46.0,20.304060812162433,0.0,0.0,0.0,20.304060812162433,76.29525905181036,3.400680136027205,0.0,0.0,0.0
Physical Chess 3,16,6.598319663932786,9.401680336067214,41.31546309261852,1.100220044008802,0.0,0.0,0.0,1.100220044008802,5.101020204040808,89.09781956391278,4.700940188037608,0.0,0.0
TOMCAT,16,5.907581516303261,10.09241848369674,34.767153430686136,0.0,0.0,0.0,0.0,0.0,0.0,4.720944188837768,94.25885177035407,1.0002000400080016,0.020004000800160033
i-Mask Advance Squash Club 2,16,1.5745149029805963,14.425485097019404,27.505701140228044,0.0,0.0,0.0,0.0,0.0,0.0,0.0,0.9201840368073614,68.79375875175035,30.28605721144229
Kinetic 2,16,3.575115023004601,12.424884976995399,25.406081216243248,0.0,0.0,0.0,0.0,0.0,0.0,0.0,0.10002000400080016,30.206041208241647,69.69393878775755
