Team,Played,Won,Lost,Points,Playoffs,1,2,3,4,5,6
Kowloon Cricket Club L2,20,17.49489897979596,2.505101020204041,77.54530906181236,100.0,97.3994798959792,2.600520104020804,0.0,0.0,0.0,0.0
Hong Kong Football Club L2B,20,15.013602720544108,4.9863972794558915,67.7239447889578,100.0,2.5805161032206443,76.43528705741149,20.984196839367875,0.0,0.0,0.0
JESSICA L2,20,11.726545309061812,8.273454690938188,64.64932986597319,100.0,0.020004000800160033,20.964192838567712,79.01580316063213,0.0,0.0,0.0
Hong Kong Football Club L2A,20,7.268253650730146,12.731746349269853,44.30886177235447,100.0,0.0,0.0,0.0,100.0,0.0,0.0
Hong Kong Cricket Club L2,20,3.8561712342468493,16.14382876575315,23.843568713742748,0.0,0.0,0.0,0.0,0.0,84.6369273854771,15.363072614522904
Hong Kong Football Club L2C,20,4.640528105621124,15.359471894378876,19.92898579715943,0.0,0.0,0.0,0.0,0.0,15.363072614522904,84.6369273854771
