Team,Played,Won,Lost,Points,Playoffs,1,2,3,4,5,6,7
JESSICA L4,18,15.754550910182036,2.2454490898179635,61.03860772154431,100.0,97.03940788157631,2.8205641128225647,0.14002800560112022,0.0,0.0,0.0,0.0
Hong Kong Cricket Club L4,18,15.141028205641128,2.8589717943588715,52.92998599719944,100.00000000000001,2.8805761152230445,76.99539907981597,20.124024804960992,0.0,0.0,0.0,0.0
Hong Kong Football Club JSA,18,12.421884376875376,5.578115623124625,49.92098419683937,100.0,0.08001600320064013,20.184036807361473,79.73594718943788,0.0,0.0,0.0,0.0
Hong Kong Football Club L4,18,6.846369273854771,11.153630726145229,29.50850170034007,91.75835167033406,0.0,0.0,0.0,91.75835167033406,8.181636327265453,0.060012002400480095,0.0
JESSICA Smashin' Mochi,18,5.125425085017003,12.874574914982997,23.83036607321464,8.201640328065613,0.0,0.0,0.0,8.201640328065613,82.99659931986398,7.961592318463692,0.8401680336067214
i-Mask Advance Squash Club L4,18,4.57251450290058,13.42748549709942,16.56091218243649,0.040008001600320066,0.0,0.0,0.0,0.040008001600320066,6.081216243248649,51.37027405481096,42.50850170034007
Electrify Squash Ladies,18,3.138227645529106,14.861772354470894,16.210642128425686,0.0,0.0,0.0,0.0,0.0,2.7405481096219244,40.608121624324866,56.651330266053215
