Team,Rubber 1 Win %,Rubber 2 Win %,Rubber 3 Win %,Rubber 4 Win %,Rubber 5 Win %,avg_win_perc,Total Rubbers
Ladies Recreation Club Div 14,76.92307692307693,91.66666666666666,75.0,40.0,66.66666666666666,70.05128205128206,56
Kowloon Cricket Club 14,78.57142857142857,69.23076923076923,50.0,80.0,30.0,61.560439560439555,59
North District Sports Association 3,57.14285714285714,71.42857142857143,53.84615384615385,50.0,40.0,54.483516483516475,63
Hong Kong Football Club 14A,35.714285714285715,53.84615384615385,41.66666666666667,50.0,62.5,48.74542124542124,57
Hong Kong Football Club 14B,78.57142857142857,35.714285714285715,50.0,66.66666666666666,0.0,46.19047619047619,46
8 Virtues + 1,30.76923076923077,25.0,33.33333333333333,66.66666666666666,71.42857142857143,45.439560439560445,50
Electrify Squash Div 14,21.428571428571427,14.285714285714285,69.23076923076923,27.27272727272727,50.0,36.44355644355644,62
X-Alpha 6,21.428571428571427,41.66666666666667,11.11111111111111,16.666666666666664,50.0,28.174603174603174,43
